order_id,product_id,add_to_cart_order,reordered
1,5077,2,0
3,8518,2,0
1,10749,6,0
1,21137,5,0
2,21903,3,0
3,24184,1,0
2,24852,1,0
1,26620,4,0
2,26620,5,1
1,27086,3,0
1,27845,1,0
3,28204,5,0
2,34126,4,0
3,43154,3,0
3,47209,4,0
2,47766,2,0
6,196,7,0
10,196,4,1
7,4605,5,0
5,5077,1,0
10,14233,1,0
6,14947,1,0
10,14947,2,1
7,16797,3,0
6,21288,6,0
6,21709,2,0
10,21709,3,1
7,24852,1,0
8,24852,2,1
9,24852,1,1
9,26209,3,0
6,26620,4,0
6,27086,5,0
7,27845,4,0
5,30489,2,0
6,30489,8,1
6,35221,3,0
5,45007,3,0
9,45007,5,1
9,47626,2,0
8,47766,1,0
7,49683,2,0
9,49683,4,1
19,196,1,0
15,5077,6,0
16,5876,5,0
16,6184,2,0
16,8518,3,0
13,12341,3,0
17,14233,5,0
13,14947,5,0
17,14947,1,1
18,14947,2,1
12,16797,1,0
12,21288,2,0
13,21288,1,1
17,21709,2,0
18,21709,1,1
15,21903,4,0
16,22935,6,0
14,24852,5,0
15,24852,2,1
13,24964,4,0
14,24964,3,1
14,26209,2,0
17,26620,4,0
15,27845,1,0
16,27845,1,1
19,27845,4,1
14,31717,7,0
16,31717,4,1
17,35221,3,0
18,35221,3,1
14,35951,6,0
15,35951,5,1
16,37710,7,0
12,39275,3,0
14,40706,1,0
12,43352,4,0
18,44632,4,0
13,46979,2,0
19,46979,3,1
14,47626,8,0
19,47626,2,1
15,47766,3,0
14,49235,4,0
22,4605,6,0
25,5876,8,0
25,6184,6,0
25,10749,2,0
23,13176,8,0
24,13176,4,1
22,14947,1,0
23,14947,2,1
22,16797,8,0
24,21137,2,0
25,21137,1,1
22,21288,5,0
23,21288,1,1
23,21709,3,0
24,21709,3,1
21,21903,3,0
23,21903,6,1
21,24852,2,0
23,24852,7,1
21,27086,5,0
22,27845,2,0
24,27845,1,1
25,30489,3,0
23,35221,4,0
25,35221,5,1
21,35951,4,0
22,39275,3,0
22,40706,7,0
25,40706,9,1
21,43154,1,0
25,43154,4,1
23,44632,5,0
25,47626,7,0
22,49683,4,0
31,196,3,0
32,5077,2,0
34,5077,2,1
35,6184,7,0
27,13176,1,0
29,13176,1,1
35,13176,5,1
31,14233,4,0
28,16797,8,0
35,16797,3,1
28,17794,2,0
31,18523,8,0
27,21137,2,0
28,21137,1,1
29,21137,2,1
30,21137,2,1
30,21288,6,0
28,21709,4,0
28,21903,5,0
30,21903,1,1
30,26620,3,0
35,26620,8,1
32,27086,3,0
33,27086,1,1
34,27086,3,1
35,27086,1,1
33,27104,2,0
32,27845,1,0
34,27845,1,1
30,28204,4,0
32,28204,4,1
28,28842,7,0
31,30489,5,0
35,30489,2,1
35,34126,6,0
35,35951,4,0
31,39275,2,0
31,40706,6,0
30,43154,5,0
33,44632,3,0
31,45007,7,0
27,47209,3,0
29,47209,3,1
28,47626,3,0
28,47766,6,0
31,49683,1,0
32,49683,5,1
37,5077,2,0
38,5876,3,0
41,5876,1,1
37,12341,5,0
40,12341,2,1
39,16797,1,0
39,21137,2,0
40,21288,1,0
37,21709,4,0
40,22935,4,0
41,22935,4,1
37,27086,3,0
41,27086,3,1
37,27845,1,0
38,27845,4,1
39,27966,3,0
37,28842,7,0
40,30489,5,0
38,34126,1,0
41,35951,5,0
39,39275,4,0
38,40706,5,0
41,40706,6,1
40,44632,3,0
37,47626,6,0
38,47626,2,1
41,49235,2,0
50,5077,2,0
48,6184,6,0
50,10749,6,0
46,13176,3,0
45,16797,1,0
47,16797,5,1
48,16797,2,1
43,18523,7,0
48,18523,8,1
49,18523,3,1
50,18523,4,1
47,21137,1,0
45,21288,2,0
48,21288,3,1
47,21903,4,0
49,24184,2,0
43,24852,3,0
47,24852,2,1
46,24964,6,0
46,26620,1,0
50,27086,3,0
48,27845,1,0
50,27845,1,1
47,28204,6,0
50,28204,5,1
43,35221,2,0
48,35221,7,1
43,35951,6,0
44,37710,4,0
46,37710,2,1
43,39275,1,0
44,39275,3,1
45,39275,3,1
48,39275,4,1
50,39275,7,1
45,43352,4,0
48,43352,5,1
49,44632,1,0
46,45007,4,0
43,47209,4,0
44,47626,1,0
43,47766,5,0
47,47766,3,1
46,49235,5,0
44,49683,2,0
53,5077,2,0
56,5077,3,1
55,8518,6,0
54,12341,6,0
55,14233,4,0
57,14233,4,1
55,16797,7,0
53,17794,4,0
54,18523,7,0
54,21288,8,0
56,21288,1,1
57,21903,5,0
55,22825,3,0
52,22935,1,0
54,22935,3,1
52,24964,2,0
55,24964,1,1
53,27086,3,0
54,27086,1,1
56,27086,4,1
54,27104,2,0
53,27845,1,0
54,27845,4,1
55,27845,2,1
56,27845,2,1
53,27966,5,0
55,27966,5,1
57,31717,1,0
57,35221,6,0
57,43154,2,0
52,45007,3,0
54,47626,5,0
57,47766,3,0
52,49683,4,0
61,5876,6,0
59,16797,1,0
61,16797,2,1
59,21137,2,0
61,21288,3,0
60,21903,3,0
60,24852,1,0
61,27845,1,0
59,27966,3,0
59,39275,4,0
61,39275,4,1
61,43352,5,0
60,47766,2,0
63,5077,2,0
63,6184,5,0
65,8518,1,0
64,14947,3,0
65,14947,2,1
64,18523,4,0
65,21288,4,0
64,21709,8,0
63,27086,3,0
64,27086,1,1
63,27845,1,0
64,27966,6,0
64,28204,2,0
64,30489,7,0
64,45007,5,0
65,47209,5,0
65,47626,3,0
63,47766,4,0
67,6184,4,0
67,13176,1,0
69,14233,1,0
67,14947,5,0
68,14947,2,1
69,14947,2,1
67,21137,2,0
68,21709,1,0
69,21709,3,1
70,21903,3,0
70,24852,1,0
68,35221,3,0
68,44632,4,0
67,47209,3,0
69,47209,4,1
70,47766,2,0
76,12341,8,0
73,14233,1,0
73,14947,2,0
72,16797,1,0
75,16797,1,1
76,17794,6,0
72,21137,2,0
75,21288,2,0
76,21288,1,1
73,21709,3,0
74,21709,1,1
74,21903,4,0
76,21903,4,1
75,22935,5,0
74,24852,2,0
76,24852,2,1
72,27966,3,0
76,35221,7,0
72,39275,4,0
75,39275,3,1
75,43352,4,0
72,47626,5,0
76,47626,5,1
74,47766,3,0
76,47766,3,1
79,16797,2,0
79,21288,3,0
80,21288,1,1
78,24852,1,0
80,24852,4,1
78,26209,3,0
79,26209,6,1
80,26209,3,1
79,27845,1,0
79,28842,8,0
79,31717,9,0
79,39275,4,0
79,43352,5,0
80,46979,5,0
80,47209,2,0
78,47626,2,0
79,47626,7,1
86,4605,5,0
85,5876,3,0
87,10749,4,0
85,14233,1,0
82,14947,1,0
86,21288,7,0
82,21709,2,0
87,21709,2,1
82,21903,5,0
88,21903,3,1
89,21903,3,1
83,22935,1,0
87,22935,3,1
89,22935,4,1
86,24852,2,0
88,24852,1,1
89,24852,1,1
83,24964,2,0
84,24964,1,1
86,24964,3,1
89,24964,7,1
86,26209,6,0
87,26209,1,1
84,26620,3,0
89,26620,5,1
84,28204,5,0
86,30489,4,0
84,31717,6,0
82,35221,3,0
84,35951,4,0
85,39275,5,0
88,39275,5,1
85,39928,4,0
85,43352,2,0
87,43352,6,1
82,44632,4,0
86,44632,1,1
88,44632,4,1
83,45007,3,0
89,45007,6,1
84,47766,2,0
88,47766,2,1
89,47766,2,1
83,49683,4,0
87,49683,5,1
93,13176,3,0
92,14233,4,0
91,14947,1,0
91,21709,2,0
92,21709,1,1
94,24852,1,0
91,26209,5,0
94,26209,3,1
94,27086,4,0
92,27845,3,0
93,28204,1,0
91,31717,6,0
91,35221,3,0
92,43352,5,0
91,44632,4,0
94,47626,2,0
92,47766,2,0
93,49683,2,0
97,5077,6,0
103,5077,3,1
96,5876,2,0
96,6184,1,0
103,6184,5,1
102,13176,6,0
100,14947,1,0
101,14947,3,1
97,16797,5,0
99,16797,1,1
101,16797,2,1
102,16797,2,1
99,21137,2,0
102,21137,3,1
103,21137,1,1
98,21288,2,0
100,21709,2,0
101,21709,1,1
102,21709,1,1
97,21903,4,0
97,24852,1,0
98,24852,3,1
97,26209,3,0
98,26209,5,1
103,27086,4,0
98,27845,1,0
103,27845,2,1
99,27966,3,0
102,27966,4,1
100,35221,3,0
99,35951,5,0
99,39275,4,0
102,39275,5,1
97,40706,7,0
100,44632,4,0
96,45007,4,0
101,47209,4,0
97,47626,2,0
98,47626,4,1
96,49683,3,0
112,5077,2,0
108,6184,1,0
110,13176,1,0
107,14233,5,0
106,14947,4,0
107,16797,4,0
110,21137,2,0
107,21709,2,0
109,21709,6,1
111,21709,1,1
106,21903,3,0
109,22935,1,0
106,24852,1,0
109,24964,2,0
107,26209,6,0
112,27086,3,0
105,27845,2,0
107,27845,1,1
109,27845,5,1
112,27845,1,1
105,34126,5,0
107,34126,8,1
105,35221,4,0
107,35951,7,0
108,35951,2,1
107,39275,3,0
105,45007,1,0
109,45007,3,1
111,45007,3,1
110,47209,3,0
106,47766,2,0
105,49683,3,0
109,49683,4,1
111,49683,2,1
115,4605,4,0
116,5077,3,0
117,5876,5,0
117,8518,6,0
117,10749,1,0
116,12341,8,0
115,13176,8,0
119,13176,1,1
116,14233,6,0
114,14947,1,0
118,14947,1,1
120,17794,3,0
115,21137,2,0
116,21137,1,1
119,21137,3,1
120,21137,1,1
114,21709,2,0
115,21709,1,1
118,21709,2,1
120,21709,2,1
116,27086,4,0
115,27845,6,0
116,27845,2,1
118,27845,5,1
117,28842,3,0
120,28842,4,1
118,34126,6,0
114,35221,3,0
115,35221,5,1
118,35221,3,1
117,35951,2,0
117,37710,4,0
114,44632,4,0
115,44632,3,1
118,44632,4,1
116,46979,7,0
116,47766,5,0
119,47766,2,1
115,49683,7,0
122,14233,4,0
125,16797,5,0
124,17794,2,0
123,21709,5,0
122,21903,3,0
123,21903,3,1
125,21903,2,1
125,22825,3,0
123,22935,6,0
124,24184,6,0
122,24852,1,0
123,24852,1,1
124,24964,4,0
125,24964,6,1
123,26620,7,0
124,27845,1,0
125,27966,1,0
124,35221,3,0
122,40706,5,0
124,44632,5,0
124,45007,7,0
123,47626,4,0
122,47766,2,0
123,47766,2,1
125,47766,4,1
124,49683,8,0
134,196,7,0
128,5876,6,0
133,13176,6,0
129,14947,1,0
133,14947,1,1
128,16797,1,0
132,16797,1,1
134,18523,8,0
134,21137,1,0
128,21288,2,0
132,21288,2,1
134,21288,6,1
129,21709,2,0
133,21709,2,1
134,21709,2,1
134,21903,5,0
130,22935,1,0
131,22935,3,1
134,24852,3,0
130,26209,3,0
133,27104,5,0
130,27845,2,0
127,27966,1,0
132,27966,5,1
127,28204,3,0
129,28204,5,1
128,34126,5,0
130,34126,5,1
129,35221,3,0
130,35221,4,1
133,35221,3,1
128,39275,3,0
129,39275,6,1
132,39275,3,1
128,43352,4,0
132,43352,4,1
129,44632,4,0
133,44632,4,1
130,45007,6,0
131,47209,1,0
127,47626,2,0
131,47766,2,0
134,47766,4,1
137,4605,5,0
136,13176,7,0
137,13176,4,1
138,14233,6,0
136,14947,1,0
137,16797,3,0
136,17794,5,0
138,21137,1,0
138,21288,2,0
136,21709,2,0
137,21709,1,1
138,21709,7,1
138,21903,5,0
138,24852,3,0
137,24964,6,0
136,26620,4,0
138,28204,8,0
136,35221,3,0
137,35221,7,1
137,35951,2,0
137,37710,8,0
136,45007,6,0
136,47626,8,0
138,47766,4,0
141,4605,4,0
140,5077,3,0
144,5077,2,1
144,6184,4,0
144,8518,6,0
143,10749,9,0
141,13176,3,0
142,13176,5,1
140,14947,2,0
145,14947,1,1
147,16797,2,0
145,17794,5,0
147,21137,3,0
141,21709,1,0
144,21709,5,1
145,21709,2,1
142,21903,3,0
146,21903,3,1
142,22935,4,0
143,22935,2,1
145,22935,6,1
141,24852,5,0
142,24852,1,1
146,24852,1,1
140,24964,1,0
143,24964,3,1
147,26209,6,0
144,27086,3,0
143,27845,1,0
144,27845,1,1
147,27845,1,1
147,27966,4,0
143,35221,7,0
145,35221,3,1
146,35221,4,1
143,39275,6,0
147,39275,5,1
141,40706,2,0
145,43352,7,0
145,44632,4,0
143,45007,4,0
143,47626,8,0
142,47766,2,0
146,47766,2,1
147,49235,7,0
143,49683,5,0
153,6184,1,0
150,13176,1,0
149,14947,1,0
151,16797,1,0
153,17794,5,0
152,18523,6,0
150,21137,2,0
151,21288,2,0
149,21709,2,0
152,21903,3,0
153,21903,3,1
152,24852,1,0
153,24964,2,0
150,26209,5,0
149,27845,5,0
151,27966,5,0
150,28842,4,0
149,35221,3,0
150,39275,7,0
151,39275,3,1
152,40706,5,0
151,43352,4,0
149,44632,4,0
150,44632,6,1
152,45007,4,0
150,47209,3,0
153,47209,4,1
152,47766,2,0
157,13176,7,0
156,14947,1,0
157,16797,2,0
155,21137,2,0
157,21137,3,1
156,21709,2,0
157,21709,1,1
155,24852,4,0
157,26209,6,0
157,27845,8,0
157,27966,4,0
155,31717,3,0
156,35221,3,0
157,39275,5,0
156,44632,4,0
155,49683,1,0
160,6184,8,0
160,12341,6,0
163,13176,7,0
160,14233,1,0
161,14947,1,0
162,14947,1,1
160,21137,2,0
162,21137,6,1
160,21709,4,0
161,21709,2,1
162,21709,2,1
159,22935,1,0
162,22935,5,1
163,22935,1,1
159,24852,5,0
159,24964,2,0
163,24964,2,1
161,26620,4,0
160,27845,5,0
161,28842,5,0
161,35221,3,0
162,35221,3,1
160,35951,3,0
161,37710,6,0
159,43154,6,0
163,43352,6,0
162,44632,4,0
159,45007,3,0
163,45007,3,1
161,47209,7,0
163,47626,5,0
160,47766,7,0
159,49683,4,0
162,49683,7,1
163,49683,4,1
167,5077,2,0
167,10749,5,0
168,10749,6,1
168,14233,8,0
165,14947,1,0
169,14947,2,1
168,16797,7,0
169,16797,8,1
166,18523,6,0
169,21288,1,0
165,21709,2,0
166,21709,1,1
169,21709,3,1
168,22935,2,0
168,24964,3,0
169,26620,5,0
167,27086,3,0
168,27086,1,1
167,27845,1,0
166,27966,3,0
165,35221,3,0
166,35221,5,1
169,35221,4,1
166,37710,2,0
167,40706,4,0
166,43154,4,0
169,43352,7,0
165,44632,4,0
168,45007,4,0
169,47766,6,0
168,49683,5,0
175,5876,5,0
173,6184,5,0
171,13176,2,0
174,13176,1,1
172,16797,3,0
175,16797,2,1
172,21137,2,0
174,21137,2,1
175,21137,1,1
172,21288,4,0
173,21288,1,1
171,22935,4,0
171,24852,5,0
171,24964,6,0
175,24964,6,1
171,26209,1,0
172,27845,1,0
173,27845,4,1
171,27966,3,0
175,27966,3,1
175,28204,7,0
173,35951,3,0
173,37710,2,0
172,39275,5,0
175,39275,4,1
175,40706,8,0
172,43352,6,0
174,47209,3,0
179,8518,8,0
177,13176,5,0
180,13176,3,1
177,14233,4,0
179,14947,2,0
180,21137,2,0
178,21288,5,0
179,21709,3,0
180,21709,1,1
177,21903,3,0
178,21903,3,1
178,24852,1,0
178,24964,4,0
177,26209,1,0
179,27104,6,0
179,27845,1,0
179,28204,9,0
179,35221,4,0
179,44632,5,0
177,46979,2,0
178,47766,2,0
179,49683,7,0
184,13176,2,0
183,14947,2,0
182,16797,1,0
184,21137,3,0
182,21288,2,0
184,21709,1,0
183,24184,3,0
182,27845,5,0
183,31717,4,0
182,39275,3,0
183,39275,1,1
182,43352,4,0
184,47209,4,0
190,5077,2,0
186,6184,5,0
187,6184,2,1
187,12341,7,0
186,13176,4,0
189,13176,1,1
188,14947,1,0
188,18523,8,0
187,21137,1,0
188,21137,6,1
189,21137,2,1
186,21709,1,0
188,21709,2,1
186,22935,2,0
187,24964,6,0
188,26209,7,0
190,27086,3,0
187,27845,8,0
190,27845,1,1
186,27966,3,0
187,28204,3,0
187,35221,9,0
188,35221,3,1
188,39275,5,0
187,40706,4,0
188,44632,4,0
189,47209,3,0
187,49683,5,0
196,196,6,0
196,10749,7,0
193,12341,6,0
195,13176,2,0
194,14947,1,0
193,16797,1,0
193,21137,2,0
195,21137,3,1
196,21137,1,1
194,21709,2,0
195,21709,1,1
192,21903,3,0
197,21903,4,1
195,22935,6,0
196,22935,2,1
192,24852,1,0
194,24852,5,1
197,24852,1,1
196,24964,3,0
195,26209,7,0
197,26209,3,1
195,27104,5,0
193,27966,3,0
194,35221,3,0
193,39275,4,0
197,39928,5,0
194,44632,4,0
196,45007,4,0
195,47209,4,0
197,47626,2,0
192,47766,2,0
193,49235,7,0
193,49683,5,0
196,49683,5,1
201,196,2,0
201,5077,3,0
204,5077,4,1
200,6184,7,0
201,12341,4,0
204,13176,1,0
202,14947,2,0
205,14947,2,1
200,16797,1,0
205,16797,7,1
200,21137,2,0
204,21137,6,1
205,21137,1,1
200,21288,6,0
201,21288,1,1
202,21709,3,0
203,21709,2,1
205,21709,3,1
203,21903,1,0
203,22825,3,0
200,26620,8,0
204,26620,2,1
205,26620,5,1
202,27086,1,0
203,27845,4,0
200,27966,3,0
204,27966,5,1
204,28842,3,0
200,35221,5,0
202,35221,4,1
205,35221,4,1
200,39275,4,0
205,39275,9,1
199,40706,3,0
202,44632,5,0
199,47209,1,0
202,47766,6,0
205,47766,8,1
199,49235,2,0
205,49235,6,1
209,5077,5,0
208,5876,2,0
208,6184,1,0
208,13176,4,0
209,17794,1,0
207,21288,2,0
208,21903,5,0
209,21903,2,1
207,24852,3,0
209,24852,4,1
207,27966,1,0
208,39275,3,0
207,40706,4,0
209,46979,3,0
212,4605,2,0
216,5077,2,0
211,5876,3,0
217,6184,3,0
211,8518,2,0
218,13176,1,0
212,14233,5,0
218,14233,5,1
212,16797,4,0
216,21137,4,0
218,21137,2,1
215,21709,5,0
213,21903,3,0
212,22825,3,0
214,22935,1,0
215,22935,1,1
213,24852,1,0
214,24964,2,0
215,24964,2,1
217,24964,4,1
218,24964,4,1
211,26209,5,0
214,27086,5,0
216,27086,3,1
217,27086,2,1
212,27845,6,0
216,27845,1,1
213,27966,4,0
217,28204,1,0
218,28842,6,0
212,31717,1,0
211,37710,4,0
211,45007,1,0
214,45007,3,1
215,45007,3,1
218,47209,3,0
211,47766,6,0
213,47766,2,1
214,49683,4,0
215,49683,4,1
218,49683,7,1
222,196,6,0
220,5876,2,0
223,8518,6,0
220,14233,1,0
222,14233,5,1
221,14947,1,0
222,14947,7,1
224,14947,2,1
225,16797,1,0
226,17794,4,0
225,21288,2,0
221,21709,2,0
222,21709,1,1
223,21709,1,1
224,21709,3,1
222,21903,4,0
223,21903,5,1
225,21903,5,1
222,24852,2,0
223,24852,2,1
226,24852,1,1
223,26209,4,0
226,26209,3,1
221,26620,4,0
224,27845,1,0
220,30489,3,0
221,30489,5,1
221,35221,3,0
224,35221,4,1
225,39275,3,0
224,43352,7,0
225,43352,4,1
224,44632,5,0
225,44632,6,1
223,47626,3,0
226,47626,2,1
222,47766,3,0
224,49683,6,0
231,6184,2,0
229,13176,6,0
230,13176,5,1
232,16797,1,0
232,21288,2,0
228,21903,3,0
232,21903,6,1
229,22825,7,0
229,22935,1,0
231,22935,1,1
228,24852,1,0
229,24964,2,0
230,27086,6,0
230,27966,3,0
230,28204,7,0
230,35221,1,0
232,39275,3,0
229,43352,5,0
232,43352,4,1
230,44632,2,0
231,44632,3,1
229,45007,3,0
230,45007,4,1
228,47766,2,0
229,49683,4,0
232,49683,5,1
236,13176,4,0
237,13176,2,1
235,14233,3,0
234,14947,1,0
235,14947,4,1
237,14947,8,1
235,18523,6,0
237,21137,1,0
238,21137,2,1
237,21288,9,0
234,21709,2,0
235,21709,2,1
236,21709,1,1
238,21709,3,1
236,24184,3,0
234,24852,5,0
237,24852,5,1
234,26620,4,0
237,26620,6,1
238,27086,4,0
237,27104,4,0
235,27845,1,0
238,27845,1,1
238,27966,6,0
234,35221,3,0
236,39928,5,0
237,43352,3,0
235,44632,5,0
236,44632,2,1
238,45007,7,0
237,47626,7,0
238,47766,5,0
240,196,7,0
240,5077,5,0
245,5876,6,0
240,6184,8,0
242,6184,3,1
241,12341,5,0
241,13176,6,0
241,14947,1,0
242,14947,5,1
241,16797,7,0
242,21137,4,0
244,21137,2,1
240,21288,6,0
241,21709,2,0
242,21709,1,1
246,21709,2,1
243,21903,4,0
240,22935,1,0
243,22935,6,1
245,22935,1,1
243,24852,1,0
240,24964,2,0
245,24964,2,1
242,26209,2,0
243,26209,3,1
244,26209,3,1
246,26209,7,1
244,27966,4,0
246,27966,4,1
241,35221,3,0
246,35221,5,1
245,37710,7,0
243,39275,5,0
246,40706,1,0
244,43154,1,0
245,43154,5,1
241,44632,4,0
240,45007,3,0
245,45007,3,1
243,47626,2,0
246,47626,3,1
241,49235,8,0
240,49683,4,0
245,49683,4,1
246,49683,6,1
249,13176,2,0
249,16797,5,0
249,21137,3,0
250,21137,1,1
250,21288,4,0
249,22825,6,0
248,22935,1,0
250,22935,5,1
249,24184,7,0
248,24964,2,0
249,28204,1,0
250,35221,2,0
249,39275,4,0
248,45007,3,0
248,46979,5,0
250,47766,3,0
248,49683,4,0
253,196,2,0
256,4605,6,0
260,4605,2,1
256,6184,5,0
253,12341,7,0
252,13176,2,0
255,13176,4,1
257,13176,6,1
259,14233,5,0
256,14947,1,0
258,16797,3,0
259,16797,7,1
253,17794,4,0
255,18523,3,0
253,21137,1,0
258,21137,2,1
258,21288,4,0
260,21288,1,1
256,21709,2,0
259,21903,3,0
252,22935,5,0
253,24852,6,0
254,24852,1,1
257,24852,5,1
259,24852,1,1
254,26209,3,0
256,26209,8,1
259,26209,6,1
255,26620,1,0
257,27845,4,0
258,27845,1,1
257,34126,3,0
256,35221,3,0
252,35951,1,0
252,39275,4,0
258,39275,5,1
257,39928,1,0
260,40706,3,0
252,43154,3,0
253,43352,3,0
255,43352,2,1
258,43352,6,1
256,44632,4,0
257,44632,2,1
252,47209,6,0
253,47209,5,1
259,47209,4,1
254,47626,2,0
256,47626,7,1
259,47766,2,0
262,16797,1,0
264,16797,1,1
262,21137,2,0
264,21137,8,1
264,21288,2,0
263,22825,2,0
264,24852,6,0
262,27966,3,0
264,27966,7,1
263,35221,3,0
262,39275,4,0
264,39275,3,1
264,43352,4,0
264,44632,5,0
263,47626,1,0
267,196,5,0
272,196,2,1
273,5876,2,0
266,6184,4,0
267,12341,7,0
268,12341,6,1
273,13176,3,0
271,14233,6,0
267,14947,1,0
269,14947,4,1
270,16797,1,0
273,16797,5,1
267,17794,8,0
271,17794,4,1
266,21137,3,0
272,21137,4,1
270,21288,2,0
271,21288,1,1
272,21288,5,1
266,21709,1,0
267,21709,2,1
268,21709,1,1
269,21903,3,0
271,22825,2,0
268,22935,2,0
273,22935,4,1
269,24852,1,0
272,24852,1,1
268,24964,3,0
267,27086,6,0
273,27845,1,0
266,27966,2,0
271,27966,3,1
267,35221,3,0
270,35221,5,1
268,35951,8,0
268,39275,7,0
270,39275,3,1
271,39928,5,0
270,43352,4,0
267,44632,4,0
272,44632,6,1
268,45007,4,0
272,46979,3,0
266,47626,5,0
268,47626,9,1
270,47626,6,1
272,47626,7,1
269,47766,2,0
268,49683,5,0
280,5077,2,0
279,5876,3,0
279,6184,1,0
280,12341,4,0
276,13176,1,0
278,14233,3,0
275,14947,1,0
276,21137,2,0
280,21288,7,0
275,21709,2,0
277,24852,3,0
279,24852,4,1
280,24852,5,1
275,26620,4,0
280,27086,3,0
278,27845,1,0
280,27845,1,1
278,28204,4,0
277,31717,2,0
277,34126,1,0
275,35221,3,0
280,35221,6,1
278,35951,5,0
276,37710,4,0
277,37710,5,1
278,39928,6,0
277,43154,4,0
276,47209,3,0
279,47209,2,1
278,49683,2,0
285,5077,5,0
287,5077,2,1
285,10749,2,0
283,21709,6,0
284,21903,3,0
282,22935,4,0
283,22935,2,1
285,22935,6,1
287,22935,6,1
282,24852,1,0
284,24852,1,1
283,24964,3,0
282,26209,3,0
285,27086,3,0
286,27086,1,1
287,27086,3,1
283,27845,1,0
287,27845,1,1
287,27966,4,0
283,31717,7,0
286,37710,2,0
285,40706,4,0
286,43154,3,0
287,43154,5,1
283,45007,4,0
284,45007,4,1
285,47209,1,0
282,47626,2,0
284,47766,2,0
283,49683,5,0
297,196,3,0
292,6184,3,0
297,6184,5,1
291,12341,5,0
294,12341,8,1
289,13176,1,0
292,13176,2,1
296,13176,3,1
291,14233,1,0
291,14947,2,0
293,14947,2,1
294,14947,2,1
295,14947,2,1
297,17794,4,0
289,21137,2,0
293,21137,1,1
295,21137,5,1
297,21137,2,1
291,21709,3,0
292,21709,1,1
293,21709,3,1
294,21709,1,1
295,21709,1,1
290,22935,3,0
296,22935,2,1
290,24184,4,0
296,24852,4,0
294,24964,7,0
295,26620,4,0
297,27104,6,0
296,27845,1,0
297,27845,1,1
290,27966,5,0
289,35221,4,0
293,35221,4,1
294,35221,3,1
295,35221,3,1
297,35951,8,0
297,37710,7,0
291,39275,4,0
290,40706,6,0
293,44632,5,0
294,44632,4,1
290,45007,1,0
292,45007,4,1
294,45007,5,1
289,47209,3,0
290,47766,2,0
293,47766,6,1
294,49235,6,0
299,5077,2,0
300,5077,2,1
299,5876,4,0
300,5876,6,1
304,12341,2,0
301,13176,4,0
304,13176,3,1
303,14947,1,0
305,16797,1,0
300,21137,5,0
301,21137,2,1
302,21137,3,1
302,21288,2,0
303,21288,6,1
305,21288,2,1
303,21709,2,0
305,21709,6,1
302,21903,5,0
302,24184,4,0
301,26209,3,0
299,27086,3,0
300,27086,3,1
301,27086,1,1
299,27845,1,0
300,27845,1,1
304,27845,5,1
304,28204,6,0
301,30489,5,0
303,30489,7,1
302,34126,7,0
305,34126,5,1
303,35221,3,0
302,35951,6,0
305,39275,3,0
302,40706,1,0
305,40706,7,1
305,43352,4,0
303,44632,4,0
303,45007,8,0
300,47209,4,0
304,47626,1,0
303,49235,5,0
304,49683,4,0
313,4605,5,0
310,5077,6,0
310,5876,8,0
310,6184,7,0
313,8518,3,0
309,10749,1,0
307,13176,4,0
308,13176,2,1
309,13176,2,1
310,14947,2,0
312,14947,1,1
309,18523,3,0
308,21137,3,0
310,21137,1,1
307,21288,5,0
311,21288,6,1
310,21709,3,0
311,21709,1,1
312,21709,2,1
313,21709,1,1
307,21903,3,0
311,21903,5,1
307,24852,1,0
311,24852,3,1
313,24964,6,0
309,26209,6,0
311,27086,2,0
307,27845,6,0
308,27845,1,1
308,27966,6,0
311,27966,8,1
311,28204,7,0
312,28204,5,1
310,35221,4,0
312,35221,3,1
309,35951,4,0
309,39928,5,0
310,44632,5,0
312,44632,4,1
308,47209,4,0
313,47209,4,1
307,47766,2,0
308,47766,7,1
311,47766,4,1
313,47766,2,1
308,49683,5,0
313,49683,7,1
315,14947,1,0
316,14947,2,1
317,14947,1,1
318,14947,3,1
319,14947,1,1
320,14947,1,1
317,16797,5,0
321,16797,6,1
316,21137,6,0
317,21137,7,1
316,21288,5,0
315,21709,2,0
316,21709,1,1
317,21709,2,1
318,21709,2,1
319,21709,2,1
320,21709,2,1
321,22935,1,0
317,24852,6,0
321,24964,2,0
321,26209,5,0
315,26620,4,0
318,26620,5,1
319,26620,4,1
319,27086,6,0
316,27845,7,0
317,27845,8,1
318,27845,1,1
315,35221,3,0
316,35221,3,1
317,35221,3,1
318,35221,4,1
319,35221,3,1
320,35221,3,1
319,39928,5,0
321,40706,7,0
316,44632,4,0
317,44632,4,1
320,44632,4,1
321,45007,3,0
321,49683,4,0
328,196,6,0
327,4605,5,0
328,4605,5,1
327,5876,3,0
328,5876,2,1
329,5876,5,1
331,10749,5,0
323,13176,1,0
326,13176,1,1
330,13176,1,1
328,14233,4,0
331,14233,3,1
324,16797,2,0
323,21137,2,0
324,21137,1,1
326,21137,2,1
327,21137,1,1
330,21137,2,1
324,21709,5,0
331,21709,4,1
325,21903,2,0
329,21903,4,1
327,22825,8,0
331,22935,2,0
328,24852,3,0
329,24852,2,1
327,24964,6,0
327,26209,4,0
328,27086,7,0
331,27104,1,0
329,27845,1,0
324,27966,3,0
327,37710,2,0
324,39275,4,0
326,39928,6,0
326,43352,5,0
326,44632,4,0
326,45007,7,0
323,47209,3,0
326,47209,3,1
330,47209,3,1
324,47766,6,0
325,47766,1,1
329,47766,3,1
327,49235,7,0
329,49235,6,1
328,49683,1,0
333,196,4,0
336,5876,6,0
338,6184,4,0
334,10749,2,0
333,13176,2,0
337,14947,1,0
337,17794,5,0
334,21137,1,0
337,21137,6,1
337,21709,2,0
335,21903,3,0
335,24852,1,0
335,24964,4,0
334,26620,3,0
337,26620,4,1
338,27086,2,0
338,27104,5,0
336,27845,1,0
338,27845,1,1
333,28204,3,0
338,28204,6,1
338,30489,3,0
337,35221,3,0
336,35951,4,0
333,39275,5,0
333,40706,6,0
336,40706,5,1
336,44632,3,0
333,47209,1,0
333,47626,7,0
334,47766,4,0
335,47766,2,1
336,49235,2,0
340,196,6,0
340,5876,5,0
340,13176,1,0
342,14233,4,0
340,21137,2,0
341,21137,1,1
343,21137,2,1
342,21709,5,0
341,21903,4,0
341,24852,2,0
340,27104,7,0
341,27845,5,0
343,34126,1,0
342,35951,2,0
343,35951,4,1
342,39275,3,0
343,40706,3,0
342,43154,1,0
340,43352,4,0
340,47209,3,0
341,47766,3,0
346,196,3,0
350,196,6,1
345,5077,2,0
350,5077,2,1
352,5077,1,1
350,13176,5,0
346,14233,5,0
347,14947,7,0
351,14947,3,1
346,16797,4,0
347,16797,2,1
352,16797,2,1
345,21137,4,0
351,21137,1,1
347,21288,1,0
348,21288,1,1
346,22935,2,0
352,22935,3,1
348,24852,2,0
349,24852,2,1
348,26209,4,0
349,26209,4,1
345,27086,3,0
350,27086,3,1
351,27086,2,1
345,27845,1,0
349,27845,1,1
350,27845,1,1
346,28842,1,0
349,30489,5,0
345,35221,5,0
347,39275,3,0
351,39275,4,1
347,43352,4,0
350,45007,4,0
351,47209,5,0
347,47626,6,0
348,47626,3,1
349,47626,3,1
347,47766,8,0
347,49235,5,0
359,196,6,0
360,4605,6,0
354,5077,2,0
356,5077,2,1
354,13176,1,0
358,14947,2,0
355,16797,4,0
355,21137,1,0
359,21137,2,1
360,21288,5,0
356,21709,5,0
358,21709,3,1
359,21709,1,1
357,21903,4,0
360,21903,3,1
354,24184,5,0
357,24852,2,0
360,24852,1,1
354,24964,4,0
357,24964,7,1
358,26620,5,0
355,27086,2,0
356,27086,3,1
357,27086,1,1
355,27104,3,0
357,27104,5,1
356,27845,1,0
357,27845,8,1
358,27845,1,1
359,27845,3,1
358,27966,6,0
356,28204,4,0
358,35221,4,0
359,35951,5,0
359,37710,4,0
357,47209,6,0
360,47626,4,0
357,47766,3,0
360,47766,2,1
354,49683,3,0
365,196,2,0
366,4605,5,0
365,5876,1,0
365,10749,5,0
366,10749,4,1
363,12341,2,0
363,14233,1,0
367,14947,1,0
365,16797,4,0
368,16797,5,1
366,17794,2,0
362,18523,3,0
364,21137,3,0
362,21288,2,0
364,21288,5,1
368,21288,3,1
367,21709,2,0
368,21709,1,1
366,21903,3,0
367,21903,7,1
362,24852,1,0
366,24964,1,0
368,24964,2,1
362,26209,4,0
367,26620,4,0
362,27086,6,0
364,27086,2,1
362,27966,5,0
366,27966,6,1
364,30489,6,0
367,35221,3,0
367,39928,6,0
364,40706,4,0
367,44632,5,0
364,47209,1,0
365,47209,3,1
368,47766,4,0
373,196,2,0
371,5077,4,0
375,5876,5,0
376,6184,4,0
370,12341,1,0
371,12341,2,1
372,14947,2,0
374,14947,1,1
375,14947,1,1
377,14947,1,1
376,16797,2,0
373,17794,5,0
371,21137,1,0
372,21137,6,1
372,21709,3,0
373,21709,1,1
374,21709,2,1
375,21709,2,1
376,21709,1,1
377,21709,2,1
374,22935,6,0
373,26209,4,0
375,26209,6,1
373,26620,6,0
372,27086,1,0
371,27845,3,0
373,28204,3,0
372,35221,4,0
374,35221,3,1
375,35221,3,1
377,35221,3,1
373,39275,7,0
376,39928,3,0
372,44632,5,0
374,44632,4,1
375,44632,4,1
377,44632,4,1
371,45007,5,0
370,47766,2,0
374,47766,5,1
384,196,5,0
382,5077,4,0
387,5077,2,1
383,12341,6,0
380,13176,5,0
381,14233,5,0
379,14947,5,0
384,14947,2,1
386,14947,1,1
383,16797,4,0
387,16797,6,1
379,21288,4,0
380,21709,1,0
385,21709,1,1
386,21709,2,1
379,21903,3,0
380,21903,4,1
385,21903,4,1
387,21903,4,1
384,22935,3,0
379,24852,1,0
380,24852,2,1
381,24852,2,1
383,24852,3,1
385,24852,2,1
381,26209,4,0
384,26620,4,0
387,27086,3,0
381,27845,1,0
384,27845,1,1
387,27845,1,1
379,27966,6,0
387,27966,5,1
383,34126,1,0
386,35221,3,0
380,40706,7,0
382,40706,3,1
386,44632,4,0
385,45007,5,0
382,47209,2,0
380,47626,6,0
381,47626,3,1
379,47766,2,0
380,47766,3,1
385,47766,3,1
383,49235,5,0
382,49683,1,0
383,49683,2,1
387,49683,7,1
390,196,5,0
390,8518,7,0
391,8518,4,1
390,14947,1,0
390,21709,2,0
390,21903,8,0
389,22935,1,0
389,24964,2,0
390,26620,4,0
389,27086,5,0
391,27966,3,0
390,35221,3,0
391,39275,1,0
389,45007,3,0
391,47766,2,0
390,49235,6,0
389,49683,4,0
398,196,7,0
399,4605,4,0
393,5077,2,0
396,5077,5,1
399,12341,6,0
399,14233,7,0
393,14947,4,0
395,14947,1,1
396,14947,2,1
397,14947,3,1
398,14947,1,1
394,16797,2,0
394,17794,3,0
398,21288,6,0
395,21709,2,0
396,21709,1,1
397,21709,1,1
398,21709,2,1
399,21709,1,1
394,26209,4,0
393,26620,7,0
396,26620,4,1
393,27086,3,0
394,27086,1,1
393,27845,1,0
398,30489,5,0
393,35221,6,0
395,35221,3,1
396,35221,3,1
398,35221,3,1
399,35221,5,1
399,35951,3,0
393,37710,5,0
394,39275,5,0
396,39928,7,0
395,44632,4,0
398,44632,4,1
397,45007,2,0
396,46979,6,0
399,46979,2,1
397,47766,4,0
405,4605,3,0
401,5077,1,0
402,5077,2,1
405,5077,2,1
408,5077,3,1
408,8518,4,0
401,10749,3,0
407,10749,4,1
406,13176,1,0
407,13176,1,1
402,14233,4,0
405,14233,4,1
402,14947,5,0
403,16797,1,0
407,16797,3,1
404,21137,7,0
406,21137,2,1
403,21288,2,0
404,21288,1,1
404,21709,5,0
403,22935,5,0
404,24852,2,0
407,24964,5,0
408,24964,2,1
401,26209,4,0
404,26209,4,1
402,27086,3,0
402,27845,1,0
405,27966,5,0
404,28204,6,0
404,34126,8,0
406,34126,5,1
405,35221,1,0
406,37710,4,0
403,39275,3,0
403,43352,4,0
408,46979,1,0
406,47209,3,0
407,47209,6,1
404,47626,3,0
401,47766,2,0
406,47766,6,1
407,49683,2,0
416,5077,3,0
413,5876,7,0
416,6184,5,0
417,8518,8,0
412,10749,1,0
410,12341,6,0
410,13176,1,0
417,13176,3,1
410,14233,5,0
412,14233,4,1
414,14947,1,0
415,14947,5,1
411,21137,1,0
418,21137,1,1
410,21288,7,0
414,21709,2,0
415,21709,1,1
416,21709,1,1
413,21903,3,0
415,21903,3,1
418,21903,3,1
417,22825,7,0
413,24184,4,0
410,24852,4,0
413,24852,1,1
412,24964,3,0
415,24964,7,1
417,24964,4,1
412,26209,5,0
416,27086,4,0
417,27086,1,1
416,27845,2,0
410,28204,8,0
413,28204,6,1
418,30489,4,0
411,31717,3,0
414,35221,3,0
413,39928,5,0
414,44632,4,0
417,45007,2,0
417,46979,5,0
410,47209,3,0
415,47209,2,1
418,47209,2,1
410,47766,2,0
412,47766,6,1
413,47766,2,1
415,47766,6,1
411,49235,2,0
417,49235,6,1
412,49683,2,0
415,49683,4,1
424,5077,4,0
425,6184,8,0
423,8518,5,0
426,10749,3,0
427,12341,3,0
421,13176,9,0
425,13176,2,1
426,14233,1,0
420,14947,1,0
424,14947,1,1
421,16797,2,0
423,16797,1,1
423,21137,2,0
424,21137,6,1
425,21137,3,1
421,21288,3,0
425,21288,5,1
420,21709,2,0
421,21709,1,1
425,21709,1,1
422,22935,4,0
425,22935,7,1
422,24852,1,0
421,24964,7,0
422,26209,3,0
420,26620,5,0
420,27104,6,0
421,27845,8,0
424,27845,2,1
420,27966,7,0
423,27966,3,1
426,28204,4,0
420,35221,3,0
423,35221,6,1
421,39275,4,0
423,39275,4,1
426,39275,2,1
427,39275,1,1
421,43352,5,0
425,43352,6,1
420,44632,4,0
421,44632,6,1
424,44632,5,1
423,45007,7,0
424,45007,3,1
425,47209,4,0
422,47626,2,0
427,47626,2,1
431,5077,2,0
432,5077,8,1
436,5876,2,0
430,6184,4,0
436,6184,4,1
433,8518,7,0
434,8518,9,1
432,13176,7,0
431,14233,4,0
432,14947,2,0
435,14947,1,1
429,16797,1,0
434,16797,2,1
429,21137,2,0
433,21137,1,1
434,21288,3,0
432,21709,3,0
433,21709,2,1
435,21709,2,1
434,21903,7,0
429,24852,6,0
431,24852,6,1
433,24852,3,1
436,24964,3,0
429,26620,8,0
435,26620,4,1
432,27845,1,0
434,27845,1,1
435,27845,6,1
429,27966,3,0
431,27966,1,1
436,27966,5,1
431,28204,5,0
429,30489,5,0
433,31717,5,0
429,34126,7,0
432,35221,4,0
434,35221,8,1
435,35221,3,1
430,35951,5,0
436,35951,1,1
432,37710,6,0
429,39275,4,0
434,39275,4,1
434,43352,5,0
430,44632,3,0
432,44632,5,1
430,45007,1,0
431,45007,3,1
433,45007,4,1
433,46979,6,0
433,47209,8,0
434,49235,6,0
435,49235,5,1
430,49683,2,0
442,5077,2,0
440,6184,5,0
440,12341,7,0
441,12341,2,1
441,14947,7,0
442,14947,3,1
441,21137,4,0
442,21137,4,1
440,21288,1,0
438,21903,2,0
440,22825,6,0
439,24852,4,0
440,24964,3,0
441,27845,1,0
442,28204,5,0
441,31717,5,0
438,34126,3,0
440,39275,2,0
441,39928,6,0
441,40706,3,0
440,43352,4,0
438,45007,1,0
439,47209,2,0
439,47626,3,0
439,47766,1,0
442,49683,1,0
446,4605,5,0
445,5077,6,0
446,5077,3,1
446,5876,6,0
447,5876,7,1
444,8518,6,0
444,13176,1,0
447,14947,2,0
444,21137,2,0
445,21137,1,1
446,21709,4,0
447,21709,3,1
447,21903,8,0
445,22935,2,0
445,24964,3,0
444,26209,5,0
447,26620,5,0
446,27086,1,0
447,27086,1,1
446,28204,7,0
447,31717,6,0
444,35221,7,0
447,35221,4,1
446,39928,8,0
444,40706,4,0
447,40706,9,1
446,44632,2,0
445,45007,4,0
444,47209,3,0
445,49683,5,0
456,196,4,0
454,4605,5,0
456,5876,3,0
449,8518,7,0
450,8518,3,1
453,8518,6,1
456,12341,2,0
452,13176,3,0
456,13176,7,1
449,14947,1,0
454,17794,3,0
450,21288,4,0
456,21288,5,1
449,21709,2,0
450,21709,1,1
453,21709,3,1
452,21903,6,0
452,24184,2,0
451,24852,1,0
455,24852,1,1
451,26209,3,0
455,26209,3,1
449,27086,6,0
453,27086,5,1
454,27104,1,0
452,27845,1,0
453,27845,1,1
456,27845,1,1
450,27966,2,0
454,28204,2,0
449,31717,5,0
449,35221,3,0
456,35951,6,0
452,37710,5,0
453,37710,4,1
452,39275,4,0
456,43154,8,0
454,43352,4,0
449,44632,4,0
453,45007,2,0
451,47626,2,0
455,47626,2,1
464,4605,1,0
463,5077,3,0
458,5876,3,0
462,5876,4,1
460,6184,7,0
461,6184,7,1
464,6184,4,1
459,8518,3,0
463,8518,6,1
460,13176,5,0
458,14233,1,0
465,14233,1,1
462,14947,3,0
465,14947,2,1
458,16797,5,0
465,16797,5,1
461,21137,2,0
459,21288,1,0
463,21709,1,0
465,21709,3,1
458,21903,2,0
459,21903,5,1
460,21903,3,1
461,21903,5,1
462,24184,2,0
460,24852,1,0
461,24852,3,1
464,24852,3,1
465,26209,6,0
460,26620,6,0
463,27086,4,0
461,27845,1,0
462,27845,1,1
463,27845,2,1
461,27966,6,0
464,27966,2,1
465,27966,4,1
459,28204,2,0
463,28204,5,1
460,35221,4,0
463,35221,7,1
462,35951,5,0
458,39275,6,0
458,40706,4,0
459,43154,6,0
459,47209,4,0
460,47766,2,0
461,47766,4,1
472,5077,4,0
474,5077,3,1
469,5876,5,0
474,5876,6,1
472,6184,6,0
472,10749,8,0
467,13176,1,0
471,13176,7,1
469,14947,1,0
470,14947,1,1
471,14947,1,1
473,14947,1,1
467,21137,2,0
468,21137,1,1
472,21137,1,1
474,21137,8,1
469,21709,2,0
470,21709,2,1
471,21709,2,1
472,21709,2,1
473,21709,2,1
474,21709,1,1
470,22825,6,0
472,22825,7,1
469,24184,7,0
468,24852,2,0
472,27086,5,0
474,27086,4,1
469,27104,6,0
474,27104,5,1
472,27845,3,0
474,27845,2,1
470,28204,7,0
469,35221,3,0
470,35221,3,1
471,35221,3,1
473,35221,3,1
469,44632,4,0
470,44632,4,1
471,44632,4,1
473,44632,4,1
470,45007,5,0
474,45007,7,1
467,47209,3,0
471,47626,6,0
468,47766,3,0
468,49235,4,0
471,49235,5,1
477,196,5,0
481,196,4,1
476,4605,5,0
478,5077,2,0
477,13176,6,0
476,14947,1,0
480,14947,2,1
482,14947,1,1
479,17794,2,0
478,21137,1,0
479,21137,4,1
480,21288,7,0
476,21709,2,0
477,21709,2,1
480,21709,3,1
482,21709,2,1
477,21903,7,0
478,24184,4,0
476,24852,7,0
479,24852,3,1
477,26209,3,0
480,26209,6,1
481,27086,5,0
477,27845,1,0
480,27845,1,1
476,35221,3,0
480,35221,4,1
482,35221,3,1
480,37710,8,0
481,37710,2,1
482,43352,5,0
476,44632,4,0
480,44632,5,1
481,44632,1,1
482,44632,4,1
477,45007,4,0
481,46979,3,0
478,47626,5,0
479,47626,1,1
476,47766,6,0
478,49683,3,0
489,5077,3,0
484,6184,4,0
485,13176,5,0
486,13176,6,1
487,13176,2,1
485,14947,1,0
487,16797,5,0
488,16797,1,1
486,21137,1,0
487,21137,3,1
488,21137,2,1
489,21137,6,1
489,21288,1,0
485,21709,2,0
486,21709,2,1
490,21903,2,0
484,24852,1,0
486,24852,4,1
484,24964,5,0
484,26209,3,0
490,26209,4,1
485,26620,4,0
489,27086,4,0
487,27845,1,0
489,27845,2,1
486,27966,3,0
488,27966,3,1
485,35221,3,0
486,35951,5,0
485,39275,6,0
488,39275,4,1
490,40706,3,0
484,44632,6,0
490,44632,1,1
487,47209,4,0
484,47626,2,0
489,47766,5,0
498,196,4,0
497,5876,5,0
493,6184,5,0
494,6184,6,1
496,6184,5,1
496,8518,6,0
498,8518,5,1
492,12341,6,0
492,13176,1,0
494,14233,4,0
495,14947,2,0
494,16797,5,0
495,16797,3,1
496,16797,1,1
496,21137,2,0
492,21903,4,0
494,21903,3,1
495,21903,5,1
498,21903,3,1
493,22935,1,0
494,24852,1,0
498,24852,1,1
493,24964,2,0
497,24964,6,1
492,27966,3,0
496,27966,3,1
497,27966,4,1
497,28842,7,0
493,34126,6,0
495,35221,6,0
492,35951,5,0
492,37710,2,0
497,37710,2,1
495,39275,4,0
496,39275,4,1
497,39928,1,0
495,40706,1,0
493,45007,3,0
494,47626,7,0
494,47766,2,0
495,47766,7,1
498,47766,2,1
493,49683,4,0
497,49683,3,1
503,5876,1,0
500,14233,2,0
503,14947,4,0
500,16797,5,0
501,16797,3,1
503,17794,3,0
502,21137,5,0
503,22935,2,0
500,24852,6,0
501,24852,4,1
502,24852,6,1
502,24964,2,0
502,26620,4,0
500,27086,3,0
501,27845,1,0
502,27845,1,1
501,44632,2,0
500,47626,4,0
500,47766,1,0
502,49235,3,0
505,6184,5,0
508,12341,3,0
506,13176,1,0
507,13176,7,1
506,14947,5,0
508,14947,2,1
510,14947,1,1
511,14947,2,1
512,14947,2,1
511,16797,8,0
507,18523,3,0
506,21137,2,0
508,21137,1,1
507,21709,1,0
509,21709,1,1
510,21709,2,1
511,21709,1,1
512,21709,1,1
505,21903,3,0
506,21903,7,1
505,22935,4,0
509,24184,4,0
505,24852,1,0
507,24852,2,1
507,26209,4,0
512,26620,4,0
506,27104,4,0
511,28204,5,0
511,31717,7,0
510,35221,3,0
511,35221,3,1
512,35221,3,1
507,35951,5,0
511,37710,6,0
509,44632,2,0
510,44632,4,1
511,44632,4,1
506,47209,3,0
509,47209,3,1
505,47766,2,0
506,47766,6,1
507,47766,6,1
515,4605,7,0
514,5077,6,0
517,14947,2,0
515,16797,2,0
516,16797,2,1
516,21137,3,0
515,21288,3,0
516,21288,1,1
517,21288,1,1
517,21709,3,0
514,22825,5,0
514,24184,4,0
515,24184,6,1
514,24852,1,0
516,24964,7,0
514,26209,3,0
515,27086,1,0
516,27966,4,0
517,35221,4,0
515,39275,4,0
516,39275,5,1
515,43352,5,0
517,44632,5,0
514,47626,2,0
516,47626,6,1
519,5077,3,0
521,5077,2,1
520,14947,2,0
524,14947,4,1
520,21288,8,0
521,21288,5,1
520,21709,3,0
523,21709,6,1
522,22935,2,0
523,22935,1,1
524,22935,5,1
524,24852,1,0
519,24964,5,0
522,24964,3,1
523,24964,2,1
521,26209,4,0
524,26209,3,1
520,27086,1,0
521,27086,3,1
522,27086,1,1
521,27845,1,0
520,27966,7,0
519,30489,1,0
523,31717,5,0
520,35221,4,0
519,39275,2,0
521,43154,6,0
520,44632,5,0
522,45007,4,0
523,45007,3,1
520,46979,6,0
519,47209,4,0
524,47626,2,0
522,49683,5,0
523,49683,4,1
528,8518,4,0
527,10749,3,0
529,10749,4,1
529,12341,3,0
530,12341,6,1
530,14233,8,0
531,14233,1,1
527,14947,7,0
529,14947,7,1
531,14947,2,1
532,14947,2,1
528,21137,2,0
530,21709,1,0
531,21709,3,1
532,21709,1,1
527,21903,2,0
532,21903,7,1
526,24852,1,0
527,24852,4,1
530,24964,4,0
526,26209,3,0
528,26209,6,1
532,26620,4,0
528,27845,1,0
529,27845,6,1
527,30489,1,0
528,30489,3,1
530,35221,7,0
532,35221,3,1
530,35951,2,0
527,39275,8,0
529,39275,1,1
530,39275,3,1
527,43154,5,0
530,43352,5,0
532,44632,5,0
527,45007,6,0
529,45007,2,1
526,47626,2,0
532,47766,6,0
529,49235,5,0
528,49683,5,0
536,14233,2,0
534,14947,1,0
535,16797,4,0
537,21137,1,0
536,21288,1,0
534,21709,2,0
535,21709,1,1
534,22825,7,0
535,24964,3,0
535,26209,6,0
534,26620,4,0
536,26620,3,1
536,27845,4,0
537,30489,4,0
534,35221,3,0
534,39275,5,0
535,39275,5,1
537,39275,3,1
537,44632,2,0
534,47209,6,0
535,47626,2,0
541,10749,7,0
542,13176,1,0
544,13176,1,1
545,13176,4,1
543,14233,3,0
545,14947,3,0
546,14947,1,1
541,16797,8,0
542,21137,2,0
544,21137,2,1
545,21137,1,1
540,21288,5,0
544,22825,7,0
539,22935,1,0
541,22935,2,1
544,22935,6,1
540,24852,1,0
545,24852,5,1
541,24964,3,0
540,26209,3,0
539,27086,3,0
541,27845,1,0
544,27845,5,1
541,27966,6,0
543,27966,2,1
539,30489,4,0
540,31717,7,0
540,35221,4,0
545,35221,2,1
540,37710,6,0
543,39275,5,0
539,40706,2,0
543,40706,1,1
542,43154,5,0
544,43154,4,1
541,45007,4,0
543,45007,4,1
542,47209,3,0
544,47209,3,1
540,47626,2,0
545,47626,6,1
546,49235,2,0
541,49683,5,0
542,49683,4,1
551,5077,8,0
549,8518,2,0
550,10749,4,0
551,13176,6,0
551,14947,1,0
548,16797,4,0
549,21288,1,0
548,21709,2,0
551,21709,2,1
548,21903,6,0
550,21903,3,1
550,24852,1,0
548,26209,1,0
551,26209,5,1
551,26620,4,0
550,27966,5,0
548,31717,3,0
551,35221,3,0
549,44632,4,0
551,45007,7,0
549,46979,3,0
548,47209,5,0
548,47766,7,0
550,47766,2,1
558,196,1,0
559,196,7,1
554,13176,6,0
559,13176,1,1
558,14233,3,0
553,16797,5,0
554,16797,2,1
559,21137,2,0
554,21288,3,0
557,21903,3,0
555,22935,4,0
556,22935,1,1
553,24852,6,0
555,24852,1,1
557,24852,1,1
553,24964,4,0
553,26209,3,0
555,26209,3,1
553,26620,2,0
555,26620,5,1
559,27086,4,0
558,27104,2,0
554,27845,1,0
556,28204,2,0
559,28204,6,1
558,30489,4,0
559,34126,5,0
553,37710,1,0
554,39275,4,0
557,43154,4,0
554,43352,5,0
559,47209,3,0
555,47626,2,0
556,47626,3,1
557,47766,2,0
556,49683,4,0
561,196,5,0
563,14233,6,0
565,14947,3,0
563,16797,5,0
564,17794,4,0
565,17794,5,1
563,21137,1,0
563,21288,2,0
565,21709,6,0
562,21903,3,0
561,22935,1,0
561,24852,8,0
562,24852,1,1
561,24964,2,0
561,27845,6,0
563,27966,4,0
561,39275,7,0
564,40706,3,0
564,43154,1,0
565,43154,2,1
563,43352,3,0
561,45007,3,0
564,45007,2,1
565,47209,1,0
563,47626,7,0
562,47766,2,0
565,49235,4,0
561,49683,4,0
571,13176,5,0
568,14947,1,0
571,16797,1,0
571,21288,2,0
567,21709,7,0
568,21709,2,1
570,21903,3,0
567,24852,1,0
570,24852,1,1
567,26209,2,0
568,26620,4,0
568,27086,7,0
567,27845,5,0
570,30489,5,0
568,34126,5,0
568,35221,3,0
569,35221,2,1
571,39275,3,0
569,39928,1,0
567,43154,4,0
567,43352,3,0
571,43352,4,1
567,44632,6,0
568,46979,6,0
570,47209,6,0
570,47626,4,0
570,47766,2,0
575,13176,2,0
576,14233,7,0
577,14947,1,0
575,21137,3,0
576,21137,1,1
577,21709,2,0
574,21903,3,0
576,21903,9,1
573,22935,1,0
576,22935,4,1
574,24852,1,0
577,24852,6,1
573,24964,2,0
574,24964,4,1
577,26209,5,0
575,27845,1,0
573,27966,5,0
576,30489,6,0
577,35221,3,0
576,35951,5,0
576,39928,2,0
577,44632,4,0
573,45007,3,0
576,46979,3,0
574,47209,5,0
575,47209,4,1
574,47766,2,0
576,47766,8,1
573,49683,4,0
583,5077,8,0
583,14233,6,0
581,14947,2,0
582,14947,7,1
583,14947,2,1
582,16797,2,0
579,21137,6,0
582,21288,3,0
583,21288,1,1
581,21709,3,0
582,21709,1,1
583,21709,3,1
579,21903,7,0
582,22825,8,0
579,22935,1,0
583,22935,9,1
580,24852,1,0
579,24964,2,0
580,26209,3,0
583,26620,5,0
580,27104,4,0
581,27845,1,0
581,35221,4,0
583,35221,4,1
582,39275,4,0
582,43352,5,0
581,44632,5,0
579,45007,3,0
581,46979,7,0
579,47209,8,0
580,47209,5,1
581,47209,6,1
580,47626,2,0
583,47766,7,0
579,49235,5,0
579,49683,4,0
582,49683,6,1
587,5077,2,0
586,12341,3,0
586,21709,2,0
585,21903,3,0
585,24852,1,0
587,24852,5,1
587,24964,4,0
585,26209,4,0
587,27086,3,0
587,27845,1,0
586,35951,1,0
585,40706,5,0
585,47766,2,0
591,10749,8,0
591,13176,5,0
589,14233,1,0
592,14233,4,1
591,16797,1,0
592,21137,1,0
590,21288,3,0
591,21288,2,1
592,21288,2,1
589,21903,4,0
589,22935,2,0
590,22935,2,1
590,26620,1,0
590,27966,5,0
591,35221,6,0
591,39275,3,0
592,39275,5,1
591,39928,7,0
592,43154,3,0
591,43352,4,0
590,46979,4,0
589,49235,3,0
595,5077,2,0
596,5077,4,1
596,5876,5,0
594,6184,2,0
596,8518,6,0
596,12341,7,0
596,13176,3,0
598,14947,7,0
597,21137,1,0
598,24852,1,0
597,24964,3,0
598,26209,3,0
595,26620,5,0
595,27086,3,0
596,27086,1,1
598,27086,4,1
595,27845,1,0
595,27966,4,0
598,30489,5,0
596,31717,2,0
594,37710,1,0
597,39275,2,0
598,47209,6,0
598,47626,2,0
607,196,6,0
607,4605,5,0
601,5077,2,0
605,5077,2,1
608,8518,8,0
600,13176,2,0
602,13176,2,1
603,13176,2,1
601,14947,4,0
608,14947,1,1
608,16797,7,0
605,17794,4,0
601,21137,1,0
602,21137,3,1
603,21137,1,1
604,21137,1,1
602,21709,1,0
608,21709,2,1
601,21903,3,0
603,22935,6,0
606,24852,1,0
605,26209,5,0
606,26209,3,1
607,26620,2,0
608,26620,4,1
605,27086,3,0
600,27845,3,0
603,27845,3,1
605,27845,1,1
607,27845,1,1
607,27966,8,0
600,28204,4,0
602,30489,6,0
608,35221,3,0
608,37710,6,0
605,39928,6,0
602,40706,5,0
604,40706,4,1
607,43154,7,0
608,44632,5,0
600,45007,1,0
602,47209,4,0
607,47209,4,1
606,47626,2,0
603,47766,5,0
604,49235,3,0
603,49683,4,0
604,49683,2,1
605,49683,7,1
607,49683,3,1
611,196,3,0
612,196,5,1
613,196,2,1
612,5876,3,0
616,8518,3,0
616,10749,2,0
613,13176,4,0
614,13176,5,1
616,13176,4,1
615,14233,1,0
611,14947,1,0
615,14947,2,1
612,16797,4,0
613,16797,9,1
614,16797,2,1
613,21288,1,0
614,21288,1,1
615,21288,7,1
612,21709,1,0
613,21709,3,1
615,21709,3,1
616,21709,1,1
614,22935,7,0
610,24184,3,0
613,24852,8,0
611,24964,2,0
615,24964,4,1
610,26620,4,0
616,27845,6,0
612,27966,2,0
613,28204,7,0
615,28842,6,0
610,30489,2,0
616,35221,7,0
614,39275,3,0
616,39275,8,1
613,43154,6,0
616,43154,9,1
614,43352,4,0
615,44632,5,0
614,45007,6,0
616,46979,5,0
610,47626,1,0
613,47626,5,1
618,5077,2,0
619,5876,4,0
618,13176,1,0
619,13176,7,1
620,14233,7,0
621,14233,6,1
624,14233,1,1
620,17794,6,0
623,17794,2,1
619,21137,1,0
621,21288,5,0
624,21288,2,1
622,21709,4,0
619,21903,6,0
623,21903,5,1
622,22825,6,0
620,24184,1,0
621,24852,3,0
623,24852,1,1
622,24964,3,0
618,26620,3,0
619,27086,2,0
622,27845,1,0
618,27966,5,0
621,27966,2,1
622,28204,7,0
621,31717,1,0
620,34126,4,0
624,34126,6,1
619,35951,5,0
620,37710,2,0
621,37710,4,1
624,37710,3,1
624,39928,4,0
623,40706,4,0
622,43352,2,0
624,43352,5,1
619,44632,8,0
620,44632,5,1
618,45007,4,0
620,47209,3,0
622,47209,5,1
618,47626,6,0
619,47766,3,0
623,49683,3,0
627,5077,2,0
630,13176,1,0
629,14947,1,0
626,16797,5,0
626,18523,4,0
630,21137,2,0
628,22935,1,0
629,22935,2,1
626,24852,2,0
628,24964,2,0
626,26209,3,0
629,26209,3,1
627,27086,3,0
627,27845,1,0
630,27845,6,1
630,27966,4,0
627,28204,6,0
630,28204,7,1
627,28842,4,0
629,28842,4,1
630,28842,5,1
626,40706,1,0
628,45007,3,0
628,47209,5,0
630,47209,3,1
627,47766,5,0
628,49683,4,0
633,4605,2,0
632,5077,3,0
635,5876,2,0
633,10749,1,0
635,13176,3,0
633,16797,4,0
634,16797,1,1
632,21137,4,0
634,21137,2,1
635,21288,1,0
634,24184,5,0
633,24964,5,0
632,26209,1,0
634,27966,3,0
634,39275,4,0
635,39275,4,1
634,43352,6,0
632,47209,2,0
633,47209,3,1
632,49235,5,0
641,196,7,0
643,6184,6,0
637,10749,2,0
637,12341,7,0
637,13176,5,0
640,13176,6,1
640,14947,1,0
637,16797,4,0
643,16797,2,1
641,21137,1,0
643,21137,3,1
638,21288,1,0
639,21288,5,1
640,21709,2,0
641,21709,2,1
642,21903,3,0
639,22935,1,0
644,22935,1,1
641,24184,4,0
642,24852,1,0
644,24852,2,1
638,24964,2,0
639,24964,2,1
641,24964,8,1
642,26209,5,0
637,26620,3,0
643,27845,1,0
638,27966,4,0
643,27966,4,1
641,28204,9,0
642,28204,6,1
641,34126,5,0
640,35221,3,0
637,35951,6,0
643,39275,5,0
638,43352,5,0
640,44632,4,0
641,44632,3,1
639,45007,3,0
640,45007,5,1
638,46979,3,0
642,46979,7,1
641,47209,6,0
642,47209,4,1
638,47626,6,0
640,47626,7,1
642,47766,2,0
637,49683,1,0
639,49683,4,1
650,5876,2,0
647,13176,1,0
651,14233,1,0
651,14947,2,0
652,18523,5,0
647,21137,2,0
648,21137,1,1
648,21288,6,0
651,21709,3,0
652,21709,1,1
649,21903,3,0
652,21903,4,1
646,24852,1,0
649,24852,1,1
652,24852,2,1
646,26209,3,0
648,27086,5,0
652,27086,6,1
647,27845,4,0
650,27845,1,1
651,27845,4,1
648,30489,2,0
648,31717,8,0
646,35951,4,0
647,47209,3,0
648,47209,3,1
646,47626,2,0
648,47626,7,1
646,47766,5,0
649,47766,2,1
652,47766,3,1
648,49235,4,0
652,49235,7,1
658,5077,5,0
661,5077,3,1
657,5876,1,0
655,6184,4,0
656,10749,5,0
654,14233,2,0
657,14233,4,1
660,14233,1,1
654,14947,6,0
660,14947,2,1
654,16797,4,0
656,16797,6,1
658,16797,1,1
656,21137,3,0
658,21288,2,0
659,21709,5,0
660,21709,3,1
661,21709,1,1
656,21903,1,0
659,22935,1,0
654,24184,5,0
654,24852,7,0
658,24852,6,1
659,24852,6,1
654,24964,1,0
657,24964,5,1
659,24964,2,1
659,27086,7,0
661,27086,4,1
661,27845,2,0
655,30489,1,0
655,34126,2,0
658,35951,8,0
657,39275,2,0
658,39275,3,1
654,43154,3,0
656,43154,2,1
658,43352,4,0
659,45007,3,0
660,45007,4,1
655,47766,3,0
656,47766,4,1
658,47766,7,1
657,49235,3,0
660,49235,5,1
659,49683,4,0
663,196,4,0
665,12341,5,0
665,14233,7,0
665,14947,1,0
666,14947,1,1
664,16797,3,0
667,16797,1,1
667,21288,2,0
665,21709,2,0
666,21709,2,1
664,22935,1,0
664,26209,2,0
664,27845,5,0
664,28204,4,0
664,31717,6,0
665,35221,3,0
666,35221,3,1
667,39275,3,0
663,43154,2,0
663,43352,1,0
667,43352,4,1
665,44632,4,0
666,44632,4,1
667,44632,5,1
663,47626,3,0
665,47626,6,1
666,49683,5,0
669,4605,7,0
670,12341,5,0
674,13176,5,0
671,14233,1,0
669,14947,1,0
671,14947,2,1
673,14947,4,1
674,14947,1,1
676,14947,2,1
673,21288,2,0
669,21709,2,0
670,21709,1,1
671,21709,3,1
674,21709,2,1
675,21709,1,1
676,21709,3,1
670,21903,2,0
671,21903,4,1
675,21903,4,1
670,22935,7,0
670,24852,6,0
672,24852,1,1
675,24852,2,1
671,24964,5,0
670,26209,4,0
672,26209,3,1
676,27845,1,0
675,28204,5,0
672,31717,4,0
669,35221,3,0
674,35221,3,1
676,35221,4,1
673,37710,5,0
669,39275,6,0
669,39928,5,0
669,40706,8,0
670,40706,3,1
673,43154,1,0
669,44632,4,0
674,44632,4,1
676,44632,5,1
671,47209,6,0
675,47209,6,1
672,47626,2,0
673,47626,3,1
671,47766,7,0
675,47766,3,1
679,5077,2,0
680,5077,3,1
685,13176,5,0
685,14233,6,0
678,14947,4,0
683,14947,2,1
680,18523,4,0
685,21137,7,0
682,21288,6,0
683,21709,3,0
681,21903,3,0
683,21903,7,1
685,22825,2,0
682,22935,4,0
678,24852,1,0
681,24852,1,1
682,24852,1,1
678,26209,3,0
679,26209,4,1
682,26209,3,1
683,26209,6,1
683,26620,5,0
680,27086,1,0
683,27086,9,1
680,27845,2,0
683,27845,1,1
679,27966,5,0
678,28204,5,0
685,28842,4,0
684,31717,2,0
683,35221,4,0
684,37710,1,0
682,39275,7,0
679,43154,1,0
678,43352,6,0
685,43352,1,1
682,44632,5,0
683,47209,8,0
678,47626,2,0
679,47626,3,1
682,47626,2,1
681,47766,2,0
685,47766,3,1
689,196,5,0
689,5876,7,0
693,5876,7,1
689,6184,8,0
693,6184,6,1
688,14947,1,0
689,16797,1,0
690,16797,4,1
688,21137,2,0
693,21137,5,1
689,21288,2,0
691,21288,1,1
690,21903,3,0
691,21903,4,1
687,22825,1,0
692,22825,5,1
691,24852,2,0
693,24852,1,1
691,24964,8,0
687,26209,2,0
690,26209,1,1
693,26209,3,1
692,27086,6,0
688,27845,4,0
690,27845,6,1
692,27966,3,0
691,28204,6,0
691,35221,5,0
689,39275,3,0
690,39275,2,1
692,39275,1,1
688,40706,3,0
691,40706,7,1
689,43352,4,0
693,43352,4,1
690,45007,5,0
692,45007,2,1
687,47209,3,0
690,47209,7,1
692,47626,4,0
693,47626,2,1
689,47766,6,0
691,47766,3,1
698,196,5,0
695,5077,2,0
698,5876,7,0
700,12341,4,0
695,13176,3,0
702,13176,3,1
698,14947,1,0
701,16797,1,0
696,21137,1,0
701,21137,2,1
696,21709,2,0
698,21709,2,1
698,21903,6,0
697,22935,1,0
699,24852,1,0
697,24964,2,0
699,26209,3,0
696,26620,4,0
699,27104,5,0
702,27104,2,1
700,27845,1,0
700,27966,2,0
701,27966,3,1
700,31717,3,0
696,35221,6,0
698,35221,3,1
702,35221,1,1
696,35951,5,0
702,35951,4,1
696,37710,7,0
695,39275,1,0
701,39275,4,1
699,39928,6,0
702,39928,5,1
698,44632,4,0
697,45007,3,0
699,45007,4,1
700,45007,5,1
699,47626,2,0
696,49235,3,0
699,49235,7,1
697,49683,4,0
706,196,4,0
706,6184,5,0
709,6184,8,1
707,8518,6,0
707,12341,2,0
708,13176,1,0
709,13176,7,1
704,16797,1,0
705,16797,2,1
704,21137,2,0
708,21137,2,1
709,21137,1,1
705,21288,1,0
707,21709,3,0
707,22825,5,0
706,22935,1,0
709,22935,2,1
709,24964,3,0
704,27966,3,0
707,35951,4,0
704,39275,4,0
705,39275,3,1
706,40706,3,0
705,43352,4,0
709,43352,6,1
707,45007,7,0
709,45007,4,1
708,47209,3,0
704,47626,7,0
706,47766,6,0
707,47766,1,1
704,49235,5,0
705,49235,5,1
706,49235,2,1
704,49683,6,0
705,49683,6,1
709,49683,5,1
719,196,6,0
718,4605,2,0
719,4605,5,1
715,5077,2,0
713,5876,5,0
718,6184,4,0
718,12341,6,0
712,13176,4,0
715,13176,7,1
718,13176,7,1
711,14947,1,0
714,14947,1,1
718,14947,5,1
719,14947,1,1
713,16797,1,0
716,16797,2,1
712,18523,8,0
716,21137,1,0
718,21137,3,1
719,21137,7,1
713,21288,2,0
716,21288,3,1
717,21288,1,1
711,21709,2,0
712,21709,1,1
714,21709,2,1
716,21709,7,1
719,21709,2,1
712,21903,6,0
717,22935,2,0
713,24184,7,0
714,24852,5,0
717,24964,3,0
711,26620,4,0
715,27086,3,0
715,27104,4,0
715,27845,1,0
716,27845,6,1
711,27966,5,0
717,28204,6,0
711,35221,3,0
714,35221,3,1
719,35221,3,1
718,35951,8,0
712,37710,3,0
715,37710,5,1
712,39275,7,0
713,39275,3,1
716,39275,4,1
718,39928,1,0
712,40706,2,0
712,43154,9,0
711,43352,7,0
713,43352,4,1
716,43352,5,1
714,44632,4,0
719,44632,4,1
715,45007,6,0
717,45007,4,1
713,47626,6,0
719,47626,8,1
711,47766,6,0
712,49683,5,0
717,49683,5,1
721,196,2,0
728,196,3,1
728,4605,6,0
724,5077,2,0
724,5876,4,0
728,12341,5,0
722,13176,5,0
722,14233,6,0
728,14233,1,1
722,14947,1,0
723,14947,2,1
725,16797,1,0
726,16797,1,1
728,16797,2,1
725,21288,2,0
722,21709,2,0
723,21709,1,1
721,21903,1,0
727,22935,1,0
727,24964,2,0
721,26620,4,0
728,26620,4,1
724,27086,3,0
726,27104,2,0
724,27845,1,0
721,27966,3,0
725,28204,5,0
728,30489,7,0
722,35221,3,0
723,35221,3,1
725,35221,6,1
725,39275,3,0
721,40706,5,0
725,43352,4,0
722,44632,4,0
723,44632,4,1
727,45007,3,0
725,49235,7,0
727,49683,4,0
730,5876,4,0
732,13176,1,0
733,16797,1,0
732,21137,2,0
730,21288,3,0
733,21288,2,1
731,28204,1,0
733,28842,5,0
731,37710,2,0
733,39275,3,0
733,43352,4,0
732,47209,3,0
730,47626,1,0
730,49683,2,0
736,5876,2,0
737,6184,8,0
737,12341,6,0
738,14233,7,0
737,16797,1,0
739,18523,4,0
738,21137,8,0
737,21288,2,0
738,21288,1,1
737,21709,5,0
738,21709,9,1
740,21903,3,0
736,22825,3,0
738,22935,2,0
735,24184,2,0
738,24852,6,0
739,24852,1,1
738,24964,3,0
739,26209,3,0
735,27104,4,0
736,31717,4,0
736,35221,1,0
737,35221,3,1
740,35221,4,1
740,39928,2,0
735,43352,1,0
735,45007,3,0
736,45007,5,1
738,45007,4,1
737,47209,4,0
739,47626,2,0
740,47626,1,1
737,47766,7,0
740,47766,5,1
738,49683,5,0
744,196,4,0
746,6184,7,0
747,12341,7,0
746,13176,2,0
745,14947,1,0
746,16797,1,0
747,16797,1,1
748,16797,7,1
748,17794,5,0
743,21137,3,0
747,21288,2,0
745,21709,2,0
743,21903,2,0
744,21903,5,1
748,21903,4,1
746,24852,4,0
747,24852,6,1
748,24852,2,1
744,24964,1,0
743,26620,1,0
745,26620,4,1
748,27086,6,0
742,27845,2,0
748,27845,1,1
745,35221,3,0
746,35221,6,1
747,35221,5,1
747,39275,3,0
744,39928,6,0
742,43352,3,0
747,43352,4,1
742,44632,1,0
745,45007,5,0
744,47626,3,0
746,47626,5,1
748,47766,3,0
744,49235,2,0
746,49683,3,0
751,5077,2,0
755,5077,3,1
756,5876,4,0
757,5876,4,1
755,8518,2,0
752,10749,6,0
756,12341,5,0
752,14947,2,0
754,14947,3,1
758,14947,2,1
753,16797,2,0
757,16797,6,1
753,17794,6,0
751,21137,4,0
754,21137,2,1
753,21288,3,0
758,21288,1,1
752,21709,3,0
753,21709,1,1
758,21709,3,1
750,22825,1,0
755,22825,4,1
755,22935,6,0
756,22935,6,1
753,24852,7,0
754,24852,4,1
756,24852,1,1
752,26209,7,0
756,26209,3,1
756,26620,7,0
757,26620,8,1
751,27086,3,0
752,27086,1,1
757,27086,2,1
751,27845,1,0
754,27845,1,1
757,27845,1,1
750,27966,2,0
752,27966,8,1
751,28204,6,0
755,31717,5,0
752,35221,4,0
758,35221,4,1
753,37710,8,0
753,39275,4,0
753,43352,5,0
752,44632,5,0
755,44632,1,1
757,44632,5,1
758,44632,5,1
758,45007,6,0
751,47626,5,0
756,47626,2,1
757,47766,3,0
757,49235,7,0
760,196,5,0
764,4605,6,0
760,5876,1,0
765,5876,5,1
765,12341,4,0
765,13176,2,0
761,14947,1,0
763,14947,2,1
760,16797,4,0
761,17794,6,0
761,21709,2,0
762,21709,1,1
763,21709,3,1
764,21709,1,1
761,24184,7,0
762,24852,2,0
762,26209,4,0
764,26209,3,1
761,26620,4,0
762,27845,5,0
763,27845,1,1
760,28204,2,0
760,30489,3,0
761,35221,3,0
763,35221,4,1
764,35951,5,0
765,37710,1,0
765,39928,3,0
763,44632,5,0
764,44632,2,1
764,45007,4,0
762,47626,3,0
761,49683,5,0
769,5077,5,0
770,5876,4,0
773,6184,8,0
767,8518,2,0
769,12341,2,0
769,13176,4,0
774,13176,1,1
768,14233,2,0
768,14947,3,0
772,14947,7,1
773,14947,3,1
767,16797,3,0
772,16797,1,1
771,18523,4,0
772,18523,6,1
774,21137,2,0
768,21288,1,0
772,21288,2,1
768,21709,4,0
773,21709,2,1
767,21903,1,0
771,21903,3,1
769,22935,3,0
768,24852,5,0
772,24852,5,1
770,24964,3,0
773,24964,6,1
773,26620,5,0
768,27086,6,0
773,27845,1,0
773,28204,7,0
774,30489,4,0
773,35221,4,0
772,39275,3,0
768,40706,7,0
769,43154,1,0
771,43352,2,0
772,43352,4,1
774,47209,3,0
770,47626,1,0
773,47766,9,0
767,49235,4,0
771,49235,1,1
770,49683,2,0
778,5077,2,0
781,5077,1,1
781,5876,3,0
779,14233,1,0
783,14233,3,1
779,14947,2,0
780,16797,4,0
776,21288,4,0
779,21709,3,0
776,21903,3,0
781,21903,5,1
777,22825,2,0
776,24852,1,0
778,24852,4,1
780,24852,1,1
782,24964,4,0
780,26209,3,0
781,26620,4,0
778,27086,3,0
778,27845,1,0
782,27966,3,0
783,28842,2,0
782,30489,1,0
782,44632,2,0
778,45007,5,0
780,47626,2,0
781,47626,6,1
776,47766,2,0
781,47766,2,1
777,49683,1,0
783,49683,1,1
785,196,2,0
792,196,1,1
786,5077,2,0
786,5876,5,0
788,5876,3,1
791,5876,2,1
788,8518,1,0
791,12341,1,0
789,13176,2,0
787,16797,2,0
788,16797,7,1
793,16797,1,1
787,21137,3,0
789,21137,3,1
790,21137,5,1
792,21137,2,1
789,21288,1,0
793,21288,2,1
790,22935,1,0
791,24852,5,0
788,24964,4,0
790,24964,2,1
792,24964,6,1
785,26620,3,0
786,27086,3,0
787,27086,1,1
786,27845,1,0
791,27845,6,1
787,27966,4,0
792,27966,7,1
787,30489,6,0
793,30489,5,1
788,31717,5,0
791,35221,7,0
785,39275,4,0
787,39275,5,1
792,39275,3,1
793,39275,3,1
792,43154,5,0
793,43352,4,0
790,45007,3,0
791,45007,4,1
786,46979,6,0
785,47209,1,0
788,47209,6,1
789,47209,4,1
791,47209,3,1
786,47626,4,0
788,47626,2,1
792,49235,4,0
790,49683,4,0
799,12341,3,0
800,12341,5,1
796,13176,2,0
798,13176,5,1
800,14947,1,0
799,16797,2,0
795,17794,4,0
797,17794,5,1
796,18523,3,0
797,21137,1,0
797,21288,8,0
800,21709,2,0
797,21903,7,0
795,24852,1,0
797,24852,2,1
798,24852,1,1
799,24852,4,1
795,26209,3,0
797,26209,4,1
798,26209,3,1
796,26620,4,0
800,26620,4,1
795,27845,6,0
796,27845,1,1
800,27966,7,0
800,34126,6,0
795,35221,5,0
800,35221,3,1
796,35951,5,0
798,47209,4,0
795,47626,2,0
797,47626,3,1
798,47626,2,1
799,49235,1,0
797,49683,6,0
802,5876,7,0
805,5876,3,1
807,5876,6,1
803,6184,7,0
810,10749,5,0
810,13176,6,0
803,14947,1,0
804,14947,1,1
803,16797,6,0
805,16797,4,1
806,16797,5,1
809,17794,2,0
802,21137,4,0
806,21288,1,0
803,21709,2,0
804,21709,2,1
803,21903,5,0
808,21903,3,1
807,22935,2,0
810,22935,1,1
806,24852,2,0
808,24852,1,1
806,24964,7,0
807,24964,3,1
810,24964,2,1
806,26209,4,0
809,26209,6,1
802,26620,3,0
804,26620,4,1
805,26620,6,1
802,27086,5,0
807,27845,1,0
809,27845,1,1
807,27966,7,0
808,27966,5,1
802,28204,6,0
806,28204,6,1
809,28204,5,1
803,30489,8,0
808,30489,4,1
803,35221,3,0
804,35221,3,1
805,35221,7,1
806,35221,8,1
809,39275,3,0
805,43154,5,0
804,43352,5,0
803,44632,4,0
807,45007,4,0
810,45007,3,1
805,46979,1,0
802,47209,2,0
809,47209,4,1
805,47626,2,0
806,47626,3,1
808,47766,2,0
802,49235,1,0
807,49683,5,0
808,49683,6,1
810,49683,4,1
816,5077,5,0
814,5876,2,0
814,6184,5,0
812,12341,4,0
813,13176,2,0
818,13176,1,1
815,14233,1,0
813,14947,4,0
816,14947,1,1
816,17794,6,0
812,21137,1,0
814,21137,4,1
818,21137,2,1
814,21288,3,0
816,21709,2,0
817,21709,1,1
814,21903,1,0
816,22935,7,0
812,24852,2,0
817,26209,4,0
817,26620,2,0
813,27845,1,0
812,30489,5,0
816,35221,3,0
817,37710,3,0
814,39275,7,0
816,40706,8,0
812,43154,3,0
814,43352,8,0
813,44632,3,0
816,44632,4,1
815,46979,3,0
814,47209,6,0
818,47209,3,1
815,49235,2,0
820,4605,2,0
822,5077,4,0
825,5077,3,1
827,5077,5,1
821,5876,7,0
825,5876,2,1
822,8518,1,0
826,8518,4,1
822,10749,6,0
827,10749,2,1
821,12341,6,0
828,13176,1,0
822,14233,2,0
826,14233,1,1
827,14233,3,1
820,14947,4,0
826,14947,2,1
824,16797,2,0
826,16797,7,1
826,21137,6,0
828,21137,2,1
821,21288,8,0
822,21288,3,1
823,21288,3,1
827,21288,1,1
821,21709,1,0
824,21709,3,1
826,21709,3,1
824,24852,4,0
823,24964,1,0
823,27966,2,0
821,39928,5,0
821,40706,3,0
826,40706,5,1
821,43154,2,0
822,43154,5,1
824,43154,1,1
827,44632,4,0
820,47209,1,0
828,47209,3,1
820,47626,3,0
824,47766,5,0
821,49683,4,0
825,49683,1,1
830,5876,4,0
831,13176,2,0
833,16797,1,0
831,21137,3,0
833,21137,2,1
830,24852,1,0
832,26209,1,0
831,26620,5,0
830,27086,2,0
832,27086,3,1
830,27845,7,0
831,27845,1,1
833,27966,3,0
830,35951,6,0
830,37710,3,0
833,39275,4,0
830,40706,5,0
831,47209,4,0
831,49235,6,0
832,49683,2,0
835,4605,3,0
836,12341,2,0
837,13176,1,0
836,14233,1,0
837,21137,2,0
835,21903,4,0
835,22935,1,0
835,34126,2,0
837,45007,4,0
837,47209,3,0
839,196,3,0
840,5876,5,0
840,13176,3,0
840,16797,1,0
839,21137,2,0
839,24964,1,0
841,27966,3,0
840,30489,4,0
840,31717,2,0
839,35221,6,0
841,37710,2,0
841,39275,1,0
839,43154,5,0
841,47209,4,0
839,47626,4,0
843,4605,4,0
843,5077,2,0
843,5876,7,0
846,5876,6,1
848,5876,7,1
846,6184,5,0
844,8518,6,0
845,12341,9,0
849,12341,5,1
850,12341,5,1
851,12341,6,1
845,14947,4,0
848,14947,1,1
843,16797,6,0
844,16797,2,1
846,16797,1,1
851,17794,7,0
844,21288,3,0
845,21288,1,1
846,21288,2,1
848,21709,2,0
850,21709,4,1
849,21903,3,0
851,21903,1,1
847,22825,1,0
844,24184,9,0
845,24184,7,1
848,24184,5,1
849,24852,1,0
851,24964,4,0
850,26209,2,0
844,26620,8,0
848,26620,4,1
843,27086,3,0
844,27086,1,1
847,27086,2,1
843,27845,1,0
846,27845,7,1
850,27845,1,1
849,27966,4,0
844,28204,7,0
851,30489,2,0
843,31717,5,0
850,31717,3,1
851,31717,5,1
845,34126,6,0
848,35221,3,0
851,35221,3,1
850,35951,7,0
844,39275,4,0
845,39275,8,1
846,39275,3,1
844,43352,5,0
845,43352,3,1
846,43352,4,1
848,43352,6,1
845,44632,5,0
847,45007,5,0
845,46979,2,0
847,46979,6,1
847,47209,4,0
849,47766,2,0
850,47766,6,1
847,49683,3,0
857,4605,1,0
853,5077,2,0
853,5876,5,0
858,6184,5,0
859,13176,5,0
853,14233,7,0
855,14947,2,0
859,14947,1,1
856,16797,1,0
856,21137,2,0
855,21709,3,0
859,21709,2,1
857,22825,3,0
856,22935,5,0
854,24852,1,0
857,24964,2,0
858,24964,3,1
854,26209,3,0
858,26620,1,0
853,27086,3,0
858,27104,4,0
853,27845,1,0
855,27845,1,1
859,27845,8,1
856,27966,3,0
853,28204,6,0
855,35221,4,0
859,35221,3,1
856,39275,4,0
853,39928,4,0
859,43352,6,0
855,44632,5,0
859,44632,4,1
858,47209,2,0
854,47626,2,0
859,47626,7,1
862,14233,2,0
861,14947,1,0
862,14947,3,1
864,16797,1,0
864,21288,2,0
861,21709,2,0
862,21709,1,1
863,21709,1,1
863,26620,3,0
861,27086,5,0
862,34126,4,0
861,35221,3,0
864,39275,3,0
864,43352,4,0
861,44632,4,0
863,47626,2,0
871,5876,5,0
870,6184,3,0
872,8518,5,0
871,12341,4,0
869,13176,1,0
870,13176,4,1
866,14233,6,0
872,14233,6,1
868,14947,1,0
873,14947,1,1
867,16797,1,0
869,16797,6,1
871,16797,2,1
872,16797,1,1
867,17794,4,0
868,21137,5,0
869,21137,2,1
870,21137,1,1
870,21288,2,0
872,21288,2,1
866,21709,5,0
867,21709,3,1
868,21709,2,1
873,21709,2,1
870,21903,6,0
873,21903,6,1
866,22825,4,0
866,24852,1,0
867,24852,2,1
866,26209,3,0
868,26620,4,0
870,27104,5,0
867,27845,5,0
872,27966,7,0
873,27966,8,1
871,28204,1,0
867,28842,6,0
869,31717,7,0
868,35221,3,0
873,35221,3,1
870,35951,7,0
868,37710,6,0
869,39275,4,0
872,39275,3,1
873,39275,7,1
866,40706,7,0
871,40706,3,1
872,43352,4,0
873,44632,4,0
869,47209,3,0
866,47626,2,0
869,47626,5,1
873,47626,5,1
876,196,7,0
878,196,5,1
875,8518,5,0
875,12341,3,0
882,13176,1,0
876,14947,1,0
879,14947,1,1
875,16797,7,0
876,16797,8,1
877,16797,1,1
878,16797,1,1
877,21137,2,0
882,21137,2,1
878,21288,2,0
876,21709,2,0
879,21709,2,1
880,22935,1,0
875,24852,6,0
876,24852,6,1
876,24964,5,0
880,24964,2,1
875,26209,4,0
877,27966,3,0
876,35221,3,0
879,35221,3,1
875,35951,1,0
875,37710,2,0
877,39275,4,0
878,39275,3,1
878,43352,4,0
876,44632,4,0
879,44632,4,1
880,45007,3,0
882,47209,3,0
881,47626,2,0
880,49683,4,0
881,49683,1,1
888,5077,2,0
889,6184,5,0
889,8518,4,0
889,13176,1,0
885,14947,1,0
886,21137,3,0
889,21137,2,1
884,21288,4,0
884,21709,2,0
885,21709,2,1
886,21903,1,0
888,22825,7,0
887,22935,2,0
888,26620,4,0
888,27086,3,0
884,27845,3,0
888,27845,1,1
885,35221,3,0
886,35951,5,0
887,35951,1,1
888,35951,6,1
889,40706,6,0
886,43352,4,0
885,44632,4,0
886,44632,2,1
884,45007,5,0
886,47209,6,0
889,47209,3,1
886,47626,7,0
884,47766,1,0
884,49235,6,0
888,49235,5,1
892,8518,4,0
892,13176,1,0
891,14233,3,0
898,14233,5,1
899,14947,2,0
893,16797,2,0
897,16797,4,1
898,16797,3,1
899,16797,7,1
896,17794,3,0
892,21137,2,0
893,21137,1,1
894,21137,6,1
899,21288,1,0
899,21709,3,0
895,21903,3,0
896,21903,4,1
897,21903,3,1
894,22935,1,0
891,24852,2,0
895,24852,1,1
897,24852,1,1
894,24964,2,0
898,24964,2,1
895,26209,4,0
899,26620,5,0
894,27086,5,0
895,27086,6,1
896,27845,1,0
898,27845,1,1
893,27966,3,0
895,30489,5,0
899,35221,4,0
893,39275,4,0
899,39275,6,1
899,39928,8,0
897,40706,5,0
896,43352,5,0
898,44632,4,0
891,45007,1,0
892,45007,5,1
894,45007,3,1
892,47209,3,0
896,47626,2,0
895,47766,2,0
897,47766,2,1
891,49683,4,0
894,49683,4,1
903,196,5,0
902,10749,3,0
901,16797,1,0
901,21288,2,0
903,21903,3,0
902,22935,1,0
903,24852,1,0
901,24964,6,0
901,27086,5,0
901,39275,3,0
903,39928,6,0
903,43154,4,0
901,43352,4,0
902,47209,2,0
903,47766,2,0
905,196,5,0
908,5077,2,0
905,5876,7,0
909,8518,6,0
906,13176,1,0
909,14947,1,0
909,17794,5,0
906,21137,2,0
909,21709,2,0
905,22935,2,0
906,24852,6,0
907,26620,3,0
908,27086,3,0
905,27845,1,0
908,27845,1,1
907,27966,2,0
909,27966,7,1
906,30489,5,0
908,30489,5,1
905,31717,6,0
909,35221,3,0
908,37710,7,0
905,39275,3,0
905,43352,4,0
909,44632,4,0
908,45007,6,0
906,47209,3,0
907,47209,1,1
906,49235,4,0
908,49235,4,1
915,196,5,0
916,6184,6,0
911,12341,1,0
913,13176,2,0
915,13176,7,1
919,14233,5,0
918,14947,7,0
912,16797,1,0
914,16797,2,1
918,16797,1,1
913,21137,3,0
916,21137,2,1
912,21288,2,0
913,21288,1,1
918,21288,2,1
915,21903,4,0
917,21903,4,1
918,21903,5,1
919,21903,3,1
914,24852,1,0
915,24852,2,1
916,24852,3,1
917,24852,2,1
919,24852,1,1
916,26209,5,0
915,26620,6,0
911,27104,3,0
914,27845,4,0
915,27845,1,1
916,27845,1,1
917,27845,1,1
911,31717,5,0
916,35221,9,0
916,37710,7,0
911,39275,4,0
912,39275,3,1
914,39275,3,1
915,39275,8,1
918,39275,3,1
912,43154,5,0
919,43154,4,1
912,43352,4,0
916,43352,8,1
918,43352,4,1
913,47209,4,0
918,47209,6,1
916,47626,4,0
915,47766,3,0
917,47766,3,1
919,47766,2,1
911,49683,2,0
925,196,1,0
926,5876,6,0
926,8518,1,0
928,12341,6,0
923,14233,2,0
921,14947,1,0
923,14947,3,1
924,16797,3,0
922,21137,5,0
924,21288,4,0
925,21288,2,1
926,21288,5,1
921,21709,2,0
923,21709,4,1
924,21709,2,1
922,21903,3,0
927,21903,3,1
928,21903,3,1
928,22935,5,0
922,24852,1,0
923,24852,6,1
927,24852,1,1
925,24964,5,0
928,26209,2,0
923,27086,5,0
926,27104,4,0
927,27104,6,1
923,27845,1,0
924,27845,1,1
928,27845,1,1
922,30489,4,0
926,31717,3,0
921,35221,3,0
924,35221,7,1
926,35221,2,1
924,35951,8,0
925,37710,3,0
924,39275,5,0
923,40706,7,0
927,40706,4,1
924,43352,6,0
928,43352,4,1
921,44632,4,0
923,47626,8,0
927,47626,5,1
922,47766,2,0
925,47766,4,1
927,47766,2,1
930,5077,2,0
933,5876,5,0
930,13176,6,0
932,13176,5,1
931,16797,1,0
932,16797,1,1
931,21137,2,0
932,21137,2,1
933,21137,1,1
931,21903,5,0
933,24964,4,0
930,27086,3,0
931,27104,6,0
930,27845,1,0
931,27966,3,0
932,27966,3,1
933,31717,2,0
931,39275,4,0
932,39275,4,1
933,40706,3,0
930,43154,5,0
933,43154,7,1
933,44632,6,0
930,47626,4,0
937,8518,6,0
935,14947,1,0
937,16797,1,0
937,21137,2,0
935,21709,2,0
936,21903,3,0
936,24184,5,0
936,24852,1,0
936,26209,4,0
937,27845,7,0
937,27966,3,0
935,35221,3,0
937,39275,4,0
937,39928,5,0
935,44632,4,0
936,47626,6,0
936,47766,2,0
941,4605,5,0
941,5876,2,0
943,12341,8,0
942,13176,3,0
942,14947,7,0
943,14947,2,1
940,16797,1,0
942,16797,6,1
940,21137,2,0
942,21137,8,1
941,21288,1,0
943,21709,1,0
939,21903,3,0
939,24852,1,0
939,26209,4,0
943,26209,7,1
941,27086,4,0
943,27104,6,0
942,27845,4,0
940,27966,3,0
940,28204,5,0
942,30489,5,0
943,35221,3,0
940,39275,4,0
942,39275,2,1
939,44632,5,0
943,44632,4,1
939,45007,6,0
942,47626,1,0
939,47766,2,0
941,47766,3,1
943,49683,5,0
947,196,7,0
947,5876,2,0
947,6184,8,0
947,12341,9,0
945,16797,1,0
948,16797,7,1
949,16797,1,1
951,16797,1,1
946,17794,5,0
947,18523,6,0
947,21137,3,0
949,21137,2,1
945,21288,2,0
946,21288,1,1
951,21288,2,1
946,21903,4,0
949,21903,5,1
948,22935,1,0
946,24852,2,0
950,24852,1,1
947,24964,5,0
948,24964,2,1
950,26209,3,0
947,27845,1,0
949,27966,3,0
951,37710,6,0
945,39275,3,0
949,39275,4,1
951,39275,3,1
948,39928,5,0
946,43154,6,0
949,43154,7,1
945,43352,4,0
948,43352,6,1
951,43352,4,1
946,44632,7,0
948,45007,3,0
949,47626,6,0
950,47626,2,1
951,47626,5,1
946,47766,3,0
947,49683,4,0
948,49683,4,1
957,4605,2,0
960,5077,3,0
961,5876,4,0
961,6184,2,0
953,13176,1,0
958,13176,1,1
959,13176,1,1
961,13176,6,1
954,14947,1,0
955,16797,1,0
953,21137,2,0
955,21137,2,1
956,21137,4,1
958,21137,2,1
959,21137,2,1
960,21137,1,1
961,21137,7,1
956,21288,1,0
954,21709,2,0
957,21903,1,0
956,22935,3,0
961,24964,8,0
960,26209,5,0
953,26620,7,0
954,26620,4,1
960,27086,4,0
961,27086,1,1
960,27845,2,0
955,27966,3,0
959,27966,6,1
959,31717,4,0
954,35221,3,0
956,35221,2,1
953,35951,6,0
961,37710,5,0
953,39275,5,0
955,39275,4,1
958,40706,4,0
961,45007,3,0
959,46979,5,0
953,47209,3,0
958,47209,3,1
959,47209,3,1
957,47766,4,0
953,49683,4,0
957,49683,3,1
970,196,5,0
963,5876,4,0
969,6184,5,0
964,14947,1,0
968,14947,3,1
965,16797,1,0
966,16797,1,1
969,16797,3,1
970,16797,2,1
966,21137,2,0
968,21137,2,1
969,21137,6,1
965,21288,4,0
967,21288,1,1
970,21288,1,1
964,21709,2,0
963,22935,3,0
970,22935,8,1
967,24852,2,0
964,26209,8,0
967,26209,4,1
968,26620,4,0
966,27086,5,0
964,27104,6,0
964,27845,7,0
966,27966,3,0
967,27966,5,1
969,28204,1,0
964,31717,5,0
963,35221,1,0
964,35221,3,1
965,35221,5,1
968,35221,1,1
970,37710,7,0
966,39275,4,0
969,39275,2,1
970,39275,3,1
965,40706,2,0
970,43352,4,0
964,44632,4,0
968,47209,5,0
969,47209,4,1
966,47626,6,0
967,47626,3,1
963,47766,2,0
965,47766,3,1
970,49235,6,0
974,5876,5,0
976,6184,5,0
972,12341,3,0
973,12341,4,1
972,14233,1,0
973,14233,7,1
977,14233,3,1
974,18523,4,0
977,18523,5,1
972,21137,2,0
973,21137,2,1
975,21903,3,0
976,22825,2,0
975,24852,1,0
975,26209,4,0
974,27845,3,0
976,27845,1,1
977,30489,2,0
975,35221,5,0
975,37710,6,0
973,39275,3,0
976,39275,4,1
976,39928,6,0
977,40706,4,0
974,43352,6,0
973,44632,6,0
975,44632,7,1
976,44632,3,1
974,45007,1,0
973,47209,1,0
974,47209,2,1
976,47626,7,0
975,47766,2,0
977,47766,1,1
973,49683,5,0
981,196,5,0
984,5876,3,0
984,6184,1,0
981,14233,1,0
981,14947,2,0
983,14947,1,1
979,16797,1,0
979,21137,2,0
980,21288,1,0
984,21288,4,1
981,21709,3,0
982,21709,1,1
983,21709,2,1
980,21903,4,0
983,21903,6,1
982,22935,2,0
980,24852,2,0
984,26620,5,0
979,27966,3,0
979,31717,5,0
983,35221,3,0
984,37710,2,0
979,39275,4,0
980,43154,5,0
983,44632,4,0
984,44632,6,1
983,47626,5,0
980,47766,3,0
982,47766,3,1
981,49235,4,0
983,49683,7,0
989,5077,2,0
988,12341,3,0
989,14233,4,0
990,16797,1,0
992,16797,5,1
987,17794,3,0
988,17794,6,1
988,21137,5,0
990,21288,2,0
986,21903,1,0
987,21903,1,1
992,21903,2,1
991,24964,1,0
987,26209,2,0
991,26209,4,1
986,26620,3,0
989,27086,3,0
989,27845,1,0
986,28204,4,0
989,28204,7,1
992,34126,6,0
991,35221,5,0
992,35221,4,1
988,35951,4,0
990,39275,3,0
991,43154,3,0
989,43352,6,0
990,43352,4,1
991,43352,2,1
992,44632,1,0
988,45007,7,0
988,47209,2,0
986,47626,2,0
991,47626,6,1
988,47766,1,0
992,47766,3,1
988,49683,8,0
989,49683,5,1
996,8518,6,0
996,12341,5,0
996,13176,2,0
995,14233,2,0
994,14947,1,0
995,14947,3,1
997,14947,1,1
996,21137,3,0
994,21709,2,0
995,21709,1,1
996,21709,1,1
997,21709,2,1
998,21709,1,1
998,24852,2,0
998,26209,4,0
996,30489,4,0
995,34126,5,0
994,35221,3,0
997,35221,3,1
995,39275,4,0
998,39275,5,1
994,44632,4,0
997,44632,4,1
995,47209,6,0
998,47626,3,0
995,47766,7,0
1000,5876,3,0
1002,5876,5,1
1003,5876,2,1
1000,14233,7,0
1002,14947,1,0
1003,17794,6,0
1002,21709,2,0
1003,21709,1,1
1000,22935,1,0
1000,24852,2,0
1003,26209,4,0
1000,27966,4,0
1000,34126,5,0
1002,35221,3,0
1000,35951,8,0
1003,40706,3,0
1002,44632,4,0
1003,45007,7,0
1001,46979,1,0
1000,47766,6,0
1001,47766,2,1
1002,49235,6,0
1003,49235,5,1
1002,49683,7,0
1006,5077,7,0
1007,8518,3,0
1010,10749,5,0
1006,13176,2,0
1009,13176,5,1
1005,14947,1,0
1009,14947,1,1
1006,16797,6,0
1008,16797,1,1
1006,21137,3,0
1010,21137,1,1
1007,21288,7,0
1005,21709,2,0
1006,21709,1,1
1009,21709,2,1
1010,21709,2,1
1010,21903,4,0
1007,27086,1,0
1007,27845,6,0
1006,27966,8,0
1010,34126,3,0
1005,35221,3,0
1009,35221,3,1
1005,35951,5,0
1007,35951,5,1
1007,37710,8,0
1007,39275,2,0
1010,40706,6,0
1008,43352,3,0
1005,44632,4,0
1009,44632,4,1
1007,45007,4,0
1006,47209,4,0
1008,47766,2,0
1010,47766,7,1
1006,49235,5,0
1013,4605,8,0
1014,5077,3,0
1013,13176,2,0
1013,14233,5,0
1012,14947,2,0
1014,21137,2,0
1014,21288,5,0
1013,21709,1,0
1012,22825,3,0
1013,24852,7,0
1014,27845,1,0
1013,27966,6,0
1012,34126,1,0
1014,39275,7,0
1014,40706,6,0
1013,44632,3,0
1014,45007,4,0
1013,47626,4,0
1016,5876,4,0
1021,10749,8,0
1017,13176,1,0
1018,13176,5,1
1016,14233,1,0
1018,14233,8,1
1016,14947,2,0
1017,14947,4,1
1019,14947,2,1
1021,14947,1,1
1017,21137,2,0
1019,21137,1,1
1021,21137,5,1
1016,21709,3,0
1018,21709,1,1
1019,21709,3,1
1020,21709,1,1
1021,21709,2,1
1020,21903,3,0
1018,24184,6,0
1018,24852,2,0
1018,26209,4,0
1021,26209,7,1
1017,26620,6,0
1019,26620,5,1
1021,26620,4,1
1017,27086,7,0
1019,35221,4,0
1021,35221,3,1
1020,39275,5,0
1021,43154,6,0
1016,44632,5,0
1016,45007,7,0
1017,47209,3,0
1018,47209,7,1
1018,47626,3,0
1020,47626,2,1
1016,47766,6,0
1017,47766,5,1
1019,47766,6,1
1020,49235,4,0
1023,5077,2,0
1029,5876,5,0
1025,6184,3,0
1029,6184,4,1
1030,8518,2,0
1028,12341,5,0
1028,13176,1,0
1031,13176,1,1
1027,14947,1,0
1025,16797,6,0
1028,21137,2,0
1024,21288,4,0
1026,21288,1,1
1027,21709,2,0
1030,21709,3,1
1024,21903,3,0
1025,21903,4,1
1027,22935,6,0
1029,24184,2,0
1030,24184,1,1
1024,24852,1,0
1031,24852,3,1
1026,26209,3,0
1024,26620,5,0
1025,26620,1,1
1027,26620,4,1
1023,27086,3,0
1029,27104,3,0
1023,27845,1,0
1026,27845,2,1
1028,28842,4,0
1029,31717,1,0
1023,34126,4,0
1030,34126,5,1
1025,35221,5,0
1027,35221,3,1
1029,35221,6,1
1025,44632,2,0
1027,47209,5,0
1028,47209,3,1
1030,47209,4,1
1031,47209,2,1
1025,47626,7,0
1030,47626,7,1
1024,47766,2,0
1030,47766,6,1
1033,196,2,0
1035,5876,2,0
1033,8518,3,0
1036,13176,2,0
1034,14947,1,0
1034,21137,6,0
1036,21137,3,1
1037,21137,1,1
1033,21288,4,0
1035,21288,3,1
1034,21709,2,0
1036,22935,5,0
1037,22935,2,1
1035,24852,1,0
1037,24964,3,0
1036,27845,1,0
1035,34126,4,0
1034,35221,3,0
1034,39275,5,0
1035,39928,5,0
1033,43352,1,0
1034,44632,4,0
1037,45007,4,0
1036,47209,4,0
1037,49683,5,0
1039,8518,5,0
1039,14233,8,0
1041,14233,6,1
1039,16797,1,0
1041,16797,1,1
1042,16797,1,1
1041,21137,2,0
1039,21288,2,0
1042,21288,2,1
1040,24964,3,0
1039,26209,7,0
1039,27845,6,0
1041,27966,3,0
1040,28204,2,0
1041,35951,5,0
1039,39275,3,0
1041,39275,4,1
1042,39275,3,1
1039,43352,4,0
1042,43352,4,1
1040,49235,1,0
1044,196,1,0
1045,8518,7,0
1046,12341,2,0
1044,13176,2,0
1044,14947,4,0
1045,14947,3,1
1048,14947,1,1
1051,14947,1,1
1046,16797,3,0
1045,21137,1,0
1049,21137,6,1
1045,21709,2,0
1048,21709,2,1
1051,21709,2,1
1047,21903,4,0
1048,21903,6,1
1049,21903,3,1
1046,22935,1,0
1049,22935,5,1
1045,24964,8,0
1049,26209,1,0
1050,27104,2,0
1044,28204,3,0
1049,30489,7,0
1049,31717,2,0
1044,35221,5,0
1045,35221,4,1
1048,35221,3,1
1051,35221,3,1
1047,35951,2,0
1050,35951,3,1
1048,37710,5,0
1045,39275,6,0
1044,43154,6,0
1050,43352,4,0
1045,44632,5,0
1048,44632,4,1
1051,44632,4,1
1047,45007,3,0
1047,47209,1,0
1049,47209,4,1
1046,47626,4,0
1045,47766,9,0
1050,49235,1,0
1055,4605,2,0
1054,5077,2,0
1058,5077,3,1
1053,5876,2,0
1058,6184,5,0
1053,13176,3,0
1054,13176,6,1
1056,13176,4,1
1056,14233,1,0
1057,16797,2,0
1057,21137,1,0
1058,21137,6,1
1055,21288,1,0
1058,21288,2,1
1054,21709,5,0
1056,21709,5,1
1057,24852,3,0
1054,24964,4,0
1053,26620,4,0
1054,27086,3,0
1058,27086,4,1
1056,27104,3,0
1054,27845,1,0
1058,27845,1,1
1058,28204,7,0
1056,43154,2,0
1058,43154,8,1
1053,44632,1,0
1053,47626,5,0
1060,14947,1,0
1061,16797,1,0
1062,16797,2,1
1061,21137,2,0
1062,21137,3,1
1062,21288,1,0
1060,21709,2,0
1063,21903,3,0
1060,22935,5,0
1063,24852,1,0
1061,27966,3,0
1062,27966,4,1
1060,35221,3,0
1061,39275,4,0
1062,39275,5,1
1060,44632,4,0
1063,47766,2,0
1066,196,5,0
1068,4605,3,0
1069,4605,4,1
1067,5077,3,0
1071,5077,4,1
1071,5876,2,0
1066,12341,6,0
1070,13176,1,0
1072,13176,5,1
1066,14233,2,0
1066,14947,3,0
1072,14947,1,1
1072,17794,7,0
1070,21137,2,0
1067,21709,1,0
1072,21709,2,1
1065,21903,3,0
1071,24184,3,0
1065,24852,1,0
1071,26209,5,0
1071,26620,1,0
1065,27086,6,0
1067,27086,4,1
1068,27086,1,1
1066,27845,1,0
1067,27845,2,1
1068,27845,4,1
1067,28842,5,0
1071,30489,6,0
1069,35221,2,0
1072,35221,3,1
1065,35951,5,0
1068,35951,5,1
1072,37710,8,0
1067,39275,6,0
1070,39275,4,1
1072,39275,6,1
1067,40706,8,0
1065,43154,4,0
1070,43154,5,1
1066,44632,4,0
1072,44632,4,1
1070,47209,3,0
1068,47626,6,0
1069,47626,1,1
1065,47766,2,0
1067,47766,7,1
1070,47766,6,1
1068,49235,2,0
1069,49683,3,0
1077,8518,5,0
1079,14233,3,0
1076,16797,1,0
1079,21137,2,0
1076,21288,2,0
1077,21288,2,1
1074,21903,3,0
1079,22825,4,0
1078,22935,1,0
1074,24852,1,0
1078,24964,2,0
1077,31717,1,0
1079,35221,1,0
1079,37710,5,0
1076,39275,3,0
1075,39928,2,0
1077,40706,6,0
1078,40706,5,1
1076,43352,4,0
1078,45007,3,0
1077,46979,4,0
1075,47626,1,0
1077,47626,7,1
1074,47766,2,0
1077,47766,3,1
1075,49683,3,0
1078,49683,4,1
1081,196,7,0
1082,5077,8,0
1083,5077,2,1
1085,6184,5,0
1082,8518,7,0
1086,8518,5,1
1082,10749,9,0
1086,10749,6,1
1085,14233,2,0
1084,14947,2,0
1085,14947,3,1
1086,14947,1,1
1085,21709,1,0
1086,21709,2,1
1086,22825,7,0
1081,24852,1,0
1082,24852,2,1
1085,24852,6,1
1081,26209,3,0
1086,26620,8,0
1083,27086,3,0
1081,27845,6,0
1082,27845,1,1
1083,27845,1,1
1082,28842,3,0
1083,30489,4,0
1081,31717,4,0
1082,31717,5,1
1086,35221,3,0
1084,39928,1,0
1081,43154,5,0
1082,43154,6,1
1086,44632,4,0
1085,47209,4,0
1081,47626,2,0
1085,49235,7,0
1082,49683,4,0
1089,196,4,0
1089,4605,5,0
1090,5077,2,0
1091,6184,5,0
1089,14233,3,0
1092,14233,8,1
1091,14947,3,0
1092,16797,2,0
1092,21137,3,0
1092,21709,1,0
1091,22825,4,0
1089,22935,1,0
1088,24852,1,0
1093,24852,2,1
1088,26209,3,0
1090,27086,3,0
1091,27086,1,1
1090,27845,1,0
1092,27966,4,0
1093,27966,4,1
1092,35221,7,0
1089,35951,2,0
1090,35951,4,1
1090,39275,5,0
1092,39275,5,1
1093,39275,3,1
1092,40706,6,0
1093,44632,1,0
1088,47626,2,0
1088,49235,4,0
1091,49683,2,0
1103,196,1,0
1101,5077,2,0
1102,6184,5,0
1102,8518,6,0
1097,10749,3,0
1100,12341,3,0
1098,13176,8,0
1095,14947,1,0
1099,14947,6,1
1103,17794,5,0
1099,21137,1,0
1095,21709,2,0
1096,21709,1,1
1100,21709,2,1
1096,21903,4,0
1099,21903,4,1
1102,21903,7,1
1100,22935,4,0
1102,22935,1,1
1095,24852,5,0
1096,24852,2,1
1099,24852,2,1
1103,24852,2,1
1102,24964,2,0
1103,24964,4,1
1097,26209,4,0
1098,26209,5,1
1096,26620,5,0
1101,27086,3,0
1100,27845,1,0
1101,27845,1,1
1098,30489,4,0
1099,30489,7,1
1098,31717,7,0
1101,31717,4,1
1095,35221,3,0
1098,39928,2,0
1097,40706,2,0
1099,43154,5,0
1102,43154,8,1
1095,43352,6,0
1097,43352,1,1
1095,44632,4,0
1098,44632,3,1
1098,45007,1,0
1102,45007,3,1
1096,47766,3,0
1099,47766,3,1
1098,49683,6,0
1102,49683,4,1
1103,49683,3,1
1108,196,8,0
1107,12341,5,0
1111,12341,2,1
1105,14947,5,0
1107,14947,1,1
1105,16797,1,0
1106,16797,2,1
1111,17794,4,0
1110,18523,4,0
1105,21288,2,0
1111,21288,3,1
1106,21709,1,0
1107,21709,2,1
1108,21709,1,1
1109,22935,1,0
1111,22935,5,1
1106,24852,4,0
1109,24964,2,0
1110,27966,1,0
1108,28204,5,0
1110,28204,3,1
1107,35221,3,0
1108,35221,3,1
1111,35221,7,1
1107,35951,6,0
1105,39275,3,0
1110,39275,6,1
1108,43154,7,0
1105,43352,4,0
1106,43352,3,1
1107,44632,4,0
1109,45007,3,0
1110,46979,2,0
1108,47209,6,0
1108,47766,2,0
1111,49235,1,0
1108,49683,4,0
1109,49683,4,1
1110,49683,5,1
1111,49683,6,1
1117,196,2,0
1117,8518,4,0
1116,13176,3,0
1113,16797,1,0
1113,21137,2,0
1117,21137,1,1
1114,21709,4,0
1114,21903,5,0
1115,21903,6,1
1117,22935,5,0
1113,24852,6,0
1114,24852,1,1
1117,24852,9,1
1116,24964,2,0
1114,26209,3,0
1116,26620,4,0
1117,26620,7,1
1115,27845,8,0
1116,27845,1,1
1113,27966,3,0
1113,28204,5,0
1116,28204,5,1
1114,30489,7,0
1115,31717,3,0
1114,34126,6,0
1115,34126,2,1
1115,35221,4,0
1113,39275,4,0
1117,39275,6,1
1115,39928,1,0
1116,40706,6,0
1117,45007,8,0
1115,46979,5,0
1117,46979,3,1
1114,47626,2,0
1115,47766,7,0
1120,6184,5,0
1125,13176,1,0
1125,21137,2,0
1120,21288,3,0
1123,21288,4,1
1121,21709,2,0
1123,21903,3,0
1124,21903,5,1
1125,22825,4,0
1122,22935,1,0
1125,24184,5,0
1119,24852,1,0
1122,24852,6,1
1123,24852,1,1
1120,24964,2,0
1122,24964,2,1
1119,26209,3,0
1123,26209,5,1
1124,26209,3,1
1119,26620,4,0
1121,26620,3,1
1125,26620,6,1
1120,27086,6,0
1124,27104,2,0
1120,27845,1,0
1124,27845,1,1
1124,31717,4,0
1120,35221,4,0
1122,39275,5,0
1121,44632,1,0
1125,44632,7,1
1122,45007,3,0
1125,47209,3,0
1119,47626,2,0
1122,47626,7,1
1123,47766,2,0
1122,49683,4,0
1127,4605,1,0
1127,5876,4,0
1129,5876,6,1
1127,13176,5,0
1127,14233,3,0
1129,16797,1,0
1127,21137,2,0
1129,21288,2,0
1130,21288,1,1
1127,21903,6,0
1128,22935,6,0
1127,24852,7,0
1128,24852,3,1
1129,26209,5,0
1128,26620,2,0
1128,27845,1,0
1130,28204,2,0
1128,35951,4,0
1130,37710,4,0
1129,39275,3,0
1130,39928,5,0
1129,43352,4,0
1129,44632,8,0
1130,46979,3,0
1129,47209,7,0
1128,47766,5,0
1128,49235,7,0
1132,196,5,0
1136,196,7,1
1133,5077,6,0
1132,6184,2,0
1132,10749,1,0
1133,14947,1,0
1134,14947,3,1
1135,16797,3,0
1133,17794,5,0
1136,17794,4,1
1132,18523,3,0
1134,21137,7,0
1136,21288,1,0
1133,21709,2,0
1134,21709,6,1
1135,21709,1,1
1134,21903,4,0
1135,21903,2,1
1133,26620,4,0
1134,27086,1,0
1136,30489,5,0
1136,34126,6,0
1133,35221,3,0
1136,35221,3,1
1133,44632,8,0
1134,44632,2,1
1132,47209,4,0
1133,47626,7,0
1134,47626,8,1
1136,47626,2,1
1132,49235,6,0
1134,49683,5,0
1142,4605,4,0
1144,4605,6,1
1144,5876,8,0
1144,12341,2,0
1145,13176,1,0
1140,14233,1,0
1145,14233,6,1
1140,14947,2,0
1143,14947,1,1
1138,16797,6,0
1139,16797,1,1
1141,16797,1,1
1146,16797,1,1
1139,21137,2,0
1141,21137,2,1
1143,21137,5,1
1145,21137,4,1
1146,21137,2,1
1138,21288,7,0
1140,21709,3,0
1143,21709,2,1
1144,21709,1,1
1144,21903,4,0
1143,22935,8,0
1138,24852,1,0
1145,24852,7,1
1138,26209,3,0
1143,26620,4,0
1145,26620,2,1
1141,27086,5,0
1144,27086,3,1
1144,27845,5,0
1139,27966,3,0
1141,27966,3,1
1142,27966,3,1
1145,27966,3,1
1146,27966,3,1
1140,28204,4,0
1143,28204,6,1
1146,28204,6,1
1142,30489,6,0
1142,31717,1,0
1144,31717,7,1
1142,34126,5,0
1138,35221,4,0
1143,35221,3,1
1146,35221,5,1
1145,37710,5,0
1139,39275,4,0
1141,39275,4,1
1146,39275,4,1
1146,39928,7,0
1138,46979,5,0
1142,47209,2,0
1138,47626,2,0
1143,47766,7,0
1146,49235,8,0
1154,5077,7,0
1149,13176,2,0
1152,14233,1,0
1153,14233,5,1
1148,14947,1,0
1153,14947,1,1
1154,14947,1,1
1154,16797,6,0
1149,21137,3,0
1150,21137,1,1
1153,21137,8,1
1151,21288,1,0
1148,21709,2,0
1149,21709,1,1
1153,21709,2,1
1154,21709,2,1
1150,21903,4,0
1151,21903,4,1
1150,24852,2,0
1150,26209,7,0
1148,26620,4,0
1152,27086,2,0
1152,27104,4,0
1154,30489,5,0
1148,35221,3,0
1153,35221,3,1
1154,35221,3,1
1153,35951,6,0
1150,39275,6,0
1153,39275,7,1
1151,40706,3,0
1150,43352,5,0
1153,44632,4,0
1154,44632,4,1
1151,46979,2,0
1149,47209,4,0
1150,47766,3,0
1152,49683,3,0
1154,49683,8,1
1158,196,2,0
1156,5077,5,0
1158,5077,4,1
1161,5077,2,1
1163,12341,6,0
1156,14947,1,0
1157,16797,5,0
1156,21709,2,0
1161,21903,5,0
1158,22825,1,0
1162,22935,1,0
1157,24852,1,0
1159,24852,1,1
1160,24964,2,0
1161,24964,4,1
1162,24964,2,1
1157,26209,3,0
1159,26209,3,1
1163,26209,4,1
1159,26620,4,0
1163,26620,1,1
1161,27086,3,0
1163,27086,2,1
1156,27845,6,0
1158,27845,3,1
1161,27845,1,1
1161,27966,6,0
1163,31717,7,0
1156,35221,3,0
1163,35221,5,1
1157,39275,6,0
1161,43154,7,0
1163,43352,3,0
1156,44632,4,0
1162,45007,3,0
1157,47626,2,0
1159,47626,2,1
1160,47766,1,0
1157,49683,4,0
1162,49683,4,1
1165,4605,2,0
1166,5077,4,0
1166,5876,6,0
1165,10749,5,0
1166,13176,1,0
1168,13176,1,1
1169,13176,4,1
1170,13176,1,1
1171,13176,1,1
1167,16797,7,0
1169,18523,2,0
1166,21137,2,0
1167,21137,2,1
1168,21137,2,1
1170,21137,2,1
1165,21903,3,0
1166,21903,5,1
1171,21903,4,1
1166,24852,7,0
1167,24852,3,1
1167,26209,5,0
1170,26209,5,1
1165,27086,1,0
1167,27845,1,0
1165,27966,4,0
1170,28204,6,0
1171,28204,2,1
1167,30489,8,0
1170,30489,7,1
1167,35951,6,0
1170,35951,4,1
1168,37710,4,0
1169,39928,3,0
1169,45007,1,0
1171,45007,3,1
1166,47209,3,0
1168,47209,3,1
1170,47209,3,1
1167,47626,4,0
1165,49235,6,0
1169,49235,5,1
1174,8518,2,0
1174,12341,4,0
1174,13176,1,0
1176,16797,2,0
1175,21137,1,0
1173,21288,3,0
1173,21903,1,0
1176,22935,5,0
1175,24964,3,0
1174,26209,5,0
1173,26620,2,0
1176,26620,3,1
1174,27966,3,0
1175,35221,5,0
1176,35221,4,1
1176,43154,1,0
1175,45007,4,0
1175,47766,2,0
1179,196,3,0
1183,196,1,1
1182,5077,2,0
1183,5876,2,0
1178,8518,5,0
1182,10749,4,0
1181,14947,1,0
1184,16797,2,0
1179,21137,7,0
1180,21137,3,1
1179,21709,2,0
1181,21709,2,1
1181,21903,6,0
1182,21903,6,1
1185,21903,2,1
1178,24852,1,0
1178,24964,6,0
1181,24964,5,1
1178,26209,3,0
1180,26209,1,1
1184,26209,1,1
1178,26620,4,0
1181,26620,4,1
1179,27086,6,0
1182,27086,3,1
1179,27845,1,0
1182,27845,1,1
1179,27966,4,0
1185,28204,1,0
1183,31717,3,0
1179,35221,5,0
1181,35221,3,1
1184,35951,4,0
1182,43154,5,0
1180,43352,4,0
1184,44632,5,0
1183,47209,4,0
1178,47626,2,0
1180,47766,2,0
1184,49683,3,0
1190,196,1,0
1191,4605,6,0
1192,5876,6,0
1189,8518,5,0
1187,10749,4,0
1190,13176,4,0
1193,13176,6,1
1188,14233,2,0
1188,14947,3,0
1192,14947,2,1
1187,16797,3,0
1191,16797,2,1
1194,16797,2,1
1191,21137,1,0
1188,21288,1,0
1189,21288,6,1
1192,21288,1,1
1193,21288,7,1
1188,21709,4,0
1189,21709,1,1
1191,21709,3,1
1192,21709,3,1
1193,21709,1,1
1193,21903,4,0
1195,21903,1,1
1190,22825,3,0
1194,22825,6,1
1194,22935,8,0
1193,24852,2,0
1190,24964,2,0
1189,26620,4,0
1192,26620,5,1
1189,27966,2,0
1195,28842,3,0
1194,30489,1,0
1187,31717,2,0
1192,31717,7,1
1192,35221,4,0
1194,35221,7,1
1189,35951,3,0
1188,39275,5,0
1193,39275,5,1
1194,39275,3,1
1195,39275,5,1
1191,40706,5,0
1195,40706,6,1
1195,43154,4,0
1194,45007,4,0
1187,47209,1,0
1195,47209,2,1
1191,47626,4,0
1193,47766,3,0
1194,49235,5,0
1188,49683,6,0
1205,5876,6,0
1200,6184,2,0
1198,8518,5,0
1198,13176,4,0
1202,13176,1,1
1204,13176,3,1
1205,13176,4,1
1201,14233,1,0
1197,14947,7,0
1201,14947,2,1
1197,16797,1,0
1200,16797,1,1
1204,17794,1,0
1205,18523,3,0
1197,21137,5,0
1200,21137,3,1
1202,21137,2,1
1205,21137,1,1
1197,21288,2,0
1198,21288,1,1
1200,21709,4,0
1201,21709,3,1
1204,21709,6,1
1205,21709,5,1
1197,21903,8,0
1199,21903,6,1
1203,21903,3,1
1204,22825,4,0
1205,22935,2,0
1203,24852,1,0
1204,26209,2,0
1199,26620,5,0
1199,27104,2,0
1199,27845,1,0
1203,27845,4,1
1198,31717,2,0
1204,31717,5,1
1197,39275,3,0
1204,39928,7,0
1199,43154,3,0
1197,43352,4,0
1198,43352,3,1
1199,46979,4,0
1197,47209,6,0
1202,47209,3,1
1203,47766,2,0
1215,4605,6,0
1214,5077,2,0
1212,6184,4,0
1209,8518,4,0
1213,10749,4,0
1214,10749,6,1
1211,12341,4,0
1207,14947,4,0
1214,14947,5,1
1207,16797,2,0
1210,16797,1,1
1210,17794,7,0
1215,17794,4,1
1210,21137,2,0
1208,21709,1,0
1215,21709,1,1
1214,21903,4,0
1208,22825,2,0
1213,22935,2,0
1211,24184,3,0
1210,24852,6,0
1212,24852,3,1
1215,24852,5,1
1208,24964,4,0
1213,26209,3,0
1215,26620,3,0
1212,27086,2,0
1214,27086,3,1
1215,27086,2,1
1207,27845,6,0
1210,27845,5,1
1211,27845,1,1
1213,27845,1,1
1214,27845,1,1
1210,27966,3,0
1213,30489,7,0
1211,31717,5,0
1209,35221,1,0
1211,37710,2,0
1210,39275,4,0
1213,40706,6,0
1207,47209,3,0
1208,47209,3,1
1207,47626,5,0
1209,47626,3,1
1213,47626,5,1
1210,47766,8,0
1211,47766,6,1
1212,47766,1,1
1209,49235,2,0
1207,49683,1,0
1208,49683,5,1
1218,196,5,0
1222,10749,6,0
1217,13176,2,0
1219,13176,4,1
1222,13176,2,1
1218,16797,1,0
1218,21288,2,0
1219,21288,5,1
1220,21903,3,0
1219,24852,1,0
1220,24852,1,1
1222,24852,1,1
1219,26209,3,0
1220,27104,4,0
1221,27845,1,0
1218,27966,6,0
1217,30489,3,0
1218,39275,3,0
1220,39275,5,1
1222,39275,5,1
1221,39928,2,0
1218,43352,4,0
1221,43352,3,1
1222,44632,4,0
1217,45007,1,0
1222,47209,3,0
1219,47626,2,0
1222,47626,7,1
1219,47766,6,0
1220,47766,2,1
1217,49235,4,0
1220,49235,6,1
1224,13176,1,0
1228,13176,3,1
1229,14947,2,0
1225,16797,1,0
1227,16797,1,1
1230,16797,1,1
1224,21137,2,0
1226,21137,3,1
1227,21137,2,1
1229,21137,1,1
1230,21137,2,1
1225,21288,2,0
1226,21288,4,1
1228,21288,7,1
1228,21709,8,0
1229,21709,3,1
1227,27966,3,0
1228,27966,5,1
1230,27966,3,1
1226,31717,1,0
1228,35221,1,0
1229,35221,4,1
1228,35951,6,0
1226,37710,2,0
1225,39275,3,0
1227,39275,4,1
1230,39275,4,1
1228,43154,2,0
1225,43352,4,0
1229,44632,5,0
1226,45007,5,0
1224,47209,3,0
1228,49683,4,0
1235,10749,1,0
1235,13176,6,0
1236,13176,2,1
1235,14233,4,0
1237,14233,1,1
1237,14947,2,0
1233,16797,1,0
1234,16797,2,1
1235,16797,5,1
1233,21137,2,0
1234,21288,1,0
1236,21288,1,1
1237,21709,3,0
1236,21903,4,0
1232,22935,1,0
1233,22935,6,1
1232,24852,2,0
1233,26620,5,0
1233,27966,3,0
1235,30489,3,0
1237,35221,4,0
1233,39275,4,0
1235,45007,2,0
1236,47209,3,0
1234,49683,3,0
1239,196,5,0
1241,5876,7,0
1242,14233,1,0
1239,14947,1,0
1242,14947,2,1
1241,16797,1,0
1243,16797,1,1
1244,16797,1,1
1241,21137,5,0
1243,21137,2,1
1241,21288,2,0
1244,21288,2,1
1239,21709,2,0
1240,21709,3,1
1242,21709,3,1
1242,22825,5,0
1241,24184,6,0
1239,27104,6,0
1240,27104,1,1
1242,27845,4,0
1243,27966,3,0
1240,30489,2,0
1239,35221,3,0
1239,37710,8,0
1241,39275,3,0
1243,39275,4,1
1244,39275,3,1
1240,40706,4,0
1241,43352,4,0
1244,43352,4,1
1239,44632,4,0
1239,47766,7,0
1249,196,3,0
1247,4605,2,0
1249,4605,4,1
1247,5876,4,0
1246,14233,1,0
1246,14947,2,0
1249,16797,5,0
1246,21709,3,0
1247,21709,1,1
1248,21709,2,1
1246,24964,6,0
1249,24964,1,1
1246,27966,5,0
1246,28204,4,0
1248,30489,3,0
1247,31717,3,0
1247,34126,6,0
1246,35221,7,0
1247,37710,5,0
1248,47209,1,0
1249,47209,2,1
1255,196,7,0
1251,5077,2,0
1257,8518,5,0
1255,13176,6,0
1254,14947,1,0
1252,16797,1,0
1254,16797,8,1
1252,21137,6,0
1252,21288,2,0
1255,21288,8,1
1254,21709,2,0
1255,21709,1,1
1253,22935,1,0
1257,22935,1,1
1255,24852,2,0
1257,24852,6,1
1253,24964,2,0
1257,24964,2,1
1251,26209,4,0
1253,26209,6,1
1255,26209,4,1
1257,26209,7,1
1251,27086,3,0
1251,27845,1,0
1256,27845,1,1
1255,27966,5,0
1254,30489,5,0
1251,31717,5,0
1253,34126,7,0
1254,35221,3,0
1256,35951,4,0
1252,39275,3,0
1257,39275,8,1
1256,39928,2,0
1252,43352,4,0
1253,43352,5,1
1254,44632,4,0
1253,45007,3,0
1257,45007,3,1
1253,46979,8,0
1256,47209,5,0
1252,47626,5,0
1255,47626,3,1
1256,47626,3,1
1254,49235,7,0
1253,49683,4,0
1254,49683,6,1
1257,49683,4,1
1261,196,4,0
1261,5876,6,0
1259,10749,5,0
1260,13176,1,0
1261,13176,8,1
1261,14233,7,0
1260,21137,2,0
1261,21137,1,1
1261,21288,5,0
1261,22935,2,0
1259,27086,3,0
1261,28204,3,0
1259,35951,4,0
1259,44632,1,0
1260,47209,3,0
1259,47766,2,0
1266,196,6,0
1264,5077,2,0
1269,5077,2,1
1263,12341,7,0
1271,12341,5,1
1270,14233,4,0
1268,14947,2,0
1265,16797,2,0
1263,21137,4,0
1265,21288,3,0
1268,21709,3,0
1267,21903,4,0
1268,22935,6,0
1263,24184,3,0
1266,24852,2,0
1267,24852,2,1
1271,24852,1,1
1265,24964,9,0
1271,26209,3,0
1263,26620,6,0
1271,26620,6,1
1264,27086,3,0
1265,27086,1,1
1269,27086,3,1
1270,27086,3,1
1263,27104,5,0
1264,27845,1,0
1267,27845,1,1
1268,27845,1,1
1269,27845,1,1
1266,27966,4,0
1270,27966,2,1
1271,28842,4,0
1263,31717,2,0
1266,31717,5,1
1270,31717,1,1
1265,34126,6,0
1268,35221,4,0
1263,37710,1,0
1265,37710,8,1
1265,39275,4,0
1269,39928,4,0
1266,40706,3,0
1267,40706,5,1
1265,43154,7,0
1265,43352,5,0
1268,44632,5,0
1266,45007,1,0
1264,47209,4,0
1271,47626,2,0
1267,47766,3,0
1271,49235,7,0
1266,49683,7,0
1276,196,6,0
1275,8518,2,0
1277,13176,3,0
1274,14947,1,0
1277,14947,4,1
1273,16797,1,0
1276,16797,1,1
1273,21137,2,0
1277,21288,5,0
1274,21709,2,0
1275,21709,1,1
1275,24964,3,0
1273,26209,7,0
1275,26209,4,1
1276,27086,4,0
1273,27966,3,0
1277,28204,2,0
1276,28842,2,0
1275,31717,5,0
1274,35221,3,0
1273,35951,8,0
1273,39275,4,0
1277,39275,1,1
1273,39928,6,0
1276,40706,5,0
1276,43154,3,0
1274,44632,4,0
1273,45007,5,0
1275,47626,6,0
1279,5077,2,0
1279,5876,6,0
1281,5876,2,1
1284,8518,1,0
1279,13176,4,0
1283,13176,5,1
1282,14233,2,0
1282,14947,3,0
1283,14947,2,1
1281,16797,6,0
1284,16797,4,1
1280,21137,1,0
1282,21288,1,0
1282,21709,4,0
1283,21709,1,1
1281,22935,3,0
1279,27086,3,0
1280,27086,2,1
1279,27845,1,0
1280,27966,4,0
1284,27966,3,1
1281,28204,5,0
1280,31717,3,0
1281,35221,7,0
1283,35221,3,1
1281,37710,8,0
1284,39275,6,0
1279,40706,5,0
1281,40706,4,1
1282,40706,6,1
1284,43352,2,0
1283,44632,4,0
1281,46979,1,0
1279,47209,7,0
1282,47626,5,0
1280,47766,5,0
1284,49235,5,0
1286,5077,4,0
1286,8518,6,0
1286,13176,1,0
1287,13176,5,1
1287,14233,4,0
1288,14233,6,1
1288,16797,1,0
1286,21137,2,0
1288,21137,2,1
1287,21288,2,0
1287,24852,1,0
1287,26209,3,0
1288,27966,3,0
1288,39275,4,0
1286,43154,7,0
1288,43352,7,0
1286,44632,5,0
1286,47209,3,0
1288,49683,5,0
1295,196,1,0
1292,4605,3,0
1294,4605,2,1
1293,5876,6,0
1291,8518,2,0
1295,8518,3,1
1292,12341,1,0
1295,14233,5,0
1293,14947,1,0
1292,16797,5,0
1295,21137,4,0
1291,21709,5,0
1293,21709,2,1
1294,21709,1,1
1290,21903,3,0
1293,21903,7,1
1294,21903,4,1
1295,21903,6,1
1290,22825,4,0
1290,24852,1,0
1291,24964,6,0
1291,26209,4,0
1293,26620,4,0
1294,27086,3,0
1292,34126,7,0
1293,35221,3,0
1295,35221,2,1
1291,39275,1,0
1290,39928,5,0
1292,43154,6,0
1291,45007,3,0
1290,47209,6,0
1292,47209,4,1
1292,47626,2,0
1293,47626,8,1
1290,47766,2,0
1294,49235,5,0
1293,49683,5,0
1302,5876,4,0
1302,8518,5,0
1300,12341,7,0
1298,13176,3,0
1299,13176,1,1
1300,13176,8,1
1303,13176,1,1
1300,14947,1,0
1304,16797,1,0
1298,17794,5,0
1302,17794,2,1
1297,18523,7,0
1299,21137,2,0
1301,21137,1,1
1304,21137,2,1
1301,21288,3,0
1298,21709,4,0
1299,21709,5,1
1300,21709,2,1
1303,21709,2,1
1300,21903,5,0
1297,24852,1,0
1301,24852,5,1
1297,26209,3,0
1303,26209,5,1
1298,26620,1,0
1300,26620,4,1
1297,27104,5,0
1301,27104,2,1
1302,27845,1,0
1302,27966,6,0
1304,27966,3,1
1303,30489,3,0
1297,34126,6,0
1300,35221,3,0
1302,39275,7,0
1303,39275,4,1
1304,39275,4,1
1300,39928,6,0
1301,39928,4,1
1299,40706,4,0
1302,40706,3,1
1297,47209,4,0
1299,47209,3,1
1297,47626,2,0
1298,49683,2,0
1308,5077,2,0
1309,14947,1,0
1306,16797,1,0
1307,21137,5,0
1306,21288,2,0
1307,21288,1,1
1309,21709,2,0
1310,21709,2,1
1309,21903,6,0
1310,21903,3,1
1309,24852,5,0
1307,24964,2,0
1310,24964,4,1
1308,26209,4,0
1306,26620,5,0
1308,27086,3,0
1310,27086,6,1
1308,27845,1,0
1310,27845,1,1
1309,35221,3,0
1310,35221,7,1
1306,39275,3,0
1306,43352,4,0
1309,44632,4,0
1307,45007,3,0
1307,47209,4,0
1308,47209,5,1
1310,49235,5,0
1308,49683,6,0
1314,5876,6,0
1314,12341,4,0
1315,12341,3,1
1314,13176,3,0
1316,13176,5,1
1315,14947,4,0
1318,14947,1,1
1315,21137,1,0
1316,21709,1,0
1318,21709,2,1
1312,21903,3,0
1316,21903,7,1
1319,21903,3,1
1315,22825,7,0
1313,22935,1,0
1320,22935,2,1
1312,24852,1,0
1313,24852,8,1
1317,24852,1,1
1319,24852,1,1
1320,24852,4,1
1313,24964,2,0
1312,26209,4,0
1315,26209,6,1
1317,26209,3,1
1316,27086,6,0
1318,27104,5,0
1320,27104,6,1
1320,27966,1,0
1313,28204,7,0
1313,35221,5,0
1318,35221,3,1
1319,35951,4,0
1313,37710,6,0
1316,40706,2,0
1316,44632,3,0
1318,44632,4,1
1313,45007,3,0
1316,45007,4,1
1320,45007,3,1
1314,47209,1,0
1315,47209,2,1
1314,47626,5,0
1315,47626,5,1
1317,47626,2,1
1312,47766,2,0
1314,47766,2,1
1319,47766,2,1
1320,47766,5,1
1315,49235,8,0
1313,49683,4,0
1326,196,7,0
1323,4605,4,0
1322,6184,1,0
1326,8518,4,0
1326,12341,6,0
1330,12341,1,1
1323,13176,1,0
1326,13176,1,1
1323,14233,7,0
1327,14233,2,1
1329,14233,1,1
1324,14947,1,0
1327,14947,5,1
1322,17794,3,0
1323,18523,5,0
1323,21137,2,0
1325,21137,5,1
1326,21137,2,1
1327,21137,1,1
1325,21288,3,0
1328,21288,3,1
1324,21709,2,0
1325,21709,1,1
1328,21709,1,1
1326,21903,5,0
1329,21903,4,1
1322,22935,2,0
1327,24184,4,0
1329,24184,3,1
1325,24964,2,0
1329,24964,2,1
1328,26209,5,0
1330,26209,2,1
1324,35221,3,0
1325,39275,4,0
1330,39275,3,1
1327,39928,3,0
1328,43352,4,0
1324,44632,4,0
1328,45007,6,0
1323,47209,3,0
1326,47209,3,1
1323,47626,6,0
1328,47626,2,1
1338,196,5,0
1339,196,4,1
1332,5077,5,0
1340,5077,2,1
1339,10749,5,0
1334,13176,3,0
1336,13176,1,1
1338,14233,1,0
1339,14233,2,1
1333,14947,7,0
1338,14947,2,1
1339,14947,3,1
1337,16797,7,0
1334,21137,4,0
1335,21137,1,1
1336,21137,2,1
1337,21137,1,1
1334,21288,6,0
1334,21709,2,0
1338,21709,3,1
1339,21709,1,1
1332,21903,3,0
1339,21903,6,1
1335,22935,6,0
1332,24852,1,0
1333,24852,3,1
1337,24852,8,1
1335,24964,3,0
1333,26209,5,0
1339,26209,7,1
1335,26620,4,0
1337,26620,2,1
1333,27086,2,0
1340,27086,3,1
1337,27104,6,0
1333,27845,1,0
1334,27845,1,1
1340,27845,1,1
1333,28204,6,0
1333,28842,8,0
1336,28842,6,1
1338,34126,4,0
1335,35221,5,0
1334,35951,7,0
1332,39275,4,0
1332,40706,7,0
1335,40706,2,1
1336,44632,5,0
1337,45007,3,0
1334,47209,5,0
1336,47209,3,1
1337,47209,5,1
1332,47626,6,0
1333,47626,4,1
1335,47626,7,1
1332,47766,2,0
1336,47766,4,1
1337,49235,4,0
1345,196,4,0
1343,4605,2,0
1347,8518,4,0
1343,13176,4,0
1345,13176,3,1
1345,14947,5,0
1346,14947,8,1
1343,16797,5,0
1343,21709,1,0
1346,21709,1,1
1342,21903,3,0
1346,21903,2,1
1347,22935,2,0
1342,24852,1,0
1344,24852,1,1
1347,24852,3,1
1344,26209,3,0
1346,26209,6,1
1346,27966,7,0
1343,28842,3,0
1345,30489,1,0
1347,35221,1,0
1346,35951,3,0
1346,37710,4,0
1346,40706,5,0
1346,45007,9,0
1342,47209,4,0
1343,47626,6,0
1344,47626,2,1
1345,47626,2,1
1342,47766,2,0
1352,196,1,0
1352,5876,4,0
1351,6184,1,0
1350,12341,2,0
1351,14233,3,0
1349,14947,1,0
1350,16797,8,0
1351,21137,5,0
1352,21137,3,1
1349,21709,2,0
1350,21709,1,1
1351,21709,2,1
1350,21903,4,0
1350,22825,7,0
1350,26209,6,0
1350,27086,5,0
1352,27966,5,0
1349,28842,5,0
1352,30489,7,0
1349,35221,3,0
1351,39275,4,0
1352,43154,2,0
1349,44632,4,0
1350,44632,3,1
1352,46979,6,0
1354,5077,2,0
1355,5077,2,1
1355,8518,5,0
1357,14947,1,0
1357,21709,2,0
1356,21903,3,0
1356,24852,1,0
1357,26620,4,0
1355,27086,3,0
1355,27845,1,0
1354,28204,3,0
1355,28842,4,0
1357,35221,3,0
1354,39275,1,0
1355,39275,6,1
1356,47766,2,0
1365,4605,4,0
1364,5077,6,0
1366,5077,2,1
1365,5876,6,0
1365,8518,7,0
1361,12341,1,0
1362,12341,4,1
1364,14947,1,0
1359,21709,4,0
1360,21709,2,1
1364,21709,2,1
1362,21903,3,0
1363,21903,4,1
1365,22825,3,0
1362,22935,5,0
1360,24852,1,0
1362,24852,1,1
1363,24852,2,1
1366,27086,3,0
1360,27845,3,0
1363,27845,1,1
1366,27845,1,1
1359,28204,1,0
1365,28842,5,0
1359,30489,3,0
1364,35221,3,0
1361,40706,4,0
1361,43352,3,0
1364,43352,7,1
1364,44632,4,0
1365,47209,1,0
1361,47626,2,0
1365,47626,2,1
1359,47766,2,0
1362,47766,2,1
1363,47766,3,1
1364,47766,5,1
1374,196,3,0
1375,13176,1,0
1371,14233,2,0
1375,14233,4,1
1371,16797,3,0
1375,16797,7,1
1376,16797,4,1
1373,18523,6,0
1373,21137,3,0
1375,21137,2,1
1376,21137,3,1
1372,21288,1,0
1376,21288,1,1
1371,22825,5,0
1368,22935,1,0
1369,22935,1,1
1370,22935,1,1
1372,22935,2,1
1376,22935,2,1
1369,24964,2,0
1370,24964,2,1
1376,24964,5,1
1370,27845,5,0
1371,27845,1,1
1373,27845,2,1
1373,28204,1,0
1369,31717,6,0
1373,34126,5,0
1375,34126,5,1
1374,35221,1,0
1368,35951,2,0
1371,35951,4,1
1374,39275,5,0
1369,40706,5,0
1371,40706,6,1
1375,40706,6,1
1373,43154,4,0
1369,44632,7,0
1369,45007,3,0
1370,45007,3,1
1374,46979,2,0
1375,47209,3,0
1374,49235,4,0
1369,49683,4,0
1370,49683,4,1
1374,49683,6,1
1378,196,1,0
1378,5077,5,0
1379,5077,3,1
1382,5077,4,1
1385,6184,6,0
1382,8518,3,0
1383,13176,1,0
1379,14947,4,0
1384,14947,1,1
1379,16797,6,0
1380,16797,4,1
1381,21137,1,0
1382,21137,1,1
1383,21137,2,1
1384,21709,2,0
1385,21709,1,1
1380,21903,3,0
1384,24184,6,0
1380,24852,1,0
1382,24852,5,1
1386,26209,1,0
1378,27104,3,0
1379,27845,7,0
1383,27966,7,0
1383,34126,6,0
1386,34126,3,1
1379,35221,5,0
1384,35221,3,1
1385,35221,4,1
1380,35951,6,0
1385,37710,3,0
1379,40706,1,0
1381,40706,3,1
1382,43352,2,0
1380,44632,5,0
1384,44632,4,1
1385,44632,5,1
1384,45007,5,0
1385,46979,7,0
1386,46979,2,1
1378,47209,4,0
1383,47209,3,1
1385,47209,2,1
1383,47626,5,0
1378,47766,2,0
1380,47766,2,1
1383,47766,4,1
1381,49235,2,0
1379,49683,2,0
1388,4605,4,0
1390,4605,2,1
1389,5876,5,0
1390,8518,4,0
1390,10749,6,0
1389,14947,4,0
1390,14947,5,1
1389,16797,1,0
1388,21137,6,0
1390,21709,1,0
1391,21709,1,1
1391,24852,2,0
1388,24964,1,0
1388,26209,3,0
1391,26209,4,1
1389,26620,2,0
1389,34126,3,0
1388,37710,5,0
1389,46979,6,0
1390,46979,3,1
1391,47626,3,0
1388,49235,2,0
1393,4605,7,0
1395,5876,5,0
1397,5876,1,1
1395,8518,7,0
1394,14233,4,0
1393,14947,1,0
1395,14947,1,1
1395,21137,8,0
1393,21709,2,0
1394,21709,1,1
1395,21709,2,1
1396,21709,1,1
1393,21903,5,0
1396,21903,3,1
1398,21903,3,1
1396,24852,2,0
1398,24852,1,1
1395,26620,6,0
1398,27086,4,0
1394,27845,2,0
1394,31717,5,0
1393,35221,3,0
1395,35221,3,1
1394,35951,6,0
1396,40706,5,0
1398,40706,5,1
1393,43154,6,0
1394,43352,8,0
1393,44632,4,0
1394,44632,3,1
1395,44632,4,1
1397,46979,2,0
1394,47209,7,0
1396,47209,4,1
1398,47766,2,0
1398,49235,6,0
1393,49683,8,0
1405,196,4,0
1403,5876,5,0
1401,6184,5,0
1405,6184,5,1
1401,13176,2,0
1400,14947,1,0
1402,14947,2,1
1404,14947,1,1
1403,16797,1,0
1401,21137,3,0
1402,21137,1,1
1403,21288,2,0
1400,21709,2,0
1401,21709,1,1
1402,21709,3,1
1404,21709,2,1
1405,21709,1,1
1403,22825,6,0
1402,22935,7,0
1405,24964,8,0
1402,26209,8,0
1400,26620,4,0
1402,26620,5,1
1405,27086,2,0
1404,27966,6,0
1404,28204,5,0
1401,28842,6,0
1405,30489,3,0
1405,34126,6,0
1400,35221,3,0
1402,35221,4,1
1404,35221,3,1
1404,37710,7,0
1403,39275,3,0
1402,40706,6,0
1401,43352,7,0
1403,43352,4,1
1404,44632,4,0
1405,46979,7,0
1401,47209,4,0
1409,4605,4,0
1408,5077,3,0
1411,5876,5,0
1409,8518,3,0
1412,12341,5,0
1410,13176,1,0
1407,16797,1,0
1409,16797,2,1
1411,16797,6,1
1411,21137,4,0
1407,21288,2,0
1408,21288,1,1
1408,21903,2,0
1412,21903,4,1
1408,22935,4,0
1410,24852,3,0
1411,24852,2,1
1412,24852,2,1
1409,27086,1,0
1412,27845,1,0
1412,37710,7,0
1407,39275,3,0
1407,43352,4,0
1409,44632,5,0
1410,45007,2,0
1411,45007,1,1
1412,45007,6,1
1408,47626,5,0
1412,47766,3,0
1411,49683,3,0
1414,5077,2,0
1415,5077,2,1
1416,5876,4,0
1416,6184,5,0
1417,13176,1,0
1418,13176,1,1
1418,21137,2,0
1417,21288,2,0
1417,24852,3,0
1415,24964,5,0
1414,27086,3,0
1415,27086,3,1
1416,27086,1,1
1414,27845,1,0
1415,27845,1,1
1418,28204,4,0
1415,40706,4,0
1416,47209,3,0
1418,47209,3,1
1416,47626,2,0
1420,196,3,0
1426,196,6,1
1427,5876,2,0
1427,12341,4,0
1422,13176,2,0
1427,14947,3,0
1424,16797,1,0
1426,16797,2,1
1427,17794,6,0
1422,21137,3,0
1423,21137,3,1
1425,21137,6,1
1426,21288,3,0
1427,21709,5,0
1420,21903,4,0
1421,22935,1,0
1423,22935,4,1
1421,24852,2,0
1425,24852,1,1
1420,24964,5,0
1421,26209,3,0
1425,26209,3,1
1420,27845,6,0
1422,27845,1,1
1426,27845,1,1
1420,27966,1,0
1425,27966,7,1
1423,31717,1,0
1426,39275,4,0
1425,40706,4,0
1426,43352,5,0
1420,44632,2,0
1421,44632,5,1
1424,46979,2,0
1422,47209,4,0
1421,47626,4,0
1423,47626,2,1
1425,47626,2,1
1425,47766,5,0
1427,49235,1,0
1432,196,5,0
1435,196,8,1
1433,6184,1,0
1435,6184,7,1
1433,12341,5,0
1434,12341,5,1
1435,16797,1,0
1432,21137,6,0
1434,21137,3,1
1431,21288,5,0
1435,21288,2,1
1436,21288,1,1
1429,21903,3,0
1430,21903,3,1
1431,21903,2,1
1433,22825,4,0
1432,22935,1,0
1433,22935,2,1
1434,22935,1,1
1429,24852,1,0
1430,24852,1,1
1436,24852,2,1
1429,24964,5,0
1432,24964,2,1
1435,26209,6,0
1436,26209,4,1
1431,27086,6,0
1433,27845,3,0
1431,35221,3,0
1434,39275,2,0
1435,39275,3,1
1431,43352,1,0
1435,43352,4,1
1435,44632,5,0
1431,45007,4,0
1432,45007,3,1
1434,46979,4,0
1436,47626,3,0
1429,47766,2,0
1430,47766,2,1
1434,47766,7,1
1429,49235,4,0
1432,49683,4,0
1434,49683,6,1
1444,4605,6,0
1442,5077,6,0
1441,12341,1,0
1440,13176,6,0
1444,13176,1,1
1441,14233,5,0
1444,14233,4,1
1442,14947,2,0
1440,16797,1,0
1440,21137,7,0
1444,21137,2,1
1445,21137,1,1
1440,21288,2,0
1443,21288,8,1
1442,21709,3,0
1443,21709,1,1
1438,22935,1,0
1439,22935,2,1
1441,22935,6,1
1441,24852,7,0
1438,24964,2,0
1443,24964,5,1
1440,26209,5,0
1441,26620,2,0
1442,26620,5,1
1445,26620,5,1
1443,27086,2,0
1445,27086,2,1
1439,27845,1,0
1441,27845,3,1
1442,27845,1,1
1443,27966,3,0
1438,30489,6,0
1443,30489,9,1
1441,31717,4,0
1445,34126,4,0
1442,35221,4,0
1445,35221,3,1
1440,39275,3,0
1443,39275,4,1
1440,43352,4,0
1438,45007,3,0
1444,45007,5,1
1438,47209,5,0
1442,47209,7,1
1444,47209,3,1
1443,47626,6,0
1440,47766,8,0
1443,47766,7,1
1438,49683,4,0
1448,13176,2,0
1447,14233,4,0
1450,14947,1,0
1447,16797,5,0
1448,16797,6,1
1451,16797,1,1
1452,16797,1,1
1448,21137,3,0
1451,21137,2,1
1448,21288,1,0
1452,21288,2,1
1450,21709,2,0
1447,21903,2,0
1449,21903,3,1
1450,22935,5,0
1449,24852,1,0
1450,26620,4,0
1447,27086,7,0
1447,27966,1,0
1451,27966,3,1
1447,31717,6,0
1450,35221,3,0
1451,39275,4,0
1452,39275,3,1
1452,43352,4,0
1448,47209,4,0
1449,47766,2,0
1447,49235,8,0
1448,49235,5,1
1452,49235,5,1
1447,49683,3,0
1451,49683,5,1
1454,10749,6,0
1456,12341,2,0
1454,14947,1,0
1454,21709,2,0
1457,21709,4,1
1457,21903,3,0
1454,24852,5,0
1455,27104,1,0
1455,27845,5,0
1455,27966,2,0
1457,27966,5,1
1454,35221,3,0
1457,35221,6,1
1456,35951,1,0
1457,35951,7,1
1455,39275,4,0
1457,39928,1,0
1457,43352,2,0
1454,44632,4,0
1455,47766,3,0
1459,196,6,0
1461,196,6,1
1460,5077,2,0
1463,5077,2,1
1459,5876,8,0
1461,5876,9,1
1461,14947,2,0
1459,16797,1,0
1461,21137,8,0
1462,21137,3,1
1459,21288,2,0
1460,21288,4,1
1461,21709,3,0
1462,21709,1,1
1460,27086,3,0
1461,27086,1,1
1463,27086,3,1
1460,27845,1,0
1463,27845,1,1
1459,30489,7,0
1462,30489,4,1
1459,35221,5,0
1461,35221,4,1
1459,39275,3,0
1462,39928,6,0
1461,40706,7,0
1462,43154,2,0
1459,43352,4,0
1461,44632,5,0
1460,47626,5,0
1462,47626,5,1
1466,4605,1,0
1470,5077,2,0
1471,5077,5,1
1466,12341,2,0
1467,12341,5,1
1470,12341,6,1
1468,13176,1,0
1469,14233,5,0
1466,14947,3,0
1468,21137,2,0
1469,21137,1,1
1470,21288,4,0
1467,21709,1,0
1467,21903,3,0
1471,21903,4,1
1465,22935,1,0
1467,22935,4,1
1469,24184,6,0
1469,24852,2,0
1471,24852,2,1
1465,24964,2,0
1469,26209,4,0
1470,27086,3,0
1471,27086,1,1
1470,27845,1,0
1467,35951,6,0
1467,39275,2,0
1470,39275,5,1
1469,43154,7,0
1465,45007,3,0
1468,47209,3,0
1469,47626,3,0
1471,47766,3,0
1465,49683,4,0
1473,4605,5,0
1475,5077,3,0
1475,14233,5,0
1473,14947,1,0
1474,14947,1,1
1473,21288,7,0
1474,21288,7,1
1473,21709,2,0
1474,21709,2,1
1475,21709,1,1
1475,22935,7,0
1474,24852,5,0
1475,26209,6,0
1473,26620,4,0
1474,26620,4,1
1475,27086,4,0
1475,27845,2,0
1473,35221,3,0
1474,35221,3,1
1474,35951,6,0
1473,40706,8,0
1474,43154,8,0
1473,49683,6,0
1475,49683,8,1
1485,196,6,0
1482,5077,2,0
1478,12341,5,0
1481,13176,1,0
1482,13176,5,1
1480,14947,1,0
1478,16797,2,0
1485,16797,1,1
1481,18523,6,0
1481,21137,2,0
1479,21288,1,0
1484,21288,3,1
1485,21288,2,1
1480,21709,2,0
1477,21903,3,0
1479,21903,4,1
1484,21903,2,1
1477,24852,1,0
1479,24852,2,1
1481,24852,7,1
1485,26209,5,0
1482,27086,3,0
1483,27086,3,1
1478,27845,1,0
1482,27845,1,1
1481,27966,5,0
1484,27966,1,1
1480,35221,3,0
1478,35951,3,0
1480,35951,6,1
1482,35951,4,1
1481,39275,4,0
1485,39275,3,1
1480,40706,5,0
1484,40706,4,1
1485,43154,8,0
1485,43352,4,0
1480,44632,4,0
1483,44632,5,1
1478,45007,4,0
1483,45007,2,1
1481,47209,3,0
1477,47626,4,0
1483,47626,4,1
1485,47626,7,1
1477,47766,2,0
1479,47766,3,1
1483,47766,1,1
1477,49683,5,0
1494,4605,6,0
1488,5876,2,0
1488,10749,1,0
1491,12341,4,0
1492,13176,1,0
1489,14233,6,0
1489,14947,1,0
1490,16797,1,0
1491,16797,5,1
1493,16797,1,1
1490,21137,2,0
1492,21137,2,1
1493,21288,2,0
1489,21709,2,0
1491,21903,1,0
1492,21903,4,1
1487,22935,2,0
1489,22935,5,1
1492,22935,7,1
1494,22935,1,1
1491,24852,6,0
1494,24964,2,0
1491,26209,3,0
1493,26620,5,0
1487,27086,1,0
1489,27966,7,0
1490,27966,3,1
1493,27966,7,1
1489,35221,3,0
1492,37710,6,0
1490,39275,4,0
1493,39275,3,1
1494,39928,5,0
1493,40706,6,0
1493,43352,4,0
1489,44632,4,0
1490,44632,5,1
1491,45007,7,0
1494,45007,3,1
1492,47209,3,0
1492,47626,5,0
1488,49235,3,0
1489,49235,8,1
1491,49683,2,0
1494,49683,4,1
1498,196,4,0
1502,5077,4,0
1500,6184,3,0
1504,10749,3,0
1504,13176,7,0
1502,14233,3,0
1496,14947,3,0
1497,14947,1,1
1499,14947,1,1
1504,14947,6,1
1499,16797,8,0
1503,16797,1,1
1498,17794,3,0
1501,21288,5,0
1503,21288,2,1
1504,21288,1,1
1497,21709,2,0
1498,21709,1,1
1499,21709,2,1
1496,22935,1,0
1501,22935,1,1
1503,22935,6,1
1496,24184,5,0
1499,24852,7,0
1501,24964,2,0
1504,24964,4,1
1496,26209,2,0
1501,26209,8,1
1497,26620,4,0
1500,26620,4,1
1499,27104,6,0
1496,27845,4,0
1500,27845,1,1
1501,27966,7,0
1500,28842,2,0
1498,34126,2,0
1497,35221,3,0
1499,35221,3,1
1504,35951,8,0
1502,37710,1,0
1503,39275,3,0
1504,39275,2,1
1504,39928,5,0
1500,40706,6,0
1503,40706,5,1
1503,43352,4,0
1498,44632,5,0
1499,44632,4,1
1498,45007,6,0
1501,45007,3,1
1499,47209,5,0
1501,49235,6,0
1502,49235,2,1
1500,49683,5,0
1501,49683,4,1
1508,196,5,0
1506,5077,2,0
1509,5077,2,1
1508,16797,1,0
1508,21288,2,0
1507,24184,3,0
1507,26209,2,0
1506,27086,3,0
1507,27086,1,1
1509,27086,3,1
1506,27845,1,0
1509,27845,1,1
1508,39275,3,0
1508,43352,4,0
1514,196,2,0
1517,196,3,1
1519,5876,5,0
1515,13176,1,0
1518,13176,1,1
1512,14233,2,0
1513,14233,4,1
1514,14233,3,1
1512,14947,3,0
1516,14947,2,1
1511,16797,3,0
1519,16797,1,1
1517,17794,1,0
1519,18523,7,0
1515,21137,2,0
1516,21137,1,1
1518,21137,2,1
1512,21288,1,0
1519,21288,2,1
1512,21709,4,0
1516,21709,3,1
1517,21903,2,0
1518,22935,4,0
1511,24964,1,0
1513,26209,2,0
1515,26209,4,1
1513,26620,1,0
1513,27086,3,0
1519,27104,8,0
1512,27845,5,0
1515,27966,5,0
1516,35221,4,0
1517,35221,4,1
1518,39275,5,0
1519,39275,3,1
1514,43352,1,0
1519,43352,4,1
1516,44632,5,0
1515,47209,3,0
1518,47209,3,1
1514,47766,4,0
1511,49683,2,0
1519,49683,6,1
1522,5077,2,0
1522,6184,7,0
1522,10749,4,0
1525,12341,6,0
1523,13176,2,0
1521,14947,1,0
1525,14947,3,1
1523,21137,3,0
1521,21709,2,0
1525,21709,2,1
1524,21903,3,0
1525,22935,4,0
1524,24964,2,0
1524,26209,7,0
1522,27086,3,0
1523,27086,1,1
1522,27845,1,0
1522,28204,5,0
1524,31717,5,0
1525,31717,5,1
1521,35221,3,0
1521,44632,4,0
1523,45007,5,0
1523,47209,4,0
1524,47626,1,0
1522,47766,6,0
1525,47766,1,1
1524,49235,6,0
1524,49683,4,0
1527,5077,3,0
1533,13176,4,0
1527,16797,7,0
1529,16797,2,1
1530,16797,2,1
1532,17794,1,0
1527,21709,6,0
1529,21709,1,1
1533,21903,3,0
1529,22825,3,0
1528,22935,4,0
1531,22935,1,1
1527,24852,5,0
1533,24852,1,1
1527,24964,2,0
1531,24964,2,1
1527,27086,1,0
1528,27845,1,0
1528,28204,2,0
1528,30489,3,0
1530,35221,3,0
1531,40706,5,0
1529,44632,4,0
1527,45007,4,0
1531,45007,3,1
1532,45007,3,1
1530,47209,1,0
1533,47766,2,0
1531,49683,4,0
1532,49683,2,1
1537,5077,5,0
1537,10749,8,0
1535,12341,7,0
1537,13176,4,0
1537,14947,7,0
1535,16797,4,0
1537,16797,9,1
1536,21288,4,0
1535,22935,6,0
1537,22935,6,1
1535,24852,1,0
1536,24852,1,1
1535,26209,3,0
1536,26209,3,1
1537,27845,1,0
1535,35221,5,0
1537,46979,2,0
1535,47626,2,0
1536,47626,2,1
1536,47766,5,0
1537,47766,3,1
1536,49235,6,0
1540,5077,2,0
1543,5077,3,1
1539,8518,5,0
1544,13176,1,0
1540,14233,6,0
1544,14233,3,1
1539,14947,1,0
1541,14947,2,1
1542,14947,1,1
1541,21137,8,0
1539,21709,2,0
1541,21709,3,1
1542,21709,2,1
1543,21709,1,1
1544,21709,2,1
1545,21903,1,0
1542,22935,6,0
1540,27086,3,0
1541,27086,1,1
1543,27086,4,1
1545,27104,4,0
1540,27845,1,0
1543,27845,2,1
1545,27845,3,1
1541,27966,7,0
1542,27966,5,1
1539,35221,3,0
1541,35221,4,1
1542,35221,3,1
1539,44632,4,0
1541,44632,5,1
1542,44632,4,1
1544,44632,4,1
1540,45007,7,0
1542,45007,7,1
1545,45007,2,1
1540,46979,5,0
1540,47209,4,0
1543,47209,5,1
1541,49683,6,0
1550,196,3,0
1547,4605,3,0
1554,5077,5,0
1550,13176,4,0
1554,13176,8,1
1549,14233,6,0
1551,14233,5,1
1547,16797,1,0
1548,16797,6,1
1552,17794,2,0
1554,17794,7,1
1554,21137,6,0
1548,21288,5,0
1549,21288,1,1
1549,21903,4,0
1551,21903,3,1
1547,24852,2,0
1548,24852,4,1
1549,24852,2,1
1551,24852,1,1
1552,24852,1,1
1552,24964,3,0
1548,26620,3,0
1550,26620,1,1
1554,26620,4,1
1548,27845,1,0
1551,27845,4,1
1553,27845,3,1
1553,27966,1,0
1554,27966,3,1
1548,35221,2,0
1554,35221,2,1
1549,40706,8,0
1549,43352,5,0
1553,43352,2,1
1549,44632,7,0
1553,45007,4,0
1550,47626,2,0
1553,47626,5,1
1554,47626,1,1
1549,47766,3,0
1551,47766,2,1
1556,6184,4,0
1558,13176,4,0
1559,14233,2,0
1557,14947,1,0
1559,14947,3,1
1557,21709,2,0
1559,21709,4,1
1556,24852,7,0
1558,24852,1,1
1556,24964,3,0
1558,26209,3,0
1556,27845,2,0
1559,27845,1,1
1557,35221,3,0
1556,37710,5,0
1558,39928,5,0
1559,43154,5,0
1557,44632,4,0
1556,47209,8,0
1558,47626,2,0
1556,47766,1,0
1556,49235,6,0
1558,49683,6,0
1561,196,2,0
1562,196,2,1
1565,4605,6,0
1567,4605,5,1
1562,5077,3,0
1566,5077,5,1
1563,6184,4,0
1566,6184,4,1
1562,8518,7,0
1564,12341,4,0
1565,12341,7,1
1561,13176,5,0
1562,13176,9,1
1566,13176,7,1
1566,14233,1,0
1565,14947,1,0
1566,14947,2,1
1561,21137,1,0
1562,21137,1,1
1567,21137,1,1
1565,21709,2,0
1566,21709,3,1
1567,21709,3,1
1563,22935,3,0
1564,24964,1,0
1567,26209,2,0
1563,26620,1,0
1564,26620,2,1
1567,28204,4,0
1566,28842,6,0
1563,30489,2,0
1561,35221,3,0
1565,35221,3,1
1562,37710,5,0
1563,37710,5,1
1562,39275,8,0
1561,40706,4,0
1564,44632,3,0
1565,44632,4,1
1562,45007,6,0
1561,46979,6,0
1565,46979,5,1
1562,47626,4,0
1571,6184,2,0
1569,14947,1,0
1572,16797,1,0
1572,21288,2,0
1569,21709,2,0
1570,21709,1,1
1570,22935,2,0
1570,24964,3,0
1571,24964,1,1
1569,35221,3,0
1572,39275,3,0
1572,43352,4,0
1569,44632,4,0
1570,45007,4,0
1570,49683,5,0
1574,196,5,0
1574,6184,8,0
1577,8518,2,0
1574,14233,6,0
1576,14947,5,0
1577,14947,5,1
1575,16797,1,0
1577,16797,7,1
1577,17794,4,0
1577,18523,6,0
1576,21137,7,0
1575,21288,2,0
1578,21288,1,1
1577,21709,1,0
1576,21903,4,0
1574,22825,7,0
1574,22935,1,0
1575,24852,6,0
1574,24964,2,0
1578,24964,2,1
1577,26209,3,0
1576,27086,3,0
1576,27845,1,0
1575,27966,7,0
1578,27966,5,1
1576,30489,6,0
1578,31717,3,0
1575,39275,3,0
1576,39928,2,0
1575,43352,4,0
1574,45007,3,0
1575,47209,5,0
1578,47209,4,1
1574,49683,4,0
1584,5077,2,0
1583,5876,5,0
1584,6184,4,0
1581,12341,5,0
1580,13176,1,0
1582,13176,2,1
1581,14947,6,0
1582,14947,5,1
1583,14947,4,1
1580,16797,4,0
1581,16797,1,1
1582,16797,3,1
1583,16797,7,1
1580,17794,5,0
1580,21137,2,0
1581,21137,2,1
1582,21288,1,0
1583,21709,1,0
1584,24852,6,0
1584,27086,3,0
1584,27845,1,0
1581,27966,3,0
1583,27966,2,1
1583,34126,3,0
1581,39275,4,0
1583,43154,6,0
1584,45007,5,0
1582,46979,4,0
1580,47209,3,0
1586,196,5,0
1588,196,8,1
1589,4605,7,0
1587,5077,4,0
1591,5876,4,0
1586,6184,6,0
1587,6184,5,1
1588,12341,2,0
1586,14947,1,0
1589,14947,2,1
1588,16797,9,0
1589,21288,1,0
1591,21288,5,1
1586,21709,2,0
1587,21709,1,1
1589,21709,3,1
1590,21709,1,1
1591,21903,2,0
1587,22825,6,0
1587,22935,2,0
1590,22935,2,1
1589,24184,9,0
1590,24964,4,0
1589,26209,6,0
1588,27086,1,0
1590,28204,5,0
1588,28842,5,0
1588,31717,7,0
1586,35221,3,0
1589,35221,4,1
1588,35951,6,0
1590,39275,3,0
1587,39928,3,0
1591,40706,3,0
1591,43154,1,0
1586,44632,4,0
1587,44632,7,1
1589,44632,5,1
1588,45007,4,0
1586,47209,7,0
1589,47626,8,0
1588,47766,3,0
1598,196,7,0
1599,6184,2,0
1597,8518,6,0
1593,13176,1,0
1595,14233,5,0
1594,14947,1,0
1595,14947,1,1
1597,16797,3,0
1598,16797,2,1
1593,21137,2,0
1598,21288,1,0
1599,21288,1,1
1600,21288,6,1
1594,21709,2,0
1595,21709,2,1
1600,21903,3,0
1596,24852,5,0
1600,24852,1,1
1594,24964,7,0
1597,24964,2,1
1594,27086,6,0
1600,27845,7,0
1597,27966,1,0
1598,27966,6,1
1596,34126,4,0
1597,34126,5,1
1594,35221,3,0
1595,35221,3,1
1596,35221,3,1
1597,39275,7,0
1598,39275,3,1
1600,39275,4,1
1598,39928,5,0
1596,40706,1,0
1596,43154,2,0
1598,43352,4,0
1594,44632,4,0
1595,44632,4,1
1593,47209,3,0
1600,47626,5,0
1600,47766,2,0
1597,49235,4,0
1599,49235,3,1
1594,49683,5,0
1604,4605,5,0
1602,13176,1,0
1602,14233,4,0
1603,16797,1,0
1602,21137,2,0
1603,21137,2,1
1604,21903,2,0
1602,26209,6,0
1604,26620,4,0
1603,27966,3,0
1604,28842,3,0
1602,34126,5,0
1603,39275,4,0
1604,44632,1,0
1602,45007,7,0
1602,47209,3,0
1604,49683,6,0
1610,5876,3,0
1610,10749,6,0
1608,13176,1,0
1608,21137,2,0
1609,21137,2,1
1610,21709,2,0
1609,21903,1,0
1609,22935,4,0
1610,22935,5,1
1610,26209,4,0
1606,26620,2,0
1609,27086,5,0
1607,27104,2,0
1606,27966,5,0
1610,28204,1,0
1608,31717,6,0
1608,35221,4,0
1606,37710,4,0
1608,39275,5,0
1609,39928,6,0
1606,44632,1,0
1607,47209,3,0
1608,47209,3,1
1607,47626,1,0
1609,47626,3,1
1606,49683,3,0
1612,4605,8,0
1618,4605,6,1
1613,5077,5,0
1615,5876,1,0
1615,13176,2,0
1612,14947,3,0
1617,14947,8,1
1619,14947,3,1
1616,16797,2,0
1614,21137,3,0
1615,21137,5,1
1616,21137,1,1
1618,21137,4,1
1612,21288,7,0
1614,21288,6,1
1616,21288,3,1
1617,21288,1,1
1613,21709,1,0
1614,22825,1,0
1612,22935,2,0
1617,24852,2,0
1618,24852,1,1
1617,24964,4,0
1618,26209,3,0
1615,27086,7,0
1618,27086,5,1
1612,27104,4,0
1614,27845,5,0
1619,27845,1,1
1613,27966,3,0
1612,30489,5,0
1613,30489,4,1
1615,39275,6,0
1616,39275,4,1
1617,39275,6,1
1612,39928,6,0
1613,40706,2,0
1616,43352,5,0
1617,43352,7,1
1614,44632,4,0
1617,44632,3,1
1613,45007,6,0
1617,45007,5,1
1615,47209,3,0
1619,47209,2,1
1615,47626,4,0
1618,47626,2,1
1612,47766,1,0
1614,49683,2,0
1625,196,2,0
1621,4605,2,0
1624,5876,1,0
1621,6184,4,0
1627,6184,3,1
1624,8518,4,0
1626,8518,1,1
1628,12341,5,0
1621,13176,6,0
1627,13176,5,1
1621,14233,3,0
1627,14233,1,1
1622,16797,1,0
1624,16797,3,1
1625,16797,3,1
1621,18523,7,0
1627,18523,4,1
1622,21137,6,0
1623,21137,6,1
1627,21137,8,1
1622,21288,2,0
1623,21288,1,1
1621,21903,5,0
1624,21903,2,1
1628,21903,3,1
1626,22935,2,0
1628,22935,6,1
1628,24852,1,0
1622,24964,8,0
1626,24964,5,1
1623,27086,5,0
1623,27845,2,0
1628,27966,4,0
1622,28204,7,0
1627,30489,2,0
1623,35221,7,0
1627,35221,7,1
1626,35951,4,0
1621,37710,1,0
1627,37710,6,1
1622,39275,3,0
1623,39275,4,1
1622,39928,5,0
1623,40706,3,0
1625,43154,1,0
1622,43352,4,0
1624,47766,5,0
1628,47766,2,1
1626,49683,3,0
1630,6184,5,0
1631,10749,6,0
1634,12341,4,0
1634,13176,1,0
1633,14233,3,0
1633,16797,4,0
1634,16797,5,1
1636,16797,1,1
1631,18523,3,0
1634,21137,2,0
1635,21137,1,1
1633,21709,2,0
1635,21903,4,0
1633,22935,5,0
1630,24852,1,0
1633,24852,8,1
1635,24852,2,1
1631,24964,1,0
1633,24964,1,1
1630,26209,3,0
1633,26209,6,1
1632,27845,1,0
1630,28204,4,0
1633,30489,7,0
1631,31717,5,0
1636,39275,2,0
1636,40706,3,0
1632,43352,4,0
1634,46979,6,0
1632,47209,2,0
1634,47209,3,1
1630,47626,2,0
1632,47766,3,0
1634,47766,7,1
1635,47766,3,1
1631,49235,2,0
1631,49683,4,0
1638,5077,2,0
1638,12341,5,0
1641,13176,3,0
1640,16797,3,0
1641,21137,4,0
1641,21288,2,0
1639,21903,3,0
1640,21903,7,1
1639,24852,1,0
1640,24852,8,1
1640,24964,1,0
1640,26209,4,0
1640,26620,6,0
1638,27086,3,0
1641,27086,7,1
1638,27845,1,0
1641,27845,1,1
1641,27966,6,0
1640,28204,2,0
1638,30489,4,0
1640,44632,5,0
1641,47209,5,0
1639,47766,2,0
1644,5876,2,0
1647,5876,4,1
1643,10749,4,0
1646,12341,1,0
1647,13176,5,0
1644,14233,4,0
1644,21903,5,0
1645,21903,3,1
1646,21903,3,1
1647,21903,3,1
1643,24852,1,0
1645,24852,1,1
1647,24852,1,1
1643,26209,3,0
1645,27086,5,0
1644,27845,1,0
1645,28842,7,0
1644,35951,3,0
1645,40706,4,0
1646,40706,2,1
1645,45007,6,0
1643,47626,2,0
1645,47766,2,0
1647,47766,2,1
1651,4605,4,0
1651,10749,2,0
1649,13176,1,0
1652,17794,5,0
1649,21137,2,0
1651,21903,1,0
1652,22935,1,0
1652,24964,2,0
1650,27845,1,0
1649,28842,4,0
1651,28842,3,1
1650,43154,2,0
1652,45007,3,0
1649,47209,3,0
1652,49683,4,0
1660,4605,6,0
1656,5077,5,0
1656,6184,6,0
1659,6184,7,1
1660,6184,5,1
1659,13176,1,0
1660,13176,1,1
1654,14233,1,0
1657,14233,2,1
1658,14233,6,1
1656,16797,1,0
1660,16797,7,1
1659,21137,2,0
1660,21137,2,1
1661,21137,1,1
1656,21288,2,0
1658,21903,3,0
1659,22825,5,0
1658,24852,1,0
1654,27086,2,0
1657,27086,1,1
1659,27086,4,1
1661,27086,2,1
1655,28204,1,0
1658,30489,4,0
1660,30489,4,1
1655,31717,2,0
1658,31717,7,1
1656,35951,7,0
1654,39275,4,0
1656,39275,3,1
1658,43154,5,0
1656,43352,4,0
1661,45007,3,0
1661,46979,4,0
1659,47209,3,0
1660,47209,3,1
1659,47626,6,0
1661,47626,5,1
1654,47766,3,0
1658,47766,2,1
1657,49235,3,0
1663,196,5,0
1669,6184,3,0
1666,12341,3,0
1667,13176,7,0
1668,13176,2,1
1667,14947,2,0
1670,14947,1,1
1663,16797,3,0
1666,16797,5,1
1668,21137,3,0
1670,21137,6,1
1664,21288,1,0
1667,21288,1,1
1666,21709,6,0
1667,21709,3,1
1668,21709,1,1
1670,21709,2,1
1664,24852,2,0
1664,26209,4,0
1666,27104,4,0
1664,27845,6,0
1665,27845,1,1
1669,27845,1,1
1665,27966,4,0
1668,27966,6,1
1669,27966,4,1
1670,28204,5,0
1664,30489,5,0
1667,35221,4,0
1670,35221,3,1
1666,35951,1,0
1665,37710,3,0
1666,37710,2,1
1669,37710,2,1
1663,39928,1,0
1669,40706,5,0
1667,44632,5,0
1668,44632,5,1
1670,44632,4,1
1663,45007,4,0
1668,47209,4,0
1664,47626,3,0
1663,47766,2,0
1667,47766,6,1
1665,49235,2,0
1676,5077,1,0
1677,5077,3,1
1672,5876,4,0
1676,14233,6,0
1676,14947,4,0
1675,17794,4,0
1677,17794,5,1
1673,21137,3,0
1675,21137,5,1
1674,21709,4,0
1677,21709,1,1
1672,21903,3,0
1674,21903,1,1
1675,21903,3,1
1676,24184,3,0
1672,24852,1,0
1675,24852,1,1
1673,24964,1,0
1674,24964,5,1
1677,27086,4,0
1677,27845,2,0
1676,28204,2,0
1673,43154,2,0
1674,43154,3,1
1676,43352,7,0
1672,45007,5,0
1674,47209,6,0
1676,47209,8,1
1674,47626,2,0
1672,47766,2,0
1675,47766,2,1
1676,47766,5,1
1675,49235,6,0
1682,4605,5,0
1682,5077,2,0
1683,8518,4,0
1683,13176,5,0
1679,17794,4,0
1682,21709,6,0
1681,21903,3,0
1682,21903,4,1
1681,24852,1,0
1682,24852,7,1
1680,24964,3,0
1680,27086,2,0
1682,27086,3,1
1682,27845,1,0
1681,28204,4,0
1683,28842,2,0
1683,40706,3,0
1680,43154,1,0
1679,43352,3,0
1681,45007,5,0
1679,47209,2,0
1681,47766,2,0
1679,49235,1,0
1683,49235,1,1
1687,196,2,0
1690,196,3,1
1686,5077,2,0
1685,5876,1,0
1687,5876,7,1
1690,10749,2,0
1689,13176,2,0
1685,14233,3,0
1686,14233,4,1
1687,14233,8,1
1688,14233,2,1
1690,14947,1,0
1687,16797,5,0
1690,18523,4,0
1688,21288,1,0
1691,21709,1,0
1687,21903,6,0
1687,27086,1,0
1686,28204,1,0
1689,28204,1,1
1686,34126,3,0
1691,39928,2,0
1686,40706,5,0
1685,43154,4,0
1687,43154,3,1
1690,43352,7,0
1690,44632,6,0
1687,47766,4,0
1688,47766,3,1
1691,47766,3,1
1690,49235,5,0
1685,49683,2,0
1693,196,3,0
1696,196,7,1
1693,5077,4,0
1695,5876,5,0
1693,6184,1,0
1694,10749,5,0
1697,10749,4,1
1697,12341,5,0
1701,12341,5,1
1695,13176,1,0
1701,14233,7,0
1693,14947,7,0
1694,14947,2,1
1696,14947,2,1
1699,14947,1,1
1695,16797,7,0
1701,16797,1,1
1695,21137,2,0
1700,21137,1,1
1701,21137,2,1
1696,21288,1,0
1694,21709,1,0
1696,21709,3,1
1699,21709,2,1
1699,22935,5,0
1700,24852,3,0
1693,24964,2,0
1698,26209,3,0
1695,26620,4,0
1696,26620,5,1
1697,27845,2,0
1698,27966,5,0
1701,27966,3,1
1693,28204,8,0
1696,28204,6,1
1698,28842,4,0
1694,30489,6,0
1693,31717,6,0
1695,31717,6,1
1694,35221,3,0
1696,35221,4,1
1699,35221,3,1
1697,39275,6,0
1701,39275,4,1
1701,40706,6,0
1698,43352,2,0
1694,44632,4,0
1699,44632,4,1
1694,46979,8,0
1693,47209,5,0
1694,47209,7,1
1695,47209,3,1
1697,47209,3,1
1699,47209,6,1
1700,47626,4,0
1698,47766,1,0
1700,47766,2,1
1697,49235,1,0
1704,4605,2,0
1704,5876,4,0
1704,14947,5,0
1705,16797,5,0
1705,21709,1,0
1705,21903,7,0
1703,22935,4,0
1705,22935,3,1
1705,27086,2,0
1705,28204,4,0
1704,31717,6,0
1703,35221,1,0
1704,40706,7,0
1703,45007,3,0
1704,45007,1,1
1705,46979,6,0
1703,47209,2,0
1704,49683,3,0
1707,5077,2,0
1712,5077,2,1
1709,5876,2,0
1711,10749,5,0
1709,13176,3,0
1708,14233,6,0
1710,21137,1,0
1710,21709,7,0
1707,21903,1,0
1711,21903,6,1
1707,22935,3,0
1710,22935,2,1
1713,24852,1,0
1710,24964,3,0
1712,26209,7,0
1713,26209,3,1
1708,27086,1,0
1709,27086,1,1
1712,27086,3,1
1707,27845,4,0
1711,27845,2,1
1712,27845,1,1
1708,28842,3,0
1709,30489,4,0
1710,35951,6,0
1712,35951,6,1
1708,37710,5,0
1708,39275,4,0
1711,39928,1,0
1712,43352,5,0
1708,44632,2,0
1707,45007,5,0
1710,45007,4,1
1711,47209,4,0
1713,47626,2,0
1711,47766,3,0
1712,49235,4,0
1710,49683,5,0
1717,5077,2,0
1720,5876,4,0
1722,8518,6,0
1719,12341,6,0
1715,13176,4,0
1718,14947,1,0
1719,14947,2,1
1721,14947,1,1
1715,16797,1,0
1715,21137,3,0
1722,21137,5,1
1718,21709,2,0
1719,21709,1,1
1720,21709,1,1
1721,21709,2,1
1722,21709,1,1
1716,21903,3,0
1720,21903,3,1
1723,21903,2,1
1720,24184,5,0
1715,24852,2,0
1722,24852,2,1
1723,24964,5,0
1718,26209,5,0
1720,26209,2,1
1722,26209,4,1
1721,26620,4,0
1717,27086,3,0
1716,27845,1,0
1717,27845,1,1
1719,27845,5,1
1723,27845,1,1
1718,35221,3,0
1719,35221,3,1
1721,35221,3,1
1717,37710,5,0
1718,37710,7,1
1720,37710,6,1
1715,39928,5,0
1723,40706,3,0
1723,43154,4,0
1715,44632,6,0
1718,44632,4,1
1719,44632,4,1
1721,46979,7,0
1719,47209,8,0
1721,47209,6,1
1719,47626,7,0
1722,47626,3,1
1717,47766,4,0
1718,47766,6,1
1721,47766,5,1
1722,47766,7,1
1716,49235,2,0
1729,6184,5,0
1727,8518,6,0
1728,13176,1,0
1730,14233,1,0
1726,14947,2,0
1727,16797,2,0
1726,21137,6,0
1727,21137,3,1
1728,21137,2,1
1726,21709,3,0
1727,21709,1,1
1729,21709,1,1
1725,21903,3,0
1725,24852,1,0
1729,26209,3,0
1725,27845,5,0
1726,27845,1,1
1727,27966,4,0
1725,28204,4,0
1726,35221,4,0
1727,39275,5,0
1729,39275,2,1
1729,40706,4,0
1727,43352,8,0
1726,44632,5,0
1727,45007,7,0
1728,47209,3,0
1730,47626,2,0
1725,47766,2,0
1728,47766,4,1
1737,196,6,0
1732,4605,3,0
1734,4605,7,1
1733,5077,3,0
1737,5077,2,1
1732,6184,2,0
1733,6184,5,1
1732,13176,5,0
1733,14947,7,0
1735,14947,1,1
1737,14947,5,1
1738,14947,2,1
1732,16797,1,0
1737,16797,4,1
1739,16797,1,1
1739,18523,6,0
1733,21288,1,0
1738,21288,1,1
1739,21288,2,1
1734,21709,1,0
1735,21709,2,1
1736,21709,1,1
1737,21709,3,1
1738,21709,3,1
1732,21903,6,0
1736,24852,2,0
1736,26209,4,0
1735,26620,6,0
1733,27086,4,0
1734,27086,2,1
1735,27104,5,0
1733,27845,2,0
1737,27845,1,1
1734,27966,6,0
1735,28204,7,0
1733,31717,6,0
1735,35221,3,0
1738,35221,4,1
1739,35221,7,1
1733,35951,8,0
1734,35951,3,1
1739,39275,3,0
1737,43154,7,0
1738,43154,7,1
1739,43352,4,0
1735,44632,4,0
1738,44632,5,1
1738,45007,6,0
1734,47209,5,0
1736,47626,3,0
1739,47626,5,1
1732,47766,4,0
1739,47766,8,1
1734,49683,4,0
1738,49683,8,1
1743,5077,2,0
1741,5876,3,0
1741,6184,1,0
1742,13176,5,0
1743,13176,4,1
1746,13176,1,1
1741,14947,2,0
1744,14947,2,1
1745,16797,2,0
1746,21137,2,0
1747,21137,1,1
1745,21288,3,0
1742,21709,1,0
1744,21709,3,1
1747,21903,4,0
1741,24852,5,0
1744,24852,7,1
1747,24852,2,1
1742,26209,7,0
1744,26620,8,0
1743,27086,3,0
1744,27086,1,1
1742,27845,6,0
1743,27845,1,1
1745,27845,1,1
1741,27966,6,0
1744,28204,6,0
1744,35221,4,0
1741,37710,4,0
1745,39275,4,0
1742,40706,2,0
1745,43352,5,0
1744,44632,5,0
1744,45007,9,0
1746,47209,3,0
1742,47626,4,0
1747,47766,3,0
1742,49683,3,0
1750,5077,2,0
1750,5876,6,0
1753,5876,1,1
1752,8518,6,0
1750,13176,4,0
1751,13176,1,1
1753,13176,3,1
1749,16797,4,0
1751,21137,2,0
1750,22935,5,0
1753,24964,5,0
1749,26209,3,0
1752,26620,1,0
1749,27086,6,0
1750,27086,3,1
1749,27104,1,0
1750,27845,1,0
1752,27845,2,1
1753,27845,6,1
1751,28204,4,0
1749,37710,2,0
1752,40706,3,0
1751,47209,3,0
1753,47209,4,1
1749,47626,5,0
1752,47626,4,1
1752,49235,5,0
1753,49235,2,1
1755,6184,1,0
1759,6184,7,1
1757,8518,7,0
1756,12341,4,0
1758,14233,5,0
1757,14947,5,0
1759,16797,1,0
1758,21137,3,0
1759,21137,2,1
1758,21709,1,0
1755,21903,2,0
1757,21903,3,1
1757,22935,4,0
1756,24852,2,0
1757,24852,1,1
1756,26209,1,0
1758,26209,4,1
1757,27845,6,0
1758,27845,6,1
1756,27966,3,0
1758,27966,2,1
1759,27966,3,1
1759,28204,6,0
1755,35951,3,0
1759,39275,4,0
1756,46979,6,0
1755,47209,4,0
1757,47766,2,0
1756,49235,5,0
1759,49683,5,0
1763,6184,6,0
1761,8518,3,0
1763,14233,2,0
1766,17794,2,0
1763,21137,3,0
1765,21903,3,0
1764,22935,1,0
1762,24852,1,0
1763,24852,4,1
1765,24852,1,1
1766,24852,3,1
1764,24964,2,0
1762,26209,3,0
1761,26620,4,0
1763,27845,1,0
1761,27966,1,0
1766,28842,1,0
1763,30489,5,0
1766,39275,4,0
1761,40706,2,0
1764,43352,5,0
1761,44632,5,0
1764,45007,3,0
1761,46979,6,0
1762,47626,2,0
1765,47766,2,0
1761,49235,7,0
1764,49683,4,0
1773,196,3,0
1768,5876,7,0
1773,5876,6,1
1768,13176,1,0
1770,13176,5,1
1772,13176,5,1
1773,13176,7,1
1775,13176,1,1
1768,14233,5,0
1771,14233,5,1
1773,14233,1,1
1775,14233,4,1
1769,14947,2,0
1773,14947,2,1
1769,16797,7,0
1774,16797,5,1
1768,21137,2,0
1769,21137,1,1
1771,21137,2,1
1772,21137,4,1
1774,21137,1,1
1769,21709,3,0
1774,21709,2,1
1770,22935,1,0
1775,22935,5,1
1772,24852,1,0
1770,24964,2,0
1772,24964,6,1
1772,26209,3,0
1771,27845,4,0
1769,35221,4,0
1774,35221,4,1
1775,39275,3,0
1774,39928,3,0
1771,43352,3,0
1768,44632,6,0
1769,44632,5,1
1770,45007,3,0
1771,45007,1,1
1773,46979,5,0
1768,47209,3,0
1773,47209,4,1
1775,47209,2,1
1772,47626,2,0
1768,47766,4,0
1769,47766,6,1
1770,49683,4,0
1778,14233,6,0
1779,18523,5,0
1778,21903,7,0
1778,24184,2,0
1778,27086,3,0
1779,27845,4,0
1777,27966,4,0
1778,27966,1,1
1779,30489,3,0
1777,35221,2,0
1779,39275,2,0
1777,43352,1,0
1779,47209,1,0
1778,47626,4,0
1778,47766,5,0
1777,49683,3,0
1782,4605,6,0
1781,13176,1,0
1782,14947,2,0
1783,16797,7,0
1781,21137,2,0
1782,21137,1,1
1782,21709,3,0
1783,21709,1,1
1783,22935,2,0
1783,24964,3,0
1782,26620,5,0
1781,30489,4,0
1782,35221,4,0
1783,37710,8,0
1783,43154,6,0
1783,45007,4,0
1781,47209,3,0
1783,49683,5,0
1788,4605,2,0
1787,5876,4,0
1789,12341,3,0
1785,14233,1,0
1785,14947,2,0
1788,17794,4,0
1785,21709,3,0
1786,22935,4,0
1787,24852,1,0
1788,24852,5,1
1786,24964,2,0
1789,24964,2,1
1786,26209,1,0
1787,26209,3,1
1788,26209,7,1
1786,27086,5,0
1788,27845,1,0
1789,27845,1,1
1786,27966,3,0
1786,37710,6,0
1788,40706,6,0
1788,43154,3,0
1787,47626,2,0
1787,49235,5,0
1789,49235,4,1
1794,5077,2,0
1795,5077,4,1
1796,12341,5,0
1792,13176,2,0
1793,13176,6,1
1792,14233,6,0
1796,14233,4,1
1797,14233,1,1
1798,14947,1,0
1791,16797,1,0
1792,16797,5,1
1792,17794,7,0
1795,17794,2,1
1792,21137,3,0
1793,21137,1,1
1791,21288,2,0
1792,21288,1,1
1792,21709,8,0
1798,21709,2,1
1793,21903,3,0
1793,22825,4,0
1796,22825,7,1
1791,22935,5,0
1793,22935,2,1
1795,22935,5,1
1795,24184,6,0
1793,24964,7,0
1796,24964,2,1
1794,27086,3,0
1795,27086,1,1
1794,27845,1,0
1797,27845,2,1
1794,31717,4,0
1798,35221,3,0
1791,39275,3,0
1796,40706,6,0
1791,43352,4,0
1797,44632,3,0
1798,44632,4,1
1795,45007,3,0
1791,47209,6,0
1792,47209,4,1
1796,47209,3,1
1793,47766,5,0
1796,49683,1,0
1801,5876,2,0
1800,12341,1,0
1802,14233,1,0
1802,14947,2,0
1800,17794,2,0
1802,21709,3,0
1801,22935,1,0
1800,28204,3,0
1805,196,6,0
1807,5077,2,0
1811,6184,4,0
1804,13176,4,0
1808,13176,6,1
1811,13176,6,1
1805,16797,2,0
1809,21137,1,0
1805,21288,3,0
1811,21288,7,1
1810,21709,3,0
1809,21903,4,0
1811,21903,3,1
1806,22935,1,0
1808,22935,2,1
1804,24852,1,0
1805,24852,9,1
1809,24852,2,1
1811,24852,1,1
1806,24964,2,0
1808,24964,3,1
1804,26209,3,0
1807,27086,3,0
1808,27086,1,1
1805,27845,1,0
1807,27845,1,1
1810,27845,1,1
1810,31717,4,0
1805,39275,4,0
1810,39275,2,1
1805,43352,5,0
1809,44632,5,0
1806,45007,3,0
1808,45007,4,1
1811,47209,5,0
1804,47626,2,0
1805,47626,7,1
1805,47766,8,0
1809,47766,3,1
1811,47766,2,1
1806,49683,4,0
1808,49683,5,1
1818,5077,3,0
1821,5876,7,0
1818,8518,5,0
1820,8518,4,1
1821,10749,9,0
1813,13176,2,0
1820,13176,6,1
1819,14233,2,0
1816,14947,1,0
1817,14947,1,1
1819,14947,3,1
1815,16797,1,0
1817,16797,5,1
1814,18523,6,0
1821,21137,1,0
1815,21288,2,0
1818,21288,1,1
1816,21709,2,0
1817,21709,2,1
1819,21709,4,1
1814,22935,1,0
1817,22935,6,1
1821,22935,2,1
1820,24852,1,0
1814,24964,2,0
1821,24964,3,1
1820,26209,3,0
1816,26620,4,0
1818,26620,6,1
1821,26620,8,1
1818,27086,4,0
1819,27086,1,1
1815,27104,5,0
1818,27845,2,0
1818,28204,7,0
1820,30489,5,0
1820,31717,7,0
1815,34126,6,0
1816,35221,3,0
1817,35221,3,1
1814,39275,5,0
1815,39275,3,1
1813,43154,3,0
1815,43352,4,0
1817,44632,4,0
1813,45007,4,0
1814,45007,3,1
1821,45007,4,1
1815,47626,7,0
1820,47626,2,1
1813,47766,1,0
1821,47766,6,1
1814,49683,4,0
1821,49683,5,1
1828,196,4,0
1829,4605,6,0
1826,13176,2,0
1825,14233,4,0
1829,14947,5,0
1823,16797,1,0
1829,16797,1,1
1825,17794,6,0
1826,17794,8,1
1828,17794,6,1
1826,21137,3,0
1827,21137,5,1
1823,21288,2,0
1824,21288,1,1
1829,21288,2,1
1828,21709,5,0
1829,21709,7,1
1824,21903,4,0
1830,21903,3,1
1827,22935,1,0
1824,24852,2,0
1825,24852,1,1
1828,24852,1,1
1830,24852,1,1
1827,24964,2,0
1828,26209,3,0
1825,27086,3,0
1826,27845,1,0
1826,27966,6,0
1826,31717,7,0
1826,34126,5,0
1823,39275,3,0
1829,39275,3,1
1823,43352,4,0
1829,43352,4,1
1827,45007,3,0
1826,47209,4,0
1828,47626,2,0
1824,47766,3,0
1830,47766,2,1
1825,49235,2,0
1825,49683,5,0
1827,49683,4,1
1832,196,1,0
1833,12341,3,0
1832,14233,2,0
1832,14947,5,0
1834,21709,2,0
1833,22935,1,0
1833,24964,4,0
1833,26209,2,0
1834,27966,4,0
1834,34126,3,0
1832,43352,4,0
1834,45007,1,0
1832,47626,3,0
1834,47766,5,0
1836,196,5,0
1838,5077,4,0
1837,6184,8,0
1838,12341,2,0
1836,16797,1,0
1838,16797,3,1
1836,21137,2,0
1837,21137,7,1
1837,21288,1,0
1837,24964,6,0
1838,24964,1,1
1837,26620,5,0
1836,27966,3,0
1836,28842,6,0
1836,39275,4,0
1837,40706,2,0
1836,45007,7,0
1837,47626,3,0
1837,49235,4,0
1840,5077,5,0
1843,5876,5,0
1842,14233,2,0
1840,14947,1,0
1842,14947,3,1
1840,21709,2,0
1842,21709,4,1
1843,21709,4,1
1843,21903,3,0
1840,24852,6,0
1841,24852,2,1
1843,24852,1,1
1840,24964,8,0
1841,26209,4,0
1841,27086,1,0
1842,27845,1,0
1840,35221,3,0
1843,39275,6,0
1840,44632,4,0
1841,47626,3,0
1843,47766,2,0
1840,49235,7,0
1845,5876,7,0
1848,6184,6,0
1848,13176,2,0
1849,13176,5,1
1845,14947,2,0
1847,14947,5,1
1849,14947,1,1
1847,16797,1,0
1850,16797,2,1
1848,21137,3,0
1847,21288,2,0
1846,21709,2,0
1848,21709,1,1
1849,21709,2,1
1845,21903,1,0
1846,21903,5,1
1850,21903,7,1
1850,22935,5,0
1845,24852,6,0
1846,24852,3,1
1845,24964,5,0
1851,26620,2,0
1847,27104,8,0
1850,27104,3,1
1846,27845,1,0
1848,27845,5,1
1845,27966,3,0
1850,27966,4,1
1845,28204,4,0
1851,28204,4,1
1849,35221,3,0
1851,35221,1,1
1847,39275,3,0
1851,39275,3,1
1847,43154,7,0
1847,43352,4,0
1849,44632,4,0
1850,45007,1,0
1848,47209,4,0
1849,47209,6,1
1846,47766,4,0
1846,49235,6,0
1847,49235,6,1
1850,49235,6,1
1854,5077,6,0
1856,5077,2,1
1853,14233,1,0
1856,14233,3,1
1853,14947,2,0
1855,17794,3,0
1853,21709,3,0
1854,21709,1,1
1854,21903,4,0
1853,22935,4,0
1854,24852,2,0
1856,24964,6,0
1854,26620,5,0
1855,27086,1,0
1855,27966,4,0
1856,34126,4,0
1854,35221,7,0
1853,39275,5,0
1855,40706,5,0
1856,44632,1,0
1855,47626,2,0
1856,47626,5,1
1854,47766,3,0
1853,49235,6,0
1866,5077,4,0
1861,5876,4,0
1860,10749,5,0
1858,14233,5,0
1859,14233,5,1
1863,14947,1,0
1865,14947,1,1
1858,16797,1,0
1866,16797,5,1
1860,21137,6,0
1861,21137,2,1
1862,21709,3,0
1863,21709,2,1
1865,21709,2,1
1859,21903,3,0
1866,21903,6,1
1863,22935,6,0
1866,22935,7,1
1859,24852,1,0
1860,24852,2,1
1861,24852,3,1
1862,24852,2,1
1864,24852,1,1
1866,24852,1,1
1858,26209,2,0
1860,26209,4,1
1862,26209,5,1
1864,26209,3,1
1866,26209,3,1
1863,26620,5,0
1865,26620,4,1
1858,27845,6,0
1860,27845,1,1
1861,27845,1,1
1858,27966,4,0
1858,28204,7,0
1862,28204,4,1
1858,28842,3,0
1863,35221,3,0
1865,35221,3,1
1859,37710,4,0
1862,37710,6,1
1863,43154,7,0
1865,43352,5,0
1863,44632,4,0
1858,45007,8,0
1862,47209,1,0
1860,47626,3,0
1864,47626,2,1
1866,47626,2,1
1859,47766,2,0
1868,6184,3,0
1869,14233,5,0
1869,14947,1,0
1871,14947,1,1
1870,16797,2,0
1871,21288,6,0
1869,21709,2,0
1870,21709,1,1
1871,21709,2,1
1871,21903,8,0
1868,22935,1,0
1868,26209,4,0
1871,28842,5,0
1871,34126,7,0
1868,35221,5,0
1869,35221,3,1
1871,35221,3,1
1868,43154,6,0
1869,44632,4,0
1871,44632,4,1
1868,47626,2,0
1870,47626,3,1
1870,47766,4,0
1877,4605,5,0
1874,6184,4,0
1874,13176,1,0
1876,14233,5,0
1878,14233,2,1
1879,14947,1,0
1875,16797,1,0
1878,16797,4,1
1873,21137,4,0
1874,21137,2,1
1875,21137,2,1
1875,21288,5,0
1876,21288,1,1
1879,21709,2,0
1873,21903,3,0
1876,21903,4,1
1877,21903,4,1
1878,24184,3,0
1873,24852,1,0
1876,24852,2,1
1877,24852,2,1
1879,26620,4,0
1874,27086,5,0
1875,27845,6,0
1877,27845,1,1
1878,27845,1,1
1875,27966,3,0
1877,27966,6,1
1879,27966,6,1
1879,35221,3,0
1875,39275,4,0
1879,39275,5,1
1879,44632,7,0
1874,47209,3,0
1878,47626,5,0
1873,47766,2,0
1876,47766,3,1
1877,47766,3,1
1878,49683,6,0
1883,5077,2,0
1881,12341,6,0
1883,12341,5,1
1881,16797,1,0
1883,21137,6,0
1881,21288,2,0
1882,21903,3,0
1882,24852,1,0
1882,26620,4,0
1882,27086,6,0
1883,27086,3,1
1883,27845,1,0
1883,28204,4,0
1881,31717,5,0
1881,39275,3,0
1881,43352,4,0
1882,46979,5,0
1882,47766,2,0
1892,5077,3,0
1890,8518,1,0
1888,13176,6,0
1888,14947,2,0
1891,14947,1,1
1893,14947,7,1
1889,16797,2,0
1889,17794,7,0
1893,17794,5,1
1888,18523,7,0
1889,21137,6,0
1891,21137,7,1
1889,21288,3,0
1892,21288,6,1
1888,21709,3,0
1889,21709,1,1
1891,21709,2,1
1885,21903,1,0
1887,21903,4,1
1886,22825,5,0
1892,22825,1,1
1885,24852,4,0
1886,24852,2,1
1887,24852,2,1
1893,24852,1,1
1886,26209,4,0
1893,26209,3,1
1886,26620,6,0
1892,27086,7,0
1886,27845,1,0
1887,27845,1,1
1888,27845,1,1
1890,27966,4,0
1892,27966,4,1
1891,28204,6,0
1890,28842,2,0
1892,30489,8,0
1885,35221,2,0
1888,35221,4,1
1890,35221,5,1
1891,35221,3,1
1885,35951,3,0
1889,39275,4,0
1890,39275,3,1
1891,39928,5,0
1889,43352,5,0
1888,44632,5,0
1891,44632,4,1
1892,46979,2,0
1893,47209,4,0
1886,47626,3,0
1887,47626,5,1
1893,47626,2,1
1887,47766,3,0
1892,47766,5,1
1893,49235,6,0
1897,196,4,0
1896,5077,3,0
1897,5077,3,1
1898,5876,2,0
1898,6184,5,0
1895,12341,6,0
1899,13176,3,0
1900,13176,1,1
1895,16797,1,0
1898,16797,1,1
1901,16797,2,1
1895,21137,2,0
1899,21137,4,1
1900,21137,2,1
1901,21137,1,1
1896,21288,5,0
1899,21288,1,1
1900,21288,7,1
1901,21288,3,1
1900,21903,5,0
1898,24964,4,0
1900,26620,4,0
1897,27086,1,0
1897,27845,2,0
1895,27966,3,0
1896,31717,6,0
1900,35221,6,0
1895,35951,7,0
1895,39275,4,0
1901,39275,4,1
1899,39928,2,0
1896,40706,4,0
1897,40706,5,1
1898,40706,3,1
1896,43154,1,0
1895,43352,5,0
1901,43352,5,1
1899,47209,5,0
1900,47209,3,1
1896,47626,2,0
1903,5876,4,0
1904,6184,4,0
1905,12341,4,0
1903,13176,1,0
1904,13176,5,1
1903,21137,2,0
1904,21137,1,1
1905,21137,1,1
1905,21903,2,0
1904,24964,6,0
1903,47209,3,0
1905,47626,3,0
1904,47766,3,0
1904,49683,2,0
1910,196,6,0
1911,196,3,1
1908,4605,1,0
1915,4605,4,1
1913,5077,3,0
1907,10749,1,0
1910,14947,4,0
1912,14947,1,1
1914,14947,1,1
1913,17794,6,0
1915,21137,2,0
1908,21288,5,0
1915,21288,7,1
1911,21709,1,0
1913,21709,1,1
1914,21709,2,1
1915,21709,1,1
1907,21903,4,0
1913,21903,8,1
1915,21903,3,1
1908,22935,3,0
1909,24852,1,0
1911,24852,2,1
1915,24964,6,0
1909,26209,3,0
1911,26209,6,1
1912,26209,4,1
1915,26209,5,1
1914,26620,4,0
1912,27086,2,0
1913,27086,4,1
1907,27104,2,0
1910,27845,1,0
1913,27845,2,1
1911,27966,4,0
1910,28204,7,0
1908,30489,2,0
1910,30489,5,1
1910,34126,3,0
1914,35221,3,0
1911,35951,7,0
1913,35951,7,1
1907,37710,3,0
1911,45007,5,0
1913,45007,5,1
1908,47209,4,0
1909,47626,2,0
1910,47766,2,0
1910,49235,8,0
1912,49235,3,1
1918,5077,2,0
1922,5077,3,1
1920,6184,4,0
1918,10749,1,0
1918,12341,5,0
1921,13176,2,0
1925,13176,4,1
1920,14233,1,0
1917,14947,1,0
1920,14947,2,1
1925,16797,3,0
1921,21137,3,0
1922,21137,1,1
1924,21137,1,1
1925,21288,1,0
1917,21709,2,0
1918,21709,4,1
1920,21709,3,1
1921,21709,1,1
1919,21903,4,0
1920,21903,7,1
1918,24184,3,0
1921,24852,5,0
1923,24964,2,0
1919,26209,3,0
1920,26209,5,1
1923,26209,4,1
1924,26209,3,1
1919,27086,1,0
1924,28204,2,0
1925,30489,2,0
1917,35221,3,0
1921,35951,6,0
1920,37710,6,0
1922,39275,5,0
1919,39928,5,0
1917,44632,4,0
1923,44632,1,1
1922,46979,6,0
1919,47209,2,0
1921,47209,4,1
1922,47209,2,1
1922,47626,4,0
1923,47766,3,0
1930,196,3,0
1932,196,4,1
1935,4605,3,0
1932,6184,5,0
1931,12341,5,0
1934,12341,7,1
1929,13176,1,0
1932,13176,1,1
1934,13176,5,1
1928,16797,1,0
1933,16797,1,1
1935,16797,1,1
1928,21137,2,0
1929,21137,2,1
1932,21137,2,1
1933,21137,2,1
1935,21137,4,1
1934,21288,1,0
1927,21903,3,0
1931,21903,1,1
1927,24852,1,0
1934,24852,3,1
1933,26620,7,0
1933,27086,8,0
1928,27966,3,0
1931,27966,2,1
1933,27966,3,1
1930,28204,4,0
1927,35221,4,0
1933,35221,5,1
1935,35221,5,1
1930,35951,5,0
1931,37710,4,0
1927,39275,5,0
1928,39275,4,1
1933,39275,4,1
1934,39275,2,1
1930,43154,2,0
1930,43352,1,0
1935,43352,6,1
1929,47209,3,0
1932,47209,3,1
1935,47626,2,0
1927,47766,2,0
1933,47766,6,1
1934,47766,4,1
1931,49683,3,0
1934,49683,6,1
1941,6184,3,0
1937,8518,7,0
1943,13176,2,0
1937,14947,1,0
1938,14947,1,1
1940,14947,3,1
1943,21137,3,0
1937,21288,8,0
1937,21709,2,0
1938,21709,2,1
1939,21709,2,1
1941,21709,2,1
1937,21903,5,0
1938,24852,5,0
1940,24852,2,1
1942,24852,1,1
1937,24964,6,0
1940,24964,1,1
1939,26209,6,0
1942,26209,3,1
1940,26620,5,0
1942,27104,4,0
1939,27845,1,0
1941,27845,1,1
1943,27845,1,1
1941,27966,4,0
1939,28842,4,0
1940,30489,4,0
1937,35221,3,0
1938,35221,3,1
1942,40706,5,0
1937,44632,4,0
1938,44632,4,1
1943,47209,4,0
1942,47626,2,0
1939,47766,5,0
1939,49235,3,0
1945,6184,1,0
1947,6184,5,1
1945,14233,6,0
1946,14947,1,0
1947,17794,2,0
1946,21709,2,0
1946,24184,6,0
1945,24964,4,0
1946,26620,4,0
1945,27086,3,0
1946,27966,7,0
1947,28204,4,0
1945,30489,5,0
1947,31717,3,0
1946,35221,3,0
1947,37710,1,0
1945,43154,2,0
1946,49683,5,0
1949,5077,6,0
1950,5077,6,1
1953,5077,3,1
1952,14233,2,0
1949,14947,1,0
1950,14947,3,1
1951,16797,6,0
1952,16797,4,1
1952,21288,1,0
1953,21288,1,1
1949,21709,2,0
1950,21709,1,1
1951,21709,5,1
1950,22935,8,0
1951,22935,3,1
1951,24852,4,0
1949,26620,8,0
1950,26620,5,1
1950,27086,2,0
1951,27086,1,1
1953,27086,4,1
1953,27845,2,0
1952,30489,5,0
1949,35221,3,0
1950,35221,4,1
1949,35951,5,0
1950,35951,9,1
1951,39275,2,0
1950,40706,7,0
1949,44632,4,0
1949,47766,7,0
1951,47766,7,1
1952,49235,3,0
1955,4605,7,0
1957,5876,4,0
1955,6184,5,0
1957,13176,5,0
1956,21137,3,0
1957,21709,2,0
1957,21903,6,0
1955,22935,1,0
1955,27845,3,0
1956,34126,1,0
1955,35951,6,0
1957,37710,3,0
1957,40706,7,0
1955,43154,2,0
1957,44632,8,0
1957,45007,1,0
1956,47209,2,0
1955,47626,4,0
1956,49683,4,0
1962,6184,5,0
1959,13176,1,0
1961,14947,1,0
1960,17794,1,0
1960,21137,3,0
1961,21709,2,0
1962,21709,1,1
1962,22935,2,0
1959,27966,4,0
1959,35221,5,0
1961,35221,3,1
1962,35221,4,1
1959,35951,2,0
1960,37710,2,0
1960,39928,4,0
1962,40706,3,0
1959,43352,7,0
1959,44632,3,0
1961,44632,4,1
1961,47626,5,0
1959,47766,6,0
1967,196,2,0
1967,5077,1,0
1965,6184,3,0
1969,13176,2,0
1964,14947,1,0
1968,14947,1,1
1965,17794,2,0
1969,21137,3,0
1964,21709,2,0
1968,21709,2,1
1969,21709,1,1
1966,22935,1,0
1968,22935,5,1
1969,24852,5,0
1966,24964,2,0
1965,26620,1,0
1967,27845,5,0
1965,28204,5,0
1964,35221,3,0
1968,35221,3,1
1966,37710,5,0
1967,40706,3,0
1964,43352,5,0
1964,44632,4,0
1966,44632,6,1
1968,44632,4,1
1966,45007,3,0
1969,47209,4,0
1965,47626,4,0
1967,49235,4,0
1966,49683,4,0
1975,4605,4,0
1972,5077,2,0
1977,6184,6,0
1976,8518,5,0
1971,10749,2,0
1977,14947,2,0
1974,16797,1,0
1976,16797,1,1
1977,16797,7,1
1975,18523,1,0
1976,18523,6,1
1974,21288,2,0
1976,21288,2,1
1977,21288,1,1
1977,21709,3,0
1973,21903,4,0
1975,21903,6,1
1971,22935,1,0
1973,24852,2,0
1972,27086,3,0
1973,27086,1,1
1972,27845,1,0
1975,27845,3,1
1976,27966,7,0
1977,35221,4,0
1975,35951,2,0
1974,37710,5,0
1974,39275,3,0
1976,39275,3,1
1972,40706,4,0
1974,43352,4,0
1976,43352,4,1
1977,44632,5,0
1977,45007,8,0
1976,47626,8,0
1973,47766,3,0
1975,49683,5,0
1981,4605,1,0
1982,4605,1,1
1983,8518,4,0
1983,13176,1,0
1979,14947,1,0
1979,16797,5,0
1980,16797,2,1
1985,16797,3,1
1984,18523,1,0
1983,21137,2,0
1980,21288,1,0
1981,21288,2,1
1979,21709,2,0
1979,22935,7,0
1985,24852,1,0
1980,26209,5,0
1985,26620,2,0
1979,27966,6,0
1985,27966,4,1
1984,28204,4,0
1979,35221,3,0
1980,39275,3,0
1984,40706,2,0
1984,43154,3,0
1980,43352,4,0
1983,43352,5,1
1979,44632,4,0
1983,47209,3,0
1982,47626,3,0
1982,49235,2,0
1988,5876,2,0
1992,6184,1,0
1991,10749,8,0
1987,12341,5,0
1990,13176,1,0
1991,14947,1,0
1995,14947,2,1
1994,16797,1,0
1991,17794,6,0
1994,17794,6,1
1989,18523,4,0
1994,21288,2,0
1995,21288,1,1
1991,21709,2,0
1993,21709,6,1
1995,21709,3,1
1987,21903,3,0
1993,21903,1,1
1990,22825,2,0
1987,24852,1,0
1993,24964,5,0
1990,26209,3,0
1992,26209,2,1
1993,26209,4,1
1991,26620,4,0
1988,27086,4,0
1991,27845,7,0
1994,27845,7,1
1988,27966,5,0
1991,28842,5,0
1994,30489,5,0
1991,35221,3,0
1995,35221,4,1
1989,35951,3,0
1988,39275,3,0
1993,39275,2,1
1994,39275,3,1
1990,40706,4,0
1989,43154,1,0
1994,43352,4,0
1989,44632,2,0
1993,44632,3,1
1995,44632,5,1
1988,45007,1,0
1987,47209,4,0
1992,47626,3,0
1987,47766,2,0
1998,4605,2,0
2002,5077,5,0
1999,10749,6,0
2001,10749,1,1
2000,12341,7,0
1997,14233,1,0
1999,14233,1,1
1997,14947,2,0
1999,14947,2,1
2002,16797,1,0
1998,21137,6,0
1999,21288,7,0
2002,21288,2,1
2003,21288,1,1
1997,21709,3,0
1999,21709,3,1
2000,21709,1,1
2000,21903,6,0
2002,24184,6,0
1998,24852,5,0
1997,26209,4,0
2001,26209,4,1
2004,26209,1,1
1997,27086,6,0
2003,27086,2,1
1998,27104,7,0
2000,27845,5,0
1998,27966,1,0
1999,27966,4,1
2001,27966,3,1
2000,28204,3,0
2000,30489,2,0
2002,39275,3,0
1998,39928,3,0
2004,39928,2,1
1998,43154,4,0
1997,43352,5,0
1998,43352,8,1
2001,43352,2,1
2002,43352,4,1
2003,43352,4,1
2001,44632,5,0
1999,45007,5,0
1997,47209,7,0
2000,47209,4,1
2003,47626,3,0
2001,49235,6,0
2003,49683,5,0
2007,196,7,0
2008,8518,7,0
2008,13176,1,0
2007,14233,5,0
2008,14947,6,0
2011,18523,6,0
2008,21137,2,0
2009,21137,1,1
2009,21709,2,0
2007,21903,4,0
2010,21903,2,1
2006,22935,2,0
2010,22935,1,1
2011,22935,1,1
2007,24184,1,0
2007,24964,2,0
2008,24964,4,1
2011,24964,2,1
2010,27966,3,0
2011,27966,5,1
2009,28204,5,0
2007,39928,3,0
2011,45007,3,0
2006,46979,1,0
2008,47209,3,0
2007,47626,6,0
2008,47626,5,1
2009,47626,3,1
2009,49683,4,0
2011,49683,4,1
2013,4605,3,0
2014,5876,7,0
2014,8518,8,0
2013,14233,4,0
2014,16797,1,0
2014,21137,2,0
2013,21709,2,0
2015,22935,1,0
2015,24964,2,0
2014,26620,6,0
2014,27966,3,0
2013,28204,6,0
2013,34126,5,0
2014,39275,4,0
2013,43154,1,0
2014,43154,5,1
2015,45007,3,0
2015,49683,4,0
2017,196,6,0
2021,5077,2,0
2019,5876,2,0
2021,8518,4,0
2022,8518,5,1
2019,12341,8,0
2019,13176,3,0
2018,16797,2,0
2023,16797,1,1
2019,21137,1,0
2020,21137,1,1
2018,21288,3,0
2023,21288,2,1
2017,21709,4,0
2020,21903,6,0
2022,21903,3,1
2018,22825,7,0
2017,22935,5,0
2021,22935,5,1
2022,22935,4,1
2017,24852,3,0
2022,24852,1,1
2024,24852,1,1
2018,24964,6,0
2020,26209,7,0
2024,26209,3,1
2025,26209,2,1
2021,27086,3,0
2018,27845,1,0
2021,27845,1,1
2020,27966,3,0
2024,27966,4,1
2025,28204,1,0
2019,37710,4,0
2018,39275,4,0
2019,39275,7,1
2020,39275,4,1
2023,39275,3,1
2019,39928,5,0
2019,40706,6,0
2020,40706,5,1
2018,43352,5,0
2023,43352,4,1
2020,45007,2,0
2017,47626,2,0
2018,47626,8,1
2024,47626,2,1
2022,47766,2,0
2017,49235,1,0
2029,196,1,0
2028,13176,2,0
2027,16797,1,0
2027,21288,2,0
2029,22825,3,0
2028,34126,1,0
2027,39275,3,0
2028,39275,4,1
2029,43154,4,0
2027,43352,4,0
2029,43352,5,1
2029,45007,2,0
2028,47766,3,0
2035,5876,5,0
2036,5876,2,1
2033,16797,6,0
2035,16797,1,1
2035,21288,2,0
2036,21288,1,1
2031,21903,4,0
2032,21903,3,1
2033,21903,3,1
2034,21903,4,1
2037,22935,1,0
2032,24852,1,0
2033,24852,1,1
2034,24852,2,1
2036,24964,6,0
2037,24964,2,1
2033,26209,4,0
2032,26620,4,0
2034,27845,1,0
2032,30489,6,0
2031,35221,3,0
2031,35951,2,0
2035,39275,3,0
2036,39275,5,1
2031,40706,1,0
2036,40706,3,1
2032,43352,7,0
2033,43352,5,1
2035,43352,4,1
2036,44632,4,0
2037,45007,3,0
2032,47766,2,0
2033,47766,2,1
2034,47766,3,1
2035,47766,6,1
2032,49235,5,0
2037,49683,4,0
2039,4605,6,0
2042,4605,2,1
2042,5876,3,0
2039,6184,7,0
2043,8518,3,0
2040,12341,8,0
2040,13176,6,0
2043,13176,7,1
2040,14947,1,0
2041,14947,1,1
2039,16797,1,0
2041,18523,6,0
2043,21137,8,0
2039,21288,2,0
2040,21709,2,0
2041,21709,2,1
2042,21709,1,1
2044,21903,3,0
2043,22935,1,0
2040,24852,7,0
2044,24852,1,1
2039,27966,5,0
2040,28204,5,0
2042,34126,4,0
2040,35221,3,0
2041,35221,3,1
2043,35221,2,1
2039,39275,3,0
2039,43352,4,0
2040,44632,4,0
2041,44632,4,1
2043,47209,6,0
2041,47766,5,0
2043,47766,5,1
2044,47766,2,1
2043,49683,4,0
2047,196,7,0
2046,4605,6,0
2051,4605,6,1
2053,4605,2,1
2047,5876,5,0
2046,6184,7,0
2047,6184,6,1
2047,8518,1,0
2048,13176,1,0
2051,14233,3,0
2052,14233,1,1
2050,14947,3,0
2051,14947,4,1
2052,14947,2,1
2046,16797,1,0
2053,16797,4,1
2052,17794,4,0
2046,21137,2,0
2048,21137,2,1
2049,21137,1,1
2049,21709,4,0
2051,21709,2,1
2052,21709,3,1
2050,24852,2,0
2052,24852,7,1
2053,24852,5,1
2050,24964,1,0
2049,26209,2,0
2046,26620,5,0
2049,26620,5,1
2051,27845,1,0
2046,27966,3,0
2053,27966,3,1
2051,28204,5,0
2048,31717,6,0
2047,34126,3,0
2047,35951,2,0
2046,39275,4,0
2049,40706,3,0
2052,40706,6,1
2052,43154,5,0
2048,43352,4,0
2048,45007,5,0
2051,46979,8,0
2048,47209,3,0
2047,49235,4,0
2051,49235,7,1
2053,49235,1,1
2056,6184,4,0
2057,6184,4,1
2056,14233,1,0
2056,14947,2,0
2059,16797,3,0
2059,21137,6,0
2056,21709,3,0
2057,21709,1,1
2055,22935,1,0
2059,24184,1,0
2057,24852,5,0
2058,24852,2,1
2055,24964,2,0
2057,24964,2,1
2058,26209,4,0
2059,26209,5,1
2059,26620,4,0
2058,27845,1,0
2059,27966,2,0
2056,30489,5,0
2058,35951,6,0
2057,39275,3,0
2058,39275,5,1
2057,39928,6,0
2055,45007,3,0
2058,47626,3,0
2055,47766,5,0
2055,49683,4,0
2063,5077,6,0
2063,6184,2,0
2063,8518,5,0
2063,14947,3,0
2062,16797,6,0
2063,16797,7,1
2062,21288,2,0
2063,21903,8,0
2062,24852,4,0
2061,26620,6,0
2062,27104,3,0
2063,27845,1,0
2061,28204,5,0
2061,31717,2,0
2062,35221,1,0
2063,39275,4,0
2061,40706,4,0
2062,43154,5,0
2061,43352,3,0
2061,47766,1,0
2069,5077,2,0
2065,5876,5,0
2070,5876,3,1
2067,6184,3,0
2065,14233,1,0
2065,14947,2,0
2071,16797,1,0
2066,17794,1,0
2071,21137,2,0
2065,21709,3,0
2070,21709,5,1
2066,22935,4,0
2067,22935,1,1
2068,22935,1,1
2068,26209,3,0
2070,26209,6,1
2069,27086,3,0
2066,27845,2,0
2069,27845,1,1
2066,27966,3,0
2071,27966,3,1
2070,30489,2,0
2068,35221,4,0
2065,35951,4,0
2067,35951,5,1
2071,39275,4,0
2066,40706,6,0
2070,43154,4,0
2068,43352,2,0
2066,45007,5,0
2070,47209,1,0
2067,47626,2,0
2067,47766,4,0
2069,47766,4,1
2073,5077,2,0
2074,14947,1,0
2074,16797,5,0
2075,16797,1,1
2074,21137,8,0
2075,21288,2,0
2074,21709,2,0
2073,27086,3,0
2073,27845,1,0
2074,30489,7,0
2074,35221,3,0
2075,39275,3,0
2075,40706,5,0
2075,43352,4,0
2074,44632,4,0
2074,46979,6,0
2084,196,5,0
2085,4605,5,0
2080,8518,5,0
2085,10749,4,0
2085,12341,3,0
2078,13176,6,0
2077,14233,1,0
2077,14947,2,0
2082,14947,2,1
2081,16797,1,0
2083,16797,1,1
2084,16797,1,1
2079,21137,2,0
2081,21137,2,1
2083,21137,2,1
2082,21288,1,0
2084,21288,2,1
2077,21709,3,0
2078,21709,1,1
2079,21903,5,0
2081,21903,5,1
2085,21903,1,1
2078,22935,2,0
2080,22935,3,1
2078,24852,3,0
2079,24852,3,1
2080,24852,2,1
2083,24852,5,1
2078,24964,5,0
2079,24964,6,1
2080,26620,1,0
2082,26620,4,1
2079,27845,1,0
2081,27845,6,1
2081,27966,3,0
2083,27966,3,1
2081,34126,7,0
2084,35221,7,0
2080,39275,4,0
2081,39275,4,1
2083,39275,4,1
2084,39275,3,1
2078,40706,7,0
2078,43154,4,0
2084,43352,4,0
2084,46979,6,0
2085,46979,2,1
2077,47209,4,0
2083,47626,6,0
2079,47766,4,0
2080,49683,6,0
2082,49683,3,1
2087,14947,1,0
2088,16797,2,0
2087,21709,2,0
2088,21709,6,1
2089,21709,1,1
2088,24964,7,0
2089,26620,5,0
2088,27845,3,0
2089,27845,6,1
2087,35221,3,0
2089,35221,4,1
2089,39275,3,0
2088,43154,4,0
2087,44632,4,0
2089,45007,2,0
2088,47766,1,0
2087,49235,5,0
2088,49683,5,0
2097,4605,3,0
2094,5077,3,0
2097,6184,5,0
2094,8518,4,0
2096,12341,3,0
2091,14947,1,0
2096,18523,1,0
2091,21137,7,0
2092,21288,4,0
2093,21288,5,1
2091,21709,2,0
2092,21903,3,0
2093,21903,4,1
2095,22825,4,0
2096,22935,2,0
2092,24852,1,0
2093,24852,2,1
2097,24964,4,0
2092,26209,6,0
2095,26209,2,1
2095,27086,1,0
2096,27086,5,1
2093,27845,1,0
2094,27845,1,1
2091,30489,8,0
2097,30489,6,1
2091,31717,5,0
2094,31717,2,1
2097,34126,2,0
2091,35221,3,0
2093,35221,7,1
2095,35221,3,1
2092,35951,5,0
2093,37710,6,0
2097,39275,1,0
2092,39928,7,0
2094,43352,5,0
2091,44632,4,0
2094,47209,6,0
2096,47209,4,1
2091,47766,6,0
2092,47766,2,1
2093,47766,3,1
2104,4605,4,0
2100,5077,2,0
2102,5077,2,1
2103,5077,2,1
2101,6184,5,0
2104,6184,5,1
2100,16797,4,0
2101,21288,1,0
2099,21709,6,0
2099,21903,3,0
2104,21903,3,1
2099,24852,1,0
2104,24852,1,1
2101,26209,2,0
2102,26209,4,1
2104,26209,6,1
2101,26620,4,0
2100,27086,3,0
2101,27086,3,1
2102,27086,3,1
2103,27086,3,1
2100,27845,1,0
2102,27845,1,1
2103,27845,1,1
2100,28204,5,0
2103,28842,5,0
2099,34126,7,0
2102,35951,5,0
2104,35951,7,1
2099,44632,5,0
2099,46979,4,0
2102,47626,6,0
2099,47766,2,0
2104,47766,2,1
2103,49683,4,0
2109,196,7,0
2107,6184,6,0
2109,8518,5,0
2108,13176,1,0
2107,14233,3,0
2112,14233,6,1
2106,14947,1,0
2110,14947,2,1
2111,16797,2,0
2113,16797,4,1
2108,21137,2,0
2109,21137,1,1
2111,21288,3,0
2106,21709,2,0
2107,21709,1,1
2110,21709,3,1
2111,21709,1,1
2109,21903,4,0
2106,24852,6,0
2109,24852,2,1
2112,24852,1,1
2113,24852,1,1
2107,26209,4,0
2112,26209,3,1
2113,26209,3,1
2114,26209,3,1
2106,26620,4,0
2110,27104,6,0
2109,27845,6,0
2110,27845,1,1
2114,27845,1,1
2112,27966,7,0
2113,27966,5,1
2107,28204,5,0
2106,35221,3,0
2110,35221,4,1
2112,37710,4,0
2106,39275,5,0
2108,39275,4,1
2111,39275,4,1
2112,39275,5,1
2114,39275,2,1
2110,40706,7,0
2109,43154,8,0
2107,43352,2,0
2111,43352,5,1
2106,44632,7,0
2110,44632,5,1
2108,45007,5,0
2113,45007,6,1
2108,47209,3,0
2111,47209,6,1
2112,47626,2,0
2113,47626,2,1
2109,47766,3,0
2111,49683,7,0
2114,49683,4,1
2118,196,5,0
2120,4605,1,0
2116,5077,2,0
2118,5077,1,1
2121,5077,2,1
2118,5876,4,0
2120,5876,3,1
2118,6184,6,0
2118,12341,3,0
2120,12341,5,1
2120,13176,4,0
2122,13176,2,1
2120,14233,2,0
2117,17794,8,0
2117,21709,9,0
2117,22935,2,0
2122,22935,4,1
2117,24964,3,0
2116,27086,3,0
2117,27086,1,1
2121,27086,3,1
2122,27086,1,1
2122,27104,3,0
2116,27845,1,0
2121,27845,1,1
2117,27966,7,0
2119,30489,1,0
2121,31717,4,0
2119,37710,2,0
2118,39275,2,0
2118,39928,8,0
2118,40706,7,0
2117,43352,6,0
2117,45007,4,0
2119,47209,3,0
2119,47626,4,0
2117,49683,5,0
2124,16797,1,0
2126,16797,3,1
2124,21288,2,0
2125,21903,2,0
2125,27966,3,0
2124,39275,3,0
2126,39275,1,1
2124,43352,4,0
2126,43352,2,1
2125,49683,1,0
2126,49683,4,1
2131,13176,2,0
2128,14947,1,0
2129,16797,6,0
2133,16797,1,1
2131,21137,3,0
2133,21137,2,1
2129,21288,5,0
2128,21709,2,0
2129,21709,1,1
2132,21709,6,1
2135,21709,4,1
2129,21903,4,0
2134,21903,4,1
2128,24184,5,0
2129,24852,2,0
2130,24852,2,1
2134,24852,1,1
2134,26209,3,0
2132,26620,5,0
2134,26620,5,1
2130,27845,1,0
2131,27845,1,1
2135,27845,1,1
2130,27966,4,0
2133,27966,3,1
2132,28204,2,0
2130,31717,5,0
2128,35221,3,0
2133,39275,4,0
2132,39928,4,0
2132,43154,1,0
2128,44632,4,0
2130,44632,6,1
2134,45007,6,0
2131,47209,4,0
2135,47209,3,1
2130,47626,3,0
2134,47626,2,1
2129,47766,3,0
2132,47766,3,1
2135,49683,2,0
2137,5077,4,0
2142,5077,2,1
2141,14233,8,0
2140,14947,1,0
2141,14947,1,1
2138,18523,5,0
2143,21288,5,0
2138,21709,2,0
2140,21709,2,1
2141,21709,2,1
2143,21709,6,1
2144,21709,2,1
2137,21903,3,0
2140,21903,7,1
2139,22825,6,0
2139,22935,1,0
2143,22935,1,1
2137,24852,1,0
2139,24964,2,0
2140,24964,5,1
2143,24964,2,1
2141,26620,4,0
2141,27086,7,0
2142,27086,3,1
2138,27845,1,0
2142,27845,1,1
2143,27845,8,1
2142,28204,4,0
2144,34126,1,0
2140,35221,3,0
2141,35221,3,1
2141,35951,5,0
2144,35951,4,1
2144,39275,3,0
2138,40706,3,0
2139,40706,5,1
2144,40706,5,1
2138,43352,6,0
2143,43352,7,1
2140,44632,4,0
2139,45007,3,0
2143,45007,3,1
2140,47209,6,0
2138,47626,4,0
2141,47626,6,1
2137,47766,2,0
2138,47766,7,1
2139,49683,4,0
2143,49683,4,1
2147,4605,2,0
2149,5077,6,0
2148,6184,6,0
2148,16797,1,0
2149,21137,7,0
2148,21288,2,0
2149,21903,2,0
2149,22825,4,0
2146,22935,1,0
2149,24852,1,0
2146,24964,2,0
2148,26209,7,0
2146,27104,6,0
2149,30489,3,0
2148,35951,8,0
2147,39275,1,0
2148,39275,3,1
2148,43352,4,0
2146,45007,3,0
2146,47626,5,0
2148,49235,5,0
2146,49683,4,0
2149,49683,5,1
2152,196,4,0
2154,14233,1,0
2152,14947,5,0
2154,14947,2,1
2153,16797,2,0
2153,21137,3,0
2153,21709,1,0
2154,21709,3,1
2155,21709,1,1
2152,21903,1,0
2153,22825,6,0
2152,24964,2,0
2153,26209,8,0
2153,27966,4,0
2155,28204,2,0
2152,31717,3,0
2153,39275,5,0
2155,40706,3,0
2151,45007,2,0
2151,47209,1,0
2154,47626,4,0
2153,47766,7,0
2159,5077,2,0
2161,5876,6,0
2160,8518,5,0
2157,10749,2,0
2159,13176,5,0
2160,13176,8,1
2161,14947,1,0
2160,16797,1,0
2157,17794,1,0
2159,17794,4,1
2157,21137,4,0
2158,21288,5,0
2160,21288,2,1
2161,21709,2,0
2157,21903,7,0
2158,22825,4,0
2157,22935,6,0
2158,24964,6,0
2157,27086,8,0
2160,27845,7,0
2157,27966,5,0
2159,27966,3,1
2157,28842,3,0
2160,28842,6,1
2161,35221,3,0
2160,39275,3,0
2159,39928,1,0
2158,43352,1,0
2160,43352,4,1
2159,44632,6,0
2161,44632,4,1
2158,47626,3,0
2161,49235,5,0
2158,49683,2,0
2166,5077,6,0
2163,6184,6,0
2168,12341,3,0
2164,13176,1,0
2164,14947,2,0
2163,16797,1,0
2167,16797,2,1
2163,17794,5,0
2163,21137,2,0
2165,21137,1,1
2167,21137,3,1
2170,21137,6,1
2168,21288,1,0
2169,21288,2,1
2165,21709,2,0
2165,21903,5,0
2166,21903,3,1
2170,22935,1,0
2165,24852,3,0
2166,24852,1,1
2164,24964,3,0
2170,24964,2,1
2165,26209,6,0
2170,26620,5,0
2171,26620,1,1
2165,27845,9,0
2167,27845,1,1
2171,27845,2,1
2163,27966,3,0
2165,27966,7,1
2167,27966,4,1
2170,27966,7,1
2166,28204,4,0
2163,39275,4,0
2166,39275,5,1
2167,39275,5,1
2168,40706,4,0
2165,43154,8,0
2168,44632,2,0
2169,44632,1,1
2170,45007,3,0
2171,47626,3,0
2165,47766,4,0
2166,47766,2,1
2170,49683,4,0
2174,196,7,0
2173,5077,2,0
2174,8518,9,0
2174,12341,4,0
2179,13176,5,0
2176,14233,4,0
2178,14947,1,0
2179,14947,1,1
2175,16797,3,0
2176,21137,7,0
2178,21137,5,1
2175,21288,1,0
2176,21709,1,0
2178,21709,2,1
2179,21709,2,1
2174,21903,2,0
2175,21903,2,1
2177,21903,3,1
2177,22935,4,0
2177,24852,1,0
2174,24964,5,0
2176,26620,6,0
2178,26620,4,1
2173,27086,3,0
2174,27086,1,1
2173,27845,1,0
2176,27845,5,1
2176,28204,2,0
2177,30489,5,0
2178,35221,3,0
2179,35221,3,1
2174,39928,6,0
2175,40706,6,0
2175,43352,4,0
2177,44632,6,0
2179,44632,4,1
2174,47209,8,0
2176,47626,3,0
2174,47766,3,0
2175,47766,5,1
2177,47766,2,1
2177,49683,7,0
2184,196,7,0
2185,5077,2,0
2182,12341,4,0
2181,13176,1,0
2182,14233,2,0
2183,14947,1,0
2184,14947,2,1
2181,21137,2,0
2182,21137,1,1
2183,21709,2,0
2184,21709,1,1
2185,21709,5,1
2184,24852,8,0
2184,24964,6,0
2182,26209,3,0
2185,26620,6,0
2185,27086,3,0
2185,27845,1,0
2183,35221,3,0
2184,35221,3,1
2185,43154,4,0
2183,44632,4,0
2184,44632,4,1
2184,45007,5,0
2181,47209,3,0
2182,49683,5,0
2188,5077,2,0
2187,10749,7,0
2189,10749,5,1
2187,12341,6,0
2188,14947,6,0
2189,14947,2,1
2187,16797,4,0
2188,18523,4,0
2189,21709,1,0
2187,21903,1,0
2188,22825,5,0
2187,22935,5,0
2187,24964,8,0
2189,26620,4,0
2188,27086,3,0
2188,27845,1,0
2187,28204,2,0
2189,35221,3,0
2187,39928,3,0
2188,47626,7,0
2193,5077,5,0
2196,5876,6,0
2195,6184,5,0
2195,8518,4,0
2192,13176,4,0
2194,13176,2,1
2192,14233,7,0
2191,14947,1,0
2195,16797,1,0
2196,16797,2,1
2194,21137,3,0
2192,21288,6,0
2191,21709,2,0
2192,21709,1,1
2196,21903,1,0
2192,24184,3,0
2192,24852,5,0
2193,24852,4,1
2191,26620,4,0
2194,27086,1,0
2193,27845,1,0
2196,27845,4,1
2193,28842,2,0
2195,28842,3,1
2191,35221,3,0
2193,35221,3,1
2192,44632,2,0
2194,47209,4,0
2196,47626,3,0
2195,47766,2,0
2196,49683,5,0
2202,196,1,0
2203,10749,5,0
2205,13176,3,0
2199,14947,1,0
2204,14947,5,1
2204,16797,1,0
2198,17794,6,0
2201,21137,1,0
2205,21137,4,1
2199,21288,4,0
2201,21288,2,1
2204,21288,2,1
2205,21288,2,1
2201,21709,4,0
2205,21709,1,1
2199,21903,2,0
2203,21903,3,1
2203,24852,1,0
2198,24964,1,0
2198,26209,3,0
2200,26209,3,1
2198,26620,2,0
2200,26620,2,1
2200,27086,5,0
2200,27845,4,0
2200,27966,6,0
2204,27966,7,1
2199,28204,3,0
2200,28204,1,1
2206,30489,1,0
2198,35221,5,0
2204,39275,3,0
2205,39275,6,1
2201,40706,5,0
2204,43352,4,0
2206,43352,2,1
2204,45007,6,0
2199,47209,5,0
2202,47209,2,1
2203,47209,4,1
2205,47209,5,1
2201,47626,3,0
2203,47766,2,0
2198,49683,4,0
2205,49683,7,1
2213,5876,5,0
2208,6184,5,0
2208,13176,1,0
2210,13176,1,1
2211,14947,8,0
2212,14947,3,1
2208,21137,2,0
2210,21137,2,1
2211,21137,1,1
2213,21288,2,0
2212,21709,2,0
2213,21709,1,1
2209,21903,3,0
2211,21903,4,1
2213,22935,4,0
2209,24852,1,0
2211,24852,2,1
2211,24964,5,0
2213,26620,8,0
2212,27845,1,0
2212,28842,6,0
2213,31717,6,0
2212,35221,4,0
2213,35951,7,0
2208,37710,6,0
2208,43154,4,0
2211,43154,6,1
2212,44632,5,0
2208,47209,3,0
2210,47209,3,1
2211,47209,7,1
2213,47209,3,1
2209,47766,2,0
2211,47766,3,1
2218,4605,5,0
2217,5077,2,0
2215,12341,2,0
2216,13176,1,0
2218,14947,1,0
2215,17794,3,0
2216,21137,2,0
2218,21709,2,0
2215,26209,1,0
2215,26620,5,0
2217,27086,3,0
2217,27845,1,0
2216,28204,4,0
2218,34126,7,0
2215,35221,4,0
2218,35221,3,1
2218,44632,4,0
2216,47209,3,0
2218,47766,6,0
2216,49235,6,0
2216,49683,5,0
2221,4605,3,0
2222,4605,7,1
2224,5077,3,0
2222,5876,6,0
2222,12341,8,0
2222,14233,2,0
2222,16797,3,0
2223,16797,1,1
2224,16797,6,1
2223,21137,2,0
2224,21288,1,0
2220,21903,3,0
2224,21903,4,1
2220,24852,1,0
2221,24852,1,1
2222,27845,4,0
2223,27966,3,0
2222,28204,1,0
2221,37710,2,0
2223,39275,4,0
2224,39275,2,1
2220,40706,4,0
2224,43154,7,0
2224,47626,5,0
2220,47766,2,0
2221,49235,4,0
2222,49683,5,0
2224,49683,8,1
2229,196,6,0
2229,5077,2,0
2226,12341,3,0
2229,12341,5,1
2228,13176,5,0
2227,14947,1,0
2228,14947,2,1
2229,14947,4,1
2229,21137,1,0
2227,21709,2,0
2228,21709,1,1
2229,21709,3,1
2230,21903,3,0
2230,24852,1,0
2226,24964,1,0
2230,24964,4,1
2228,26620,4,0
2227,30489,5,0
2227,35221,3,0
2228,35221,3,1
2226,37710,2,0
2227,44632,4,0
2230,47766,2,0
2232,5876,4,0
2235,8518,3,0
2234,10749,5,0
2234,12341,2,0
2235,13176,1,0
2236,17794,1,0
2232,21903,3,0
2235,21903,2,1
2233,22935,2,0
2232,24184,5,0
2236,24184,4,1
2232,24852,1,0
2233,24852,6,1
2236,24852,3,1
2233,24964,3,0
2235,24964,4,1
2233,27845,1,0
2234,27845,1,1
2234,27966,3,0
2234,28204,6,0
2236,28204,2,1
2234,39275,7,0
2234,43154,4,0
2235,43352,5,0
2233,45007,4,0
2232,47766,2,0
2235,47766,6,1
2233,49683,5,0
2238,5077,2,0
2239,5077,2,1
2245,5077,5,1
2246,5077,8,1
2240,13176,1,0
2242,13176,6,1
2242,14947,1,0
2243,14947,3,1
2245,14947,1,1
2246,16797,3,0
2240,21137,2,0
2241,21137,1,1
2242,21137,5,1
2243,21137,1,1
2241,21288,5,0
2246,21288,4,1
2242,21709,2,0
2243,21709,2,1
2245,21709,2,1
2246,21709,1,1
2241,24852,3,0
2241,24964,4,0
2243,26620,5,0
2246,26620,7,1
2238,27086,3,0
2246,27086,2,1
2238,27845,1,0
2239,28204,1,0
2241,28204,2,1
2245,30489,6,0
2242,35221,3,0
2243,35221,4,1
2245,35221,3,1
2246,39275,5,0
2244,39928,2,0
2244,43352,4,0
2246,43352,6,1
2242,44632,4,0
2244,44632,1,1
2245,44632,4,1
2240,47209,3,0
2244,47626,5,0
2240,47766,4,0
2244,49235,3,0
2252,196,5,0
2249,8518,4,0
2253,8518,3,1
2251,13176,1,0
2253,13176,1,1
2248,14233,4,0
2249,14947,6,0
2250,16797,1,0
2248,17794,3,0
2249,18523,5,0
2251,21137,2,0
2250,21288,2,0
2252,21709,1,0
2248,21903,2,0
2252,22825,4,0
2252,22935,3,0
2254,22935,1,1
2249,24964,1,0
2254,24964,2,1
2250,26620,5,0
2252,27086,6,0
2249,31717,3,0
2250,35951,6,0
2250,39275,3,0
2252,39275,2,1
2250,43352,4,0
2250,44632,7,0
2254,45007,3,0
2251,47209,3,0
2249,47626,2,0
2253,47626,2,1
2253,47766,4,0
2248,49235,1,0
2254,49683,4,0
2258,4605,6,0
2256,6184,4,0
2256,13176,6,0
2258,14233,2,0
2258,14947,3,0
2258,21709,4,0
2257,24852,1,0
2257,26209,3,0
2258,27845,1,0
2256,46979,1,0
2256,47209,5,0
2257,47209,4,1
2256,47626,2,0
2257,47626,2,1
2256,47766,3,0
2258,49683,5,0
2260,4605,5,0
2262,5077,4,0
2260,10749,4,0
2261,14947,1,0
2262,16797,9,0
2262,21137,7,0
2263,21137,4,1
2261,21709,2,0
2262,21709,1,1
2260,21903,3,0
2260,24852,1,0
2263,24852,1,1
2263,26209,3,0
2261,35221,3,0
2263,35221,5,1
2261,40706,5,0
2262,40706,6,1
2260,43352,6,0
2262,43352,5,1
2261,44632,4,0
2263,44632,6,1
2260,45007,7,0
2262,46979,2,0
2262,47626,8,0
2263,47626,2,1
2260,47766,2,0
2262,49683,3,0
2266,5077,2,0
2269,13176,2,0
2267,14947,2,0
2266,17794,7,0
2267,17794,6,1
2266,21137,4,0
2269,21137,3,1
2267,21709,3,0
2268,21709,1,1
2265,21903,6,0
2265,24852,1,0
2266,24852,6,1
2268,24964,2,0
2265,26209,3,0
2270,26209,2,1
2267,26620,5,0
2266,27086,3,0
2267,27086,1,1
2266,27104,5,0
2266,27845,1,0
2269,34126,1,0
2267,35221,4,0
2270,39928,1,0
2268,40706,3,0
2269,43154,4,0
2269,44632,5,0
2265,45007,4,0
2267,45007,7,1
2270,45007,3,1
2265,47626,2,0
2265,49683,5,0
2274,5077,2,0
2277,8518,4,0
2272,10749,5,0
2279,14233,1,0
2273,14947,4,0
2276,14947,1,1
2274,17794,4,0
2275,21709,3,0
2276,21709,2,1
2277,21709,1,1
2276,21903,5,0
2272,22935,1,0
2276,22935,6,1
2278,22935,1,1
2273,24184,6,0
2272,24852,6,0
2273,24852,3,1
2272,24964,2,0
2278,24964,2,1
2279,24964,4,1
2277,26209,3,0
2279,26209,3,1
2273,27086,2,0
2274,27086,3,1
2273,27845,1,0
2274,27845,1,1
2277,31717,2,0
2276,35221,3,0
2276,39928,7,0
2279,40706,5,0
2273,44632,7,0
2276,44632,4,1
2279,44632,2,1
2272,45007,3,0
2275,45007,2,1
2278,45007,3,1
2273,47766,5,0
2275,47766,1,1
2272,49683,4,0
2278,49683,4,1
2283,8518,4,0
2282,13176,5,0
2289,13176,2,1
2285,14233,5,0
2286,14233,1,1
2289,14233,7,1
2281,14947,1,0
2286,14947,2,1
2288,14947,6,1
2288,21288,8,0
2281,21709,2,0
2284,21709,4,1
2286,21709,3,1
2289,21709,1,1
2282,21903,3,0
2286,21903,5,1
2283,22825,5,0
2285,22825,6,1
2282,24852,1,0
2283,24852,1,1
2285,24852,2,1
2282,26209,7,0
2283,26209,3,1
2282,26620,4,0
2288,26620,1,1
2282,27086,6,0
2281,27104,6,0
2284,27104,1,1
2284,27966,3,0
2285,27966,4,1
2287,28204,1,0
2289,28204,4,1
2289,28842,6,0
2288,30489,7,0
2281,34126,5,0
2281,35221,3,0
2285,35221,1,1
2286,35951,6,0
2289,35951,3,1
2287,39928,2,0
2281,44632,4,0
2284,45007,2,0
2285,45007,7,1
2288,45007,4,1
2286,47209,4,0
2288,47209,2,1
2283,47626,2,0
2288,47626,3,1
2289,47626,5,1
2282,47766,2,0
2284,47766,5,1
2288,47766,5,1
2285,49683,3,0
2286,49683,7,1
2292,5077,3,0
2293,5077,6,1
2292,12341,6,0
2295,13176,3,0
2291,14947,5,0
2293,14947,2,1
2294,14947,5,1
2296,16797,3,0
2292,17794,7,0
2293,17794,1,1
2295,21137,4,0
2296,21137,1,1
2292,21709,1,0
2295,21709,2,1
2292,21903,5,0
2294,21903,3,1
2297,21903,3,1
2294,24852,1,0
2296,24852,4,1
2297,24852,1,1
2294,24964,4,0
2295,24964,8,1
2297,24964,6,1
2296,26209,2,0
2291,26620,4,0
2291,27086,1,0
2292,27086,4,1
2294,27086,7,1
2291,27104,3,0
2292,27845,2,0
2295,27845,1,1
2296,27845,6,1
2297,27845,5,1
2292,27966,8,0
2293,28204,3,0
2296,37710,5,0
2295,39275,6,0
2291,43154,2,0
2295,43352,7,0
2294,45007,6,0
2295,47209,5,0
2293,47766,4,0
2294,47766,2,1
2297,47766,2,1
2297,49235,4,0
2293,49683,5,0
2300,4605,3,0
2300,5876,5,0
2301,5876,6,1
2302,5876,2,1
2299,6184,6,0
2302,12341,5,0
2301,14947,1,0
2304,14947,1,1
2303,16797,1,0
2301,17794,5,0
2303,21137,2,0
2302,21288,4,0
2304,21288,5,1
2301,21709,2,0
2302,21709,1,1
2304,21709,2,1
2299,21903,3,0
2305,24184,2,0
2299,24852,1,0
2299,24964,5,0
2302,24964,7,1
2304,26209,7,0
2303,27966,3,0
2304,27966,6,1
2301,30489,7,0
2302,34126,6,0
2305,34126,4,1
2301,35221,3,0
2304,35221,3,1
2299,37710,7,0
2303,39275,4,0
2300,40706,6,0
2305,40706,1,1
2300,43154,4,0
2300,44632,2,0
2301,44632,4,1
2304,44632,4,1
2302,45007,3,0
2304,45007,8,1
2299,47626,4,0
2305,47626,3,1
2299,47766,2,0
2300,49235,1,0
2313,4605,8,0
2315,4605,6,1
2307,5077,2,0
2311,5077,7,1
2312,5077,4,1
2314,5876,2,0
2309,10749,6,0
2314,12341,6,0
2310,14947,2,0
2310,16797,7,0
2311,16797,2,1
2313,16797,2,1
2314,16797,3,1
2315,16797,1,1
2308,17794,2,0
2312,17794,1,1
2308,21137,3,0
2311,21137,3,1
2315,21137,2,1
2313,21288,3,0
2314,21288,5,1
2310,21709,3,0
2311,21709,1,1
2309,21903,3,0
2309,24852,1,0
2310,24964,6,0
2307,26209,4,0
2310,26620,5,0
2311,26620,8,1
2307,27086,3,0
2308,27086,1,1
2313,27086,1,1
2307,27845,1,0
2310,27845,1,1
2311,27966,4,0
2315,27966,3,1
2313,28204,9,0
2310,35221,4,0
2312,35221,3,1
2311,35951,6,0
2313,35951,7,1
2308,37710,4,0
2314,37710,1,1
2311,39275,5,0
2313,39275,4,1
2315,39275,4,1
2314,39928,4,0
2315,43154,5,0
2309,43352,4,0
2313,43352,5,1
2312,46979,5,0
2313,47209,6,0
2309,47766,2,0
2312,47766,2,1
2309,49235,5,0
2319,5077,2,0
2318,6184,4,0
2318,14233,2,0
2318,16797,1,0
2320,22935,3,0
2319,24852,4,0
2320,24852,10,1
2320,24964,4,0
2317,26209,1,0
2319,27086,3,0
2320,27086,2,1
2318,27845,3,0
2319,27845,1,1
2320,27845,1,1
2319,30489,5,0
2320,30489,8,1
2320,35951,9,0
2320,43352,7,0
2320,45007,5,0
2317,47766,2,0
2320,49683,6,0
2324,10749,4,0
2324,13176,1,0
2323,14233,2,0
2323,14947,3,0
2322,21137,1,0
2324,21137,2,1
2323,21709,4,0
2322,24852,2,0
2322,26620,5,0
2323,27845,1,0
2322,39275,3,0
2322,44632,6,0
2322,47209,4,0
2324,47209,3,1
2329,5077,2,0
2331,5077,3,1
2328,5876,5,0
2333,5876,3,1
2332,6184,5,0
2329,12341,4,0
2326,13176,1,0
2330,13176,7,1
2331,13176,6,1
2326,14233,3,0
2327,14233,2,1
2327,14947,3,0
2333,14947,2,1
2327,21137,1,0
2328,21137,2,1
2331,21137,2,1
2333,21137,6,1
2330,21288,2,0
2332,21288,3,1
2327,21709,4,0
2329,21709,6,1
2332,21709,4,1
2332,21903,2,0
2333,21903,1,1
2330,22935,1,0
2331,22935,5,1
2333,24184,8,0
2328,24852,4,0
2330,24852,3,1
2333,24852,4,1
2330,24964,4,0
2332,26620,6,0
2329,27086,3,0
2331,27086,4,1
2328,27104,3,0
2329,27845,1,0
2330,27845,6,1
2331,27845,1,1
2332,27845,1,1
2333,28842,7,0
2329,35951,5,0
2328,40706,1,0
2328,45007,6,0
2333,47209,5,0
2330,47766,5,0
2326,49235,2,0
2336,5077,4,0
2335,13176,3,0
2335,16797,2,0
2336,21137,1,0
2336,21288,2,0
2337,24964,1,0
2336,27086,5,0
2336,27845,3,0
2337,27845,2,1
2337,27966,3,0
2336,45007,6,0
2336,46979,7,0
2335,47209,1,0
2335,47626,4,0
2337,49235,4,0
2340,196,2,0
2341,196,2,1
2340,12341,3,0
2341,12341,4,1
2341,14947,1,0
2340,21288,1,0
2340,21709,5,0
2341,21709,3,1
2340,22935,4,0
2339,24184,4,0
2339,30489,2,0
2339,40706,3,0
2339,45007,6,0
2339,47209,1,0
2339,47626,5,0
2340,49235,6,0
2343,5876,2,0
2345,21709,3,0
2344,21903,6,0
2345,21903,4,1
2344,24852,3,0
2345,27845,1,0
2344,28842,5,0
2344,34126,4,0
2345,35951,5,0
2343,39275,3,0
2343,40706,1,0
2345,43352,2,0
2344,44632,2,0
2344,47626,1,0
2350,13176,2,0
2348,16797,2,0
2350,17794,1,0
2348,21288,3,0
2349,21288,1,1
2350,21903,3,0
2348,24184,7,0
2347,24852,1,0
2349,24852,2,1
2347,26209,3,0
2349,26209,4,1
2348,27845,1,0
2348,39275,4,0
2347,40706,4,0
2348,43352,5,0
2347,47626,2,0
2349,47626,3,1
2348,47766,6,0
2350,47766,4,1
2353,5077,3,0
2357,12341,8,0
2356,13176,6,0
2352,14947,7,0
2358,14947,3,1
2356,16797,2,0
2357,21137,1,0
2354,21288,2,0
2356,21288,3,1
2353,21709,1,0
2354,21903,3,0
2355,21903,3,1
2359,21903,2,1
2354,22935,7,0
2355,24852,1,0
2352,24964,2,0
2357,24964,4,1
2352,26620,5,0
2357,26620,3,1
2353,27086,4,0
2353,27845,2,0
2354,27845,4,1
2356,27845,1,1
2357,27966,5,0
2358,30489,1,0
2354,31717,5,0
2354,35221,1,0
2358,35221,4,1
2352,39275,1,0
2356,39275,4,1
2359,39928,3,0
2359,40706,1,0
2357,43154,6,0
2354,43352,8,0
2356,43352,5,1
2352,45007,6,0
2358,45007,2,1
2352,47766,3,0
2354,47766,6,1
2355,47766,2,1
2357,47766,2,1
2352,49235,4,0
2357,49683,7,0
2362,12341,4,0
2361,21137,4,0
2363,21288,3,0
2362,21903,2,0
2361,24852,1,0
2363,24964,4,0
2364,24964,3,1
2361,26209,3,0
2363,26209,1,1
2362,27966,1,0
2363,27966,2,1
2361,28204,5,0
2364,28204,2,1
2364,40706,1,0
2364,43154,4,0
2363,45007,5,0
2364,45007,5,1
2362,47209,3,0
2361,47626,2,0
2361,49235,6,0
2368,5876,5,0
2372,5876,2,1
2373,6184,4,0
2366,10749,7,0
2366,16797,3,0
2368,16797,1,1
2369,16797,5,1
2371,16797,1,1
2367,17794,1,0
2367,18523,3,0
2368,21288,2,0
2371,21288,2,1
2372,21288,1,1
2369,21709,2,0
2371,21709,8,1
2370,21903,3,0
2373,22935,6,0
2368,24184,6,0
2369,24852,3,0
2373,24852,2,1
2372,26620,4,0
2366,27086,5,0
2370,27966,1,0
2371,27966,7,1
2373,27966,1,1
2366,30489,1,0
2366,35221,6,0
2367,35951,2,0
2369,35951,1,1
2368,39275,3,0
2371,39275,3,1
2370,39928,2,0
2368,40706,8,0
2369,40706,4,1
2373,40706,5,1
2366,43352,2,0
2368,43352,4,1
2371,43352,4,1
2368,44632,7,0
2371,44632,5,1
2372,46979,5,0
2366,47626,4,0
2372,47626,3,1
2373,47626,7,1
2371,49235,6,0
2373,49683,3,0
2377,8518,3,0
2375,10749,2,0
2375,13176,1,0
2378,13176,3,1
2377,14947,2,0
2380,14947,2,1
2379,16797,2,0
2377,21137,1,0
2379,21137,1,1
2379,21288,3,0
2380,21288,1,1
2378,21709,5,0
2380,21709,3,1
2375,22825,5,0
2376,22935,1,0
2375,24852,4,0
2378,27966,4,0
2376,28204,5,0
2378,28204,2,1
2375,30489,7,0
2375,35221,6,0
2378,35221,1,1
2380,35221,4,1
2376,35951,3,0
2379,39275,4,0
2375,43154,3,0
2379,43352,5,0
2376,44632,2,0
2380,44632,5,1
2378,45007,6,0
2376,47626,4,0
2384,5077,3,0
2383,5876,7,0
2386,13176,2,0
2387,13176,1,1
2383,14233,6,0
2385,14947,1,0
2388,14947,5,1
2383,16797,1,0
2383,21137,2,0
2386,21137,3,1
2387,21137,2,1
2384,21288,1,0
2387,21288,5,1
2385,21709,2,0
2386,21709,1,1
2387,22935,7,0
2382,24852,1,0
2387,24852,6,1
2388,24852,1,1
2384,24964,6,0
2388,24964,4,1
2382,26209,3,0
2388,26209,3,1
2384,27086,4,0
2387,27086,4,1
2384,27845,2,0
2383,27966,3,0
2383,28204,5,0
2385,35221,3,0
2383,39275,4,0
2385,44632,4,0
2386,46979,5,0
2386,47209,4,0
2387,47209,3,1
2382,47626,2,0
2388,47626,2,1
2384,47766,5,0
2390,196,3,0
2393,196,2,1
2392,4605,3,0
2393,4605,4,1
2393,5876,7,0
2393,12341,8,0
2392,14233,1,0
2391,17794,2,0
2392,18523,4,0
2392,21137,2,0
2391,24964,1,0
2390,27104,2,0
2390,34126,1,0
2391,34126,3,1
2393,37710,6,0
2392,43154,5,0
2393,44632,1,0
2393,45007,3,0
2393,47626,5,0
2398,196,6,0
2395,4605,3,0
2398,5077,8,0
2402,5876,5,0
2397,6184,5,0
2396,8518,7,0
2401,8518,7,1
2395,12341,1,0
2398,14947,1,0
2399,14947,3,1
2396,16797,5,0
2400,16797,1,1
2401,21137,3,0
2402,21137,1,1
2398,21288,5,0
2400,21288,2,1
2401,21288,1,1
2398,21709,2,0
2399,21709,1,1
2402,21709,4,1
2397,21903,4,0
2396,22935,2,0
2399,22935,7,1
2396,24852,3,0
2397,24852,2,1
2398,26209,7,0
2401,26620,6,0
2399,27086,2,0
2397,27845,1,0
2401,27845,4,1
2396,27966,6,0
2398,35221,3,0
2399,35221,4,1
2402,37710,6,0
2396,39275,1,0
2400,39275,3,1
2395,39928,2,0
2396,43154,4,0
2401,43154,5,1
2400,43352,4,0
2402,43352,2,1
2398,44632,4,0
2399,44632,5,1
2399,45007,6,0
2401,47209,2,0
2397,47766,3,0
2399,47766,8,1
2402,49235,3,0
2406,5077,4,0
2407,5077,7,1
2404,12341,6,0
2405,12341,3,1
2407,13176,6,0
2408,14947,2,0
2408,16797,6,0
2408,21137,1,0
2409,21288,4,0
2408,21709,3,0
2406,21903,3,0
2407,21903,5,1
2409,21903,3,1
2410,21903,3,1
2404,22825,3,0
2404,24852,7,0
2406,24852,1,1
2407,24852,3,1
2409,24852,1,1
2408,26620,5,0
2407,27086,2,0
2404,27845,4,0
2405,27845,1,1
2407,27845,1,1
2410,27845,1,1
2404,31717,1,0
2408,35221,4,0
2410,37710,2,0
2410,39275,4,0
2404,40706,2,0
2405,43154,4,0
2410,45007,5,0
2409,47626,5,0
2404,47766,5,0
2405,47766,2,1
2406,47766,2,1
2407,47766,4,1
2409,47766,2,1
2416,4605,3,0
2417,6184,5,0
2414,13176,8,0
2413,14233,1,0
2417,14233,2,1
2413,14947,2,0
2414,16797,6,0
2415,16797,3,1
2415,21137,2,0
2416,21288,1,0
2413,21709,3,0
2414,21709,2,1
2416,21709,5,1
2412,21903,1,0
2414,21903,9,1
2412,24852,6,0
2413,24852,4,1
2414,24852,5,1
2413,26209,5,0
2412,27845,4,0
2414,27845,1,1
2415,27845,1,1
2414,27966,4,0
2415,27966,4,1
2417,30489,3,0
2412,31717,3,0
2414,35221,7,0
2415,39275,5,0
2417,43352,6,0
2412,46979,2,0
2417,46979,4,1
2416,47209,2,0
2417,47626,1,0
2412,49235,5,0
2414,49235,3,1
2416,49235,4,1
2419,5077,7,0
2421,5077,2,1
2421,8518,4,0
2421,14233,5,0
2419,14947,1,0
2419,21288,6,0
2419,21709,2,0
2419,24184,5,0
2420,24852,1,0
2420,26209,3,0
2421,27086,3,0
2421,27845,1,0
2420,31717,4,0
2420,34126,5,0
2421,34126,6,1
2419,35221,3,0
2421,40706,7,0
2419,44632,4,0
2420,47626,2,0
2424,5876,5,0
2424,16797,1,0
2425,16797,1,1
2425,21137,2,0
2424,21288,2,0
2423,24964,3,0
2425,27966,3,0
2425,35221,5,0
2424,39275,3,0
2425,39275,4,1
2423,43352,1,0
2424,43352,4,1
2423,45007,2,0
2429,14233,1,0
2428,14947,6,0
2429,14947,2,1
2429,21709,3,0
2427,22935,4,0
2427,26209,1,0
2428,27086,4,0
2427,27966,3,0
2428,31717,3,0
2427,34126,6,0
2427,39275,5,0
2428,39275,5,1
2428,47209,2,0
2428,47626,1,0
2427,47766,2,0
2433,6184,5,0
2431,13176,4,0
2431,14233,2,0
2432,14947,3,0
2433,14947,2,1
2432,21137,1,0
2433,21709,1,0
2431,24964,3,0
2432,27086,2,0
2433,35221,3,0
2431,44632,1,0
2433,44632,4,1
2431,47626,5,0
2442,196,7,0
2437,5077,2,0
2441,5876,5,0
2435,6184,5,0
2435,13176,1,0
2436,13176,1,1
2439,13176,1,1
2442,13176,3,1
2435,14233,6,0
2440,14233,1,1
2440,14947,2,0
2440,16797,4,0
2441,17794,3,0
2435,21137,2,0
2436,21137,2,1
2439,21137,2,1
2440,21137,5,1
2441,21137,4,1
2440,21709,3,0
2438,21903,4,0
2439,21903,4,1
2442,21903,1,1
2438,24852,2,0
2442,24852,4,1
2438,24964,8,0
2437,27086,3,0
2438,27086,1,1
2438,27104,5,0
2437,27845,1,0
2438,28204,6,0
2441,28842,2,0
2442,34126,2,0
2435,35221,4,0
2441,39928,1,0
2437,40706,4,0
2438,44632,7,0
2441,45007,6,0
2442,45007,6,1
2435,47209,3,0
2436,47209,3,1
2439,47209,3,1
2442,47209,5,1
2438,47766,3,0
2446,196,1,0
2444,14947,3,0
2445,21709,1,0
2445,21903,4,0
2447,22935,1,0
2446,24184,3,0
2445,24852,2,0
2444,24964,4,0
2447,24964,2,1
2444,26209,2,0
2444,27966,1,0
2447,45007,3,0
2445,47766,3,0
2446,47766,2,1
2447,49683,4,0
2449,4605,7,0
2450,5077,2,0
2449,6184,8,0
2449,12341,6,0
2454,14233,1,0
2451,14947,2,0
2452,14947,1,1
2454,14947,2,1
2453,16797,2,0
2453,21288,3,0
2451,21709,3,0
2452,21709,2,1
2453,21709,1,1
2454,21709,3,1
2451,22825,6,0
2449,22935,1,0
2449,24964,2,0
2451,27086,1,0
2451,35221,4,0
2452,35221,3,1
2453,39275,4,0
2450,40706,1,0
2453,43352,5,0
2451,44632,5,0
2452,44632,4,1
2449,45007,3,0
2449,46979,5,0
2449,49683,4,0
2458,196,2,0
2460,4605,5,0
2460,5077,2,0
2459,13176,1,0
2460,13176,6,1
2457,14947,1,0
2456,16797,1,0
2460,16797,1,1
2456,21137,2,0
2458,21137,3,1
2459,21137,2,1
2460,21137,4,1
2456,21709,5,0
2457,21709,2,1
2458,21709,1,1
2460,21709,3,1
2456,27966,3,0
2457,35221,3,0
2456,39275,4,0
2458,40706,4,0
2457,44632,4,0
2459,47209,3,0
2464,5876,5,0
2470,12341,3,0
2468,13176,7,0
2469,13176,1,1
2466,14947,1,0
2468,14947,3,1
2463,16797,5,0
2464,16797,2,1
2467,16797,5,1
2469,16797,4,1
2469,21137,2,0
2470,21137,1,1
2464,21288,1,0
2467,21288,2,1
2468,21288,1,1
2470,21288,2,1
2466,21709,3,0
2467,21709,3,1
2462,22825,5,0
2463,22935,4,0
2470,22935,4,1
2463,24852,1,0
2466,24852,2,1
2468,24852,8,1
2463,26209,3,0
2465,26209,3,1
2466,27845,4,0
2468,27845,6,1
2462,27966,2,0
2465,27966,1,1
2468,35221,2,0
2464,35951,6,0
2464,39275,3,0
2467,39275,1,1
2468,39275,4,1
2468,40706,5,0
2462,43352,1,0
2464,43352,4,1
2467,44632,7,0
2468,44632,9,1
2470,44632,5,1
2462,46979,3,0
2467,47209,6,0
2469,47209,3,1
2463,47626,2,0
2462,49235,4,0
2465,49235,2,1
2467,49683,4,0
2473,5876,4,0
2474,6184,3,0
2474,8518,4,0
2472,12341,4,0
2473,14947,3,0
2472,21903,3,0
2472,24852,1,0
2474,27086,5,0
2473,35221,1,0
2473,39928,2,0
2472,47626,6,0
2472,47766,2,0
2473,47766,5,1
2474,47766,1,1
2472,49683,5,0
2474,49683,2,1
2477,10749,6,0
2481,13176,1,0
2476,14233,5,0
2477,14947,2,0
2481,21137,2,0
2477,21709,3,0
2478,21903,3,0
2479,21903,3,1
2480,21903,4,1
2476,24852,1,0
2478,24852,1,1
2479,24852,1,1
2480,24852,2,1
2481,24964,4,0
2476,26209,3,0
2477,26620,5,0
2479,27086,4,0
2476,27845,6,0
2477,27845,1,1
2480,27845,1,1
2478,30489,4,0
2477,35221,4,0
2480,37710,5,0
2478,39928,5,0
2480,43352,6,0
2476,44632,4,0
2481,47209,3,0
2476,47626,2,0
2478,47766,2,0
2479,47766,2,1
2480,47766,3,1
2478,49683,6,0
2484,6184,7,0
2485,6184,3,1
2483,14947,1,0
2486,14947,1,1
2484,16797,2,0
2483,18523,5,0
2484,18523,6,1
2485,18523,5,1
2484,21288,3,0
2483,21709,2,0
2484,21709,1,1
2486,21709,2,1
2483,26620,4,0
2486,27966,5,0
2483,35221,3,0
2486,35221,3,1
2484,39275,4,0
2484,43352,5,0
2485,44632,4,0
2486,44632,4,1
2485,47209,1,0
2485,47766,2,0
2488,5077,2,0
2491,12341,6,0
2488,14233,4,0
2491,14233,1,1
2491,16797,3,0
2491,21137,2,0
2490,21903,3,0
2492,21903,3,1
2491,22825,4,0
2489,24184,3,0
2490,24852,1,0
2492,24852,1,1
2490,24964,5,0
2488,27086,3,0
2489,27086,1,1
2492,27086,4,1
2489,27104,4,0
2491,27104,7,1
2488,27845,1,0
2490,27845,4,1
2492,27966,6,0
2489,28204,2,0
2490,35221,6,0
2492,35221,7,1
2489,37710,6,0
2488,39275,5,0
2489,43154,5,0
2492,44632,5,0
2488,47209,6,0
2491,47209,5,1
2490,47766,2,0
2492,47766,2,1
2496,5876,6,0
2494,16797,3,0
2496,16797,1,1
2495,21288,1,0
2496,21288,2,1
2494,21903,6,0
2495,21903,4,1
2494,22935,1,0
2495,24852,2,0
2494,26209,4,0
2495,30489,5,0
2496,31717,5,0
2496,39275,3,0
2496,43352,4,0
2494,47626,5,0
2495,47766,3,0
2494,49683,2,0
2499,5077,2,0
2499,5876,5,0
2500,14233,2,0
2500,14947,3,0
2498,21137,4,0
2500,21709,4,0
2498,21903,3,0
2498,24852,1,0
2499,26209,4,0
2500,26209,7,1
2499,27086,3,0
2500,27086,1,1
2499,27845,1,0
2500,31717,6,0
2498,47766,2,0
2500,47766,5,1
2504,12341,7,0
2503,14947,2,0
2502,16797,2,0
2504,16797,2,1
2503,21288,1,0
2504,21709,1,0
2504,24184,5,0
2502,26209,3,0
2504,26209,4,1
2503,26620,3,0
2502,31717,4,0
2504,35951,6,0
2502,44632,1,0
2502,46979,5,0
2504,47209,3,0
2507,196,7,0
2508,196,4,1
2509,4605,5,0
2511,4605,4,1
2508,5876,3,0
2509,5876,2,1
2512,5876,6,1
2508,8518,2,0
2512,10749,5,0
2507,12341,5,0
2507,13176,2,0
2512,13176,1,1
2506,14947,1,0
2510,14947,1,1
2507,21137,1,0
2512,21137,2,1
2509,21288,1,0
2506,21709,2,0
2510,21709,2,1
2511,21709,1,1
2507,22825,8,0
2507,24852,6,0
2507,24964,4,0
2508,26620,5,0
2508,27845,1,0
2509,28204,7,0
2506,35221,3,0
2510,35221,3,1
2509,35951,6,0
2509,37710,4,0
2509,40706,3,0
2506,44632,4,0
2510,44632,4,1
2510,47209,6,0
2511,47209,3,1
2512,47209,3,1
2507,47626,3,0
2508,47766,6,0
2512,47766,4,1
2510,49683,5,0
2511,49683,2,1
2515,5077,3,0
2520,12341,6,0
2516,14233,2,0
2514,14947,1,0
2516,14947,3,1
2519,16797,2,0
2519,17794,7,0
2519,21137,3,0
2520,21137,3,1
2521,21137,2,1
2514,21709,2,0
2516,21709,4,1
2517,21709,1,1
2519,21709,6,1
2518,21903,3,0
2517,22935,4,0
2520,24184,5,0
2514,24852,5,0
2518,24852,1,1
2517,26209,5,0
2514,26620,4,0
2516,27086,1,0
2515,27845,1,0
2519,27845,1,1
2520,27845,1,1
2517,27966,2,0
2519,27966,4,1
2519,28204,8,0
2520,28842,2,0
2519,31717,9,0
2514,35221,3,0
2520,37710,4,0
2515,39275,2,0
2519,39275,5,1
2515,39928,4,0
2517,45007,3,0
2521,47626,1,0
2518,47766,2,0
2527,4605,2,0
2530,5077,3,0
2527,10749,6,0
2531,12341,5,0
2523,13176,3,0
2524,13176,1,1
2529,13176,6,1
2531,13176,7,1
2525,14233,4,0
2527,14233,4,1
2529,14233,8,1
2529,14947,1,0
2531,14947,1,1
2526,16797,2,0
2529,16797,5,1
2523,21137,4,0
2524,21137,2,1
2525,21137,6,1
2530,21137,1,1
2525,21288,5,0
2523,21709,6,0
2529,21709,2,1
2530,21709,2,1
2531,21709,2,1
2523,21903,5,0
2528,22935,1,0
2526,24184,5,0
2528,24184,5,1
2528,24964,2,0
2526,26209,7,0
2529,26209,7,1
2526,26620,4,0
2531,26620,4,1
2525,27845,2,0
2525,30489,3,0
2526,30489,1,1
2527,34126,1,0
2529,35221,3,0
2531,35221,3,1
2525,35951,8,0
2527,37710,3,0
2526,40706,3,0
2527,43154,5,0
2529,44632,4,0
2525,45007,1,0
2528,45007,3,1
2523,47209,2,0
2524,47209,3,1
2526,47209,6,1
2531,47209,6,1
2523,47626,1,0
2523,47766,7,0
2530,47766,4,1
2525,49235,7,0
2530,49235,5,1
2528,49683,4,0
2536,13176,8,0
2533,14233,4,0
2534,14233,1,1
2534,14947,2,0
2533,16797,2,0
2534,21709,3,0
2536,21709,5,1
2535,22825,4,0
2534,22935,4,0
2536,22935,6,1
2533,24184,3,0
2536,24852,3,0
2536,26209,1,0
2535,27845,2,0
2534,27966,7,0
2534,28842,5,0
2536,31717,7,0
2536,39275,4,0
2536,44632,2,0
2535,47209,1,0
2535,47766,3,0
2533,49235,1,0
2534,49683,6,0
2538,196,5,0
2541,5077,2,0
2542,6184,6,0
2539,13176,2,0
2538,16797,1,0
2539,21137,3,0
2539,21288,1,0
2540,24852,1,0
2540,26209,3,0
2541,27086,3,0
2541,27845,1,0
2538,30489,4,0
2538,34126,2,0
2541,37710,6,0
2539,39275,5,0
2542,39275,3,1
2542,39928,4,0
2542,43352,1,0
2539,47209,4,0
2542,47209,7,1
2539,47626,6,0
2540,47626,2,1
2541,47626,4,1
2542,47626,2,1
2542,47766,5,0
2541,49235,5,0
2538,49683,3,0
2548,4605,3,0
2545,5876,7,0
2548,5876,1,1
2549,6184,6,0
2547,14233,6,0
2547,14947,1,0
2546,17794,1,0
2546,21137,4,0
2545,21709,8,0
2547,21709,2,1
2548,21903,4,0
2545,22935,1,0
2548,24852,5,0
2545,24964,2,0
2549,24964,2,1
2545,26620,5,0
2549,27966,4,0
2547,28204,5,0
2547,30489,7,0
2548,30489,2,1
2547,35221,3,0
2549,35221,3,1
2544,35951,3,0
2546,39275,3,0
2544,39928,2,0
2545,40706,6,0
2547,44632,4,0
2544,45007,1,0
2545,45007,3,1
2549,46979,5,0
2546,47209,2,0
2549,47209,7,1
2545,49683,4,0
2549,49683,1,1
2552,196,1,0
2554,196,6,1
2552,4605,4,0
2554,5876,8,0
2555,12341,4,0
2555,13176,1,0
2551,14233,7,0
2555,16797,5,0
2555,21137,2,0
2551,22935,1,0
2552,22935,5,1
2553,22935,1,1
2551,24964,2,0
2553,24964,2,1
2551,26209,5,0
2554,27845,5,0
2554,27966,1,0
2552,28204,2,0
2554,30489,3,0
2554,40706,4,0
2554,43352,7,0
2554,44632,2,0
2551,45007,3,0
2553,45007,3,1
2555,47209,3,0
2552,47626,3,0
2551,49235,6,0
2551,49683,4,0
2553,49683,4,1
2557,6184,5,0
2557,14947,3,0
2558,21288,2,0
2559,21903,3,0
2559,24852,1,0
2558,24964,8,0
2558,26209,3,0
2557,26620,6,0
2557,27104,1,0
2558,27966,5,0
2558,35951,7,0
2558,39928,1,0
2557,43154,2,0
2558,43352,6,0
2558,47209,4,0
2557,47766,4,0
2559,47766,2,1
2557,49235,7,0
2565,4605,4,0
2565,10749,2,0
2563,13176,1,0
2565,13176,3,1
2566,13176,4,1
2568,13176,7,1
2561,14233,1,0
2561,14947,2,0
2568,16797,2,0
2562,21137,2,0
2563,21137,6,1
2568,21137,3,1
2569,21137,1,1
2561,21709,3,0
2562,21709,1,1
2566,21709,3,1
2568,21709,6,1
2564,21903,3,0
2567,21903,3,1
2569,22935,2,0
2563,24852,2,0
2564,24852,1,1
2567,24852,1,1
2569,24852,6,1
2563,24964,4,0
2569,24964,3,1
2566,26620,1,0
2562,27845,3,0
2565,27845,1,1
2568,27845,1,1
2568,27966,4,0
2569,28842,7,0
2563,30489,5,0
2568,30489,8,1
2562,35221,4,0
2568,39275,5,0
2566,45007,5,0
2569,45007,4,1
2561,47626,4,0
2563,47626,3,1
2562,47766,5,0
2564,47766,2,1
2565,47766,5,1
2567,47766,2,1
2566,49683,2,0
2569,49683,5,1
2571,5077,2,0
2572,8518,6,0
2572,13176,5,0
2573,14233,2,0
2576,14233,4,1
2573,14947,3,0
2575,21137,1,0
2572,21709,3,0
2573,21709,4,1
2576,21903,3,0
2572,24852,7,0
2574,24852,1,1
2576,24852,1,1
2575,24964,3,0
2574,26209,3,0
2572,27086,1,0
2573,27845,1,0
2571,27966,3,0
2572,27966,8,1
2572,28842,2,0
2572,43352,4,0
2572,45007,9,0
2571,47626,1,0
2574,47626,2,1
2576,47766,2,0
2575,49235,2,0
2584,8518,1,0
2581,13176,2,0
2585,13176,1,1
2583,14233,6,0
2578,14947,1,0
2580,14947,1,1
2583,16797,1,0
2583,18523,5,0
2580,21137,5,0
2581,21137,3,1
2583,21137,2,1
2585,21137,2,1
2578,21709,2,0
2580,21709,2,1
2581,21709,1,1
2579,22935,1,0
2585,24184,4,0
2578,24964,7,0
2579,24964,2,1
2582,26209,1,0
2580,26620,4,0
2578,27966,6,0
2583,27966,3,1
2582,28204,2,0
2584,30489,4,0
2584,34126,2,0
2578,35221,3,0
2580,35221,3,1
2579,35951,5,0
2585,37710,6,0
2578,39275,5,0
2583,39275,4,1
2584,39275,6,1
2584,39928,7,0
2578,44632,4,0
2584,44632,5,1
2579,45007,3,0
2585,45007,5,1
2581,47209,4,0
2585,47209,3,1
2584,47626,3,0
2578,47766,8,0
2579,49683,4,0
2593,196,5,0
2587,5077,7,0
2589,5077,2,1
2588,5876,6,0
2591,10749,3,0
2587,13176,3,0
2593,13176,4,1
2594,13176,2,1
2592,14233,1,0
2593,14233,1,1
2595,14233,6,1
2589,14947,4,0
2592,14947,2,1
2593,14947,2,1
2595,14947,1,1
2587,16797,2,0
2594,21137,1,0
2590,21709,1,0
2592,21709,3,1
2593,21709,3,1
2595,21709,2,1
2587,21903,5,0
2588,21903,4,1
2594,22825,4,0
2588,24852,2,0
2590,24852,2,1
2590,26209,4,0
2588,27086,1,0
2589,27086,3,1
2590,27104,5,0
2589,27845,1,0
2591,27845,1,1
2587,27966,6,0
2595,35221,3,0
2592,35951,4,0
2590,39275,6,0
2591,39275,5,1
2592,40706,5,0
2587,43154,1,0
2588,43352,5,0
2595,44632,4,0
2595,45007,5,0
2589,47209,5,0
2594,47209,3,1
2590,47626,3,0
2588,47766,3,0
2591,47766,2,1
2587,49235,4,0
2589,49235,6,1
2591,49235,4,1
2597,8518,6,0
2603,8518,5,1
2598,13176,2,0
2599,14233,3,0
2601,14233,4,1
2599,14947,5,0
2597,16797,1,0
2597,17794,7,0
2597,21137,2,0
2598,21137,3,1
2598,21288,1,0
2600,21709,1,0
2600,21903,3,0
2601,21903,2,1
2602,21903,3,1
2603,21903,3,1
2599,22935,4,0
2601,24184,5,0
2602,24852,1,0
2603,24852,1,1
2597,26209,5,0
2599,27086,6,0
2597,27966,3,0
2599,27966,2,1
2601,28842,1,0
2601,31717,3,0
2597,39275,4,0
2600,43154,2,0
2603,46979,4,0
2598,47209,4,0
2602,47766,2,0
2603,47766,2,1
2599,49235,1,0
2607,196,2,0
2606,5876,4,0
2609,13176,2,0
2608,16797,2,0
2605,21137,1,0
2607,21288,3,0
2606,24852,1,0
2605,26209,2,0
2606,26209,3,1
2605,26620,3,0
2607,27845,1,0
2608,27966,1,0
2605,28204,4,0
2607,37710,4,0
2608,43154,3,0
2606,47626,2,0
2607,47766,5,0
2609,49235,1,0
2611,14233,1,0
2611,14947,2,0
2613,14947,1,1
2611,21288,4,0
2611,21709,3,0
2612,21709,1,1
2613,21709,2,1
2614,21903,3,0
2615,21903,4,1
2614,24852,1,0
2615,24852,2,1
2614,24964,4,0
2613,26620,4,0
2615,27845,1,0
2612,30489,2,0
2615,30489,5,1
2611,35221,5,0
2613,35221,3,1
2614,35221,6,1
2612,37710,5,0
2612,43352,3,0
2614,47209,5,0
2614,47766,2,0
2615,47766,3,1
2614,49235,7,0
2612,49683,4,0
2617,6184,2,0
2617,12341,4,0
2620,13176,2,0
2619,16797,1,0
2618,21137,2,0
2619,21137,2,1
2620,21137,3,1
2618,21288,1,0
2620,24184,1,0
2619,24964,5,0
2619,27966,3,0
2619,28204,6,0
2618,31717,5,0
2618,35221,4,0
2618,39275,3,0
2619,39275,4,1
2617,44632,1,0
2617,47766,3,0
2618,49683,6,0
2620,49683,4,1
2629,196,4,0
2622,4605,6,0
2626,5876,2,0
2629,6184,3,0
2629,14947,5,0
2624,16797,1,0
2629,16797,6,1
2622,21137,1,0
2624,21137,2,1
2626,21137,4,1
2624,21288,5,0
2622,21709,5,0
2623,24852,2,0
2625,24852,1,1
2627,24852,1,1
2628,24852,1,1
2627,24964,5,0
2624,26209,6,0
2627,26209,3,1
2628,26209,3,1
2629,27845,1,0
2622,27966,3,0
2624,27966,3,1
2625,28204,5,0
2627,28204,4,1
2622,35951,4,0
2629,37710,2,0
2624,39275,4,0
2625,39275,2,1
2629,39928,7,0
2622,40706,2,0
2627,44632,6,0
2626,45007,1,0
2626,46979,3,0
2623,47209,1,0
2625,47626,4,0
2627,47626,2,1
2628,47626,2,1
2625,49683,3,0
2632,4605,1,0
2634,5077,2,0
2635,5876,6,0
2631,10749,4,0
2631,13176,1,0
2635,13176,1,1
2633,14233,5,0
2634,14233,4,1
2633,16797,1,0
2631,21137,2,0
2633,21137,6,1
2635,21137,7,1
2633,21288,2,0
2635,21903,5,0
2635,24184,2,0
2631,24964,6,0
2635,24964,3,1
2635,26209,4,0
2634,27086,3,0
2634,27845,1,0
2633,39275,3,0
2632,40706,2,0
2633,43352,4,0
2631,47209,3,0
2631,47766,5,0
2637,13176,4,0
2639,13176,1,1
2640,13176,1,1
2641,14947,1,0
2638,21137,2,0
2639,21137,2,1
2641,21709,2,0
2637,21903,3,0
2638,21903,7,1
2637,24184,5,0
2637,24852,1,0
2638,27845,1,0
2638,27966,6,0
2641,27966,6,1
2641,35221,3,0
2641,37710,5,0
2638,43154,9,0
2641,44632,4,0
2638,45007,3,0
2640,46979,2,0
2639,47209,3,0
2638,47626,4,0
2637,47766,2,0
2638,49235,5,0
2638,49683,8,0
2645,196,2,0
2643,5876,6,0
2643,14947,1,0
2643,21709,2,0
2646,21903,6,0
2646,22935,1,0
2644,24852,1,0
2646,24964,2,0
2644,26209,3,0
2643,26620,4,0
2645,26620,4,1
2645,27845,1,0
2643,28204,5,0
2646,30489,5,0
2643,35221,3,0
2646,37710,7,0
2643,45007,7,0
2646,45007,3,1
2644,47626,2,0
2645,49235,3,0
2646,49683,4,0
2648,4605,3,0
2650,13176,1,0
2651,13176,4,1
2649,14947,2,0
2650,21137,2,0
2652,21137,2,1
2652,21709,3,0
2651,21903,3,0
2652,21903,4,1
2648,22935,5,0
2652,22935,5,1
2648,24852,1,0
2651,24852,1,1
2648,26209,7,0
2652,27845,1,0
2649,27966,4,0
2652,34126,7,0
2648,35951,4,0
2652,40706,6,0
2648,43154,6,0
2648,45007,2,0
2649,45007,1,1
2650,47209,3,0
2649,47766,3,0
2651,47766,2,1
2657,196,2,0
2656,5077,1,0
2658,5077,3,1
2655,5876,2,0
2656,5876,3,1
2660,12341,6,0
2657,14233,6,0
2659,14947,2,0
2657,16797,1,0
2655,21137,4,0
2657,21288,3,0
2658,21288,1,1
2660,21288,3,1
2659,21709,3,0
2660,21709,1,1
2654,21903,4,0
2656,22935,7,0
2654,24852,1,0
2658,24852,5,1
2659,24852,6,1
2660,24852,2,1
2656,24964,4,0
2655,26620,3,0
2657,26620,4,1
2658,27086,4,0
2659,27086,1,1
2655,27845,1,0
2658,27845,2,1
2659,35221,4,0
2655,39928,5,0
2656,39928,5,1
2654,43154,3,0
2659,44632,5,0
2656,45007,6,0
2660,45007,4,1
2654,46979,2,0
2656,49235,2,0
2660,49235,5,1
2657,49683,5,0
2662,5077,2,0
2664,5876,3,0
2663,14233,5,0
2663,14947,1,0
2665,14947,3,1
2664,16797,4,0
2664,18523,5,0
2665,21137,4,0
2665,21288,1,0
2663,21709,2,0
2664,21709,1,1
2662,27086,3,0
2662,27104,5,0
2662,27845,1,0
2663,35221,3,0
2664,35221,7,1
2664,39928,2,0
2662,40706,4,0
2663,44632,4,0
2665,47766,2,0
2664,49235,6,0
2668,196,4,0
2668,5876,2,0
2667,6184,6,0
2671,12341,3,0
2670,14233,4,0
2667,16797,1,0
2668,16797,3,1
2669,16797,2,1
2672,17794,2,0
2669,21137,3,0
2667,21288,2,0
2669,21288,1,1
2670,21288,3,1
2671,22935,1,0
2667,24852,7,0
2672,24852,4,1
2672,24964,3,0
2671,26620,5,0
2671,27845,2,0
2667,27966,5,0
2668,27966,5,1
2669,27966,4,1
2670,30489,1,0
2668,35221,6,0
2672,35221,1,1
2668,37710,1,0
2667,39275,3,0
2669,39275,5,1
2667,43352,4,0
2672,44632,5,0
2668,47626,7,0
2669,47626,6,1
2670,47766,2,0
2671,49683,4,0
2677,196,6,0
2675,4605,4,0
2675,5077,5,0
2675,13176,1,0
2674,16797,1,0
2674,21137,2,0
2675,21137,2,1
2676,21903,3,0
2677,21903,3,1
2676,24852,1,0
2677,24964,4,0
2677,27845,1,0
2674,27966,3,0
2675,27966,6,1
2674,39275,4,0
2677,43154,2,0
2677,43352,5,0
2675,47209,3,0
2676,47766,2,0
2683,196,1,0
2682,10749,1,0
2680,13176,6,0
2680,14947,1,0
2685,14947,2,1
2682,16797,3,0
2684,16797,1,1
2684,21288,2,0
2685,21288,1,1
2680,21709,2,0
2681,21709,1,1
2685,21709,3,1
2679,21903,3,0
2681,21903,2,1
2685,21903,6,1
2683,22935,3,0
2679,24852,1,0
2680,26620,4,0
2683,26620,2,1
2681,27086,6,0
2679,27966,7,0
2681,27966,3,1
2682,28204,4,0
2680,31717,5,0
2681,34126,5,0
2679,35221,4,0
2680,35221,3,1
2684,35221,5,1
2685,35221,4,1
2682,37710,2,0
2684,39275,3,0
2684,43352,4,0
2685,44632,5,0
2685,45007,7,0
2684,46979,6,0
2679,47209,5,0
2680,47209,7,1
2679,47626,6,0
2684,47626,7,1
2679,47766,2,0
2681,47766,4,1
2685,47766,8,1
2682,49235,5,0
2693,196,7,0
2690,13176,9,0
2691,13176,7,1
2689,14233,2,0
2692,14233,7,1
2693,14233,6,1
2687,14947,1,0
2689,14947,3,1
2690,14947,4,1
2691,14947,3,1
2692,14947,3,1
2693,14947,2,1
2694,14947,2,1
2687,16797,8,0
2690,17794,2,0
2690,18523,8,0
2691,21137,5,0
2692,21137,2,1
2688,21288,1,0
2692,21288,8,1
2687,21709,2,0
2689,21709,4,1
2690,21709,1,1
2691,21709,2,1
2692,21709,4,1
2693,21709,1,1
2694,21709,1,1
2688,21903,3,0
2690,21903,6,1
2687,22935,7,0
2690,22935,5,1
2691,22935,8,1
2688,24852,4,0
2691,24852,4,1
2692,24964,9,0
2694,24964,5,1
2689,26209,5,0
2689,27845,1,0
2690,27845,3,1
2692,27845,1,1
2689,28842,6,0
2691,31717,6,0
2691,34126,1,0
2687,35221,3,0
2688,35221,2,1
2692,35221,5,1
2693,35221,3,1
2694,35221,3,1
2690,39928,7,0
2693,39928,5,1
2687,40706,5,0
2687,44632,4,0
2688,44632,6,1
2692,44632,6,1
2693,44632,4,1
2694,44632,4,1
2687,45007,6,0
2689,45007,7,1
2688,47626,5,0
2689,47626,8,1
2700,4605,2,0
2696,5876,5,0
2702,8518,5,0
2701,13176,1,0
2698,14233,2,0
2698,14947,3,0
2703,14947,1,1
2697,16797,1,0
2701,21137,2,0
2697,21288,2,0
2698,21288,1,1
2698,21709,4,0
2699,21709,1,1
2703,21709,2,1
2696,21903,3,0
2702,21903,3,1
2699,22935,3,0
2696,24852,1,0
2702,24852,1,1
2699,26209,5,0
2698,28204,5,0
2701,28204,5,1
2701,30489,4,0
2699,34126,2,0
2703,35221,3,0
2697,39275,3,0
2700,40706,1,0
2702,40706,4,1
2697,43352,4,0
2703,44632,4,0
2701,47209,3,0
2699,47626,4,0
2696,47766,2,0
2702,47766,2,1
2696,49683,4,0
2709,5077,2,0
2705,5876,1,0
2711,5876,2,1
2707,16797,1,0
2708,16797,1,1
2707,21288,2,0
2708,21288,2,1
2711,21288,1,1
2709,22935,4,0
2707,24852,5,0
2710,24852,2,1
2710,26209,4,0
2706,26620,2,0
2709,27086,3,0
2710,27086,1,1
2709,27845,1,0
2711,30489,4,0
2709,34126,5,0
2707,39275,3,0
2708,39275,3,1
2705,39928,2,0
2707,43352,4,0
2708,43352,4,1
2710,47626,3,0
2706,47766,1,0
2711,49683,3,0
2714,196,1,0
2714,4605,2,0
2713,6184,4,0
2713,13176,1,0
2715,14947,1,0
2713,21137,2,0
2715,21709,2,0
2715,24852,5,0
2715,26209,7,0
2715,26620,6,0
2715,27966,8,0
2715,35221,3,0
2715,44632,4,0
2713,47209,3,0
2718,4605,3,0
2718,5876,4,0
2718,6184,1,0
2717,13176,3,0
2719,14947,1,0
2717,21709,1,0
2719,21709,2,1
2717,24184,4,0
2719,26620,4,0
2717,27966,2,0
2719,35221,3,0
2718,37710,2,0
2718,47209,5,0
2725,5077,2,0
2721,5876,4,0
2722,6184,1,0
2722,12341,2,0
2724,16797,1,0
2724,21137,2,0
2721,21903,3,0
2721,24852,1,0
2725,27086,3,0
2725,27845,1,0
2724,27966,3,0
2724,39275,4,0
2721,43352,5,0
2723,44632,1,0
2723,45007,2,0
2722,47209,3,0
2725,47626,5,0
2721,47766,2,0
2725,49683,4,0
2728,6184,5,0
2727,13176,1,0
2729,14947,2,0
2727,18523,6,0
2727,21137,2,0
2728,21709,4,0
2729,21709,3,1
2728,21903,3,0
2728,24852,1,0
2729,26620,5,0
2729,27845,1,0
2729,27966,6,0
2728,28842,6,0
2727,30489,5,0
2729,35221,4,0
2727,45007,4,0
2727,47209,3,0
2728,47766,2,0
2729,47766,7,1
2735,4605,2,0
2731,5077,6,0
2735,5876,4,0
2736,5876,6,1
2731,16797,1,0
2733,16797,1,1
2736,16797,2,1
2734,21137,2,0
2731,21288,2,0
2733,21288,2,1
2734,21288,1,1
2735,21288,3,1
2732,21709,4,0
2735,21903,6,0
2732,26620,3,0
2732,27845,2,0
2734,27966,3,0
2736,27966,5,1
2735,28204,5,0
2736,28204,7,1
2731,28842,7,0
2736,31717,1,0
2735,37710,1,0
2731,39275,3,0
2733,39275,3,1
2736,43154,4,0
2731,43352,4,0
2733,43352,4,1
2731,45007,5,0
2736,45007,3,1
2732,47626,1,0
2733,47626,5,1
2738,196,7,0
2740,12341,2,0
2741,12341,1,1
2740,13176,3,0
2739,14947,2,0
2741,14947,4,1
2742,14947,2,1
2743,16797,1,0
2741,21137,3,0
2743,21137,2,1
2739,21709,3,0
2740,21709,1,1
2742,21709,1,1
2738,21903,3,0
2741,21903,7,1
2742,22935,6,0
2738,24184,4,0
2738,24852,1,0
2743,24852,6,1
2740,26620,6,0
2742,26620,4,1
2742,27086,5,0
2743,27086,5,1
2741,27104,6,0
2739,27845,1,0
2739,27966,8,0
2740,27966,5,1
2743,27966,3,1
2741,28204,2,0
2739,30489,7,0
2738,35221,5,0
2739,35221,4,1
2742,35221,3,1
2740,37710,4,0
2743,39275,4,0
2739,44632,5,0
2739,45007,6,0
2738,47766,2,0
2741,47766,5,1
2742,47766,7,1
2738,49683,6,0
2748,196,7,0
2750,5876,3,0
2751,5876,5,1
2751,8518,4,0
2748,13176,6,0
2751,13176,3,1
2747,14947,4,0
2752,14947,1,1
2753,14947,1,1
2746,21137,2,0
2749,21137,2,1
2748,21288,9,0
2751,21288,6,1
2748,21709,1,0
2749,21709,5,1
2752,21709,2,1
2753,21709,2,1
2748,21903,5,0
2750,21903,5,1
2749,22825,7,0
2747,22935,2,0
2749,22935,3,1
2750,22935,1,1
2751,22935,1,1
2745,24852,1,0
2748,24852,3,1
2747,24964,5,0
2748,24964,8,1
2749,24964,4,1
2750,24964,4,1
2746,26209,3,0
2745,27086,7,0
2746,27845,1,0
2749,27845,1,1
2749,28204,6,0
2751,30489,7,0
2745,34126,5,0
2750,34126,6,1
2747,35221,3,0
2752,35221,3,1
2753,35221,3,1
2745,35951,6,0
2748,37710,2,0
2751,39275,2,0
2745,40706,4,0
2752,44632,4,0
2753,44632,4,1
2745,45007,3,0
2745,47626,2,0
2747,47626,1,1
2748,47626,4,1
2750,47766,2,0
2759,5876,6,0
2763,13176,4,0
2756,14947,1,0
2758,14947,2,1
2761,14947,2,1
2755,16797,1,0
2757,16797,2,1
2759,16797,1,1
2760,16797,1,1
2757,21137,3,0
2760,21137,2,1
2763,21137,6,1
2755,21288,2,0
2758,21288,1,1
2759,21288,2,1
2761,21288,1,1
2756,21709,2,0
2757,21709,1,1
2758,21709,3,1
2761,21709,3,1
2762,21709,1,1
2762,21903,4,0
2759,22825,7,0
2761,22825,6,1
2757,22935,6,0
2760,22935,7,1
2762,24852,2,0
2763,24852,1,1
2761,24964,8,0
2756,26620,4,0
2761,26620,5,1
2763,26620,2,1
2760,27104,6,0
2761,27845,9,0
2763,27845,5,1
2757,27966,4,0
2759,27966,5,1
2760,27966,3,1
2759,28204,8,0
2760,28204,5,1
2761,28842,7,0
2756,35221,3,0
2758,35221,4,1
2761,35221,4,1
2755,39275,3,0
2757,39275,5,1
2759,39275,3,1
2760,39275,4,1
2756,40706,5,0
2762,40706,5,1
2755,43352,4,0
2759,43352,4,1
2758,44632,5,0
2763,44632,3,1
2757,47209,7,0
2756,47766,6,0
2762,47766,3,1
2765,5077,3,0
2766,5077,2,1
2770,5077,2,1
2765,6184,6,0
2766,14947,7,0
2766,16797,4,0
2771,16797,2,1
2765,21288,5,0
2767,21709,1,0
2767,21903,4,0
2769,21903,1,1
2771,21903,5,1
2765,24852,1,0
2767,24852,2,1
2766,24964,5,0
2765,26209,2,0
2770,26209,5,1
2768,26620,1,0
2771,26620,3,1
2766,27086,3,0
2770,27086,3,1
2771,27086,1,1
2766,27845,1,0
2770,27845,1,1
2770,31717,7,0
2771,34126,4,0
2768,35221,2,0
2769,37710,3,0
2765,39275,4,0
2768,39275,4,1
2770,39275,6,1
2766,43154,6,0
2769,47209,2,0
2770,47626,4,0
2767,47766,3,0
2768,47766,3,1
2775,196,7,0
2776,196,7,1
2776,5077,8,0
2774,5876,2,0
2774,14233,4,0
2775,14233,1,1
2773,14947,1,0
2775,14947,2,1
2776,14947,2,1
2773,17794,6,0
2773,21709,2,0
2774,21709,1,1
2775,21709,3,1
2776,21709,1,1
2774,21903,7,0
2776,22825,6,0
2773,24964,5,0
2773,26209,8,0
2774,27086,6,0
2775,28204,6,0
2774,28842,3,0
2776,30489,5,0
2773,35221,3,0
2776,35221,3,1
2774,39275,5,0
2775,39928,5,0
2773,44632,4,0
2774,44632,9,1
2776,44632,4,1
2773,46979,7,0
2774,47209,8,0
2775,49683,4,0
2779,5077,2,0
2780,5876,4,0
2781,5876,4,1
2781,6184,8,0
2781,8518,3,0
2781,12341,5,0
2778,14233,1,0
2778,14947,2,0
2779,17794,4,0
2781,21137,2,0
2778,21709,3,0
2780,21709,3,1
2780,26209,2,0
2779,27086,3,0
2779,27845,1,0
2780,27845,5,1
2779,28842,6,0
2778,31717,4,0
2781,31717,6,1
2781,37710,7,0
2780,39928,1,0
2779,46979,5,0
2778,47626,5,0
2781,47766,1,0
2785,5077,3,0
2784,12341,1,0
2785,14233,5,0
2784,14947,2,0
2785,21709,1,0
2785,27086,4,0
2785,27845,2,0
2783,47766,2,0
2783,49235,1,0
2787,196,3,0
2792,5077,5,0
2793,5077,6,1
2795,5077,4,1
2792,5876,3,0
2794,5876,6,1
2788,6184,1,0
2795,6184,3,1
2792,8518,2,0
2794,13176,2,0
2791,16797,2,0
2793,16797,5,1
2787,17794,4,0
2788,21137,2,0
2791,21137,3,1
2794,21137,3,1
2795,21137,1,1
2792,21288,1,0
2792,21709,6,0
2789,21903,3,0
2790,21903,3,1
2787,22935,1,0
2789,24852,1,0
2790,24852,1,1
2793,24852,1,1
2793,26209,3,0
2788,26620,4,0
2794,27104,7,0
2791,27845,1,0
2794,27845,1,1
2791,27966,4,0
2792,27966,4,1
2793,27966,7,1
2792,30489,7,0
2794,30489,8,1
2788,31717,3,0
2789,35221,5,0
2789,37710,4,0
2795,37710,6,1
2791,39275,5,0
2792,39275,8,1
2794,39275,5,1
2795,39275,5,1
2793,39928,4,0
2787,43154,2,0
2787,45007,5,0
2795,45007,2,1
2794,47209,4,0
2793,47626,2,0
2789,47766,2,0
2790,47766,2,1
2802,196,6,0
2797,13176,1,0
2798,14233,2,0
2798,14947,3,0
2802,14947,2,1
2799,16797,1,0
2803,18523,6,0
2798,21137,1,0
2799,21137,2,1
2798,21288,7,0
2799,21288,5,1
2803,21288,3,1
2798,21709,4,0
2803,21709,1,1
2799,21903,8,0
2801,24852,8,0
2797,24964,3,0
2799,24964,6,1
2801,24964,6,1
2802,26620,7,0
2803,27086,8,0
2801,27104,3,0
2801,27845,2,0
2802,27845,1,1
2799,27966,3,0
2803,27966,2,1
2797,28204,4,0
2801,28204,4,1
2803,28842,4,0
2797,31717,2,0
2798,34126,6,0
2799,37710,7,0
2803,37710,5,1
2798,39275,5,0
2799,39275,4,1
2797,39928,6,0
2802,39928,3,1
2801,43154,7,0
2802,43154,5,1
2803,43154,7,1
2800,43352,2,0
2801,43352,1,1
2802,44632,8,0
2800,47209,1,0
2803,47209,9,1
2800,47626,3,0
2802,47626,4,1
2801,47766,5,0
2797,49235,5,0
2808,5876,7,0
2811,8518,4,0
2812,12341,3,0
2810,13176,1,0
2807,14233,4,0
2806,14947,3,0
2808,14947,1,1
2805,16797,1,0
2811,16797,6,1
2812,16797,4,1
2805,21137,2,0
2806,21137,7,1
2808,21137,5,1
2810,21137,2,1
2811,21137,1,1
2806,21288,2,0
2806,21709,4,0
2808,21709,2,1
2809,21709,1,1
2812,21903,1,0
2805,22935,6,0
2809,22935,4,1
2810,22935,7,1
2806,24184,8,0
2805,24852,5,0
2807,24964,3,0
2810,24964,5,1
2811,24964,2,1
2811,27086,5,0
2806,27845,1,0
2809,27845,2,1
2811,27845,3,1
2805,27966,3,0
2812,27966,2,1
2807,28204,1,0
2809,34126,5,0
2806,35221,5,0
2808,35221,3,1
2805,39275,4,0
2812,39275,5,1
2807,40706,2,0
2809,43352,3,0
2806,44632,6,0
2808,44632,4,1
2810,44632,4,1
2808,45007,6,0
2810,47209,3,0
2809,47766,6,0
2810,49683,6,0
2818,4605,1,0
2815,5077,1,0
2818,13176,3,0
2814,14233,5,0
2816,14233,4,1
2817,14233,1,1
2814,16797,1,0
2814,17794,6,0
2816,17794,6,1
2816,21137,7,0
2814,21288,2,0
2817,21903,4,0
2815,24852,3,0
2814,26209,7,0
2816,27086,1,0
2815,28204,5,0
2815,28842,4,0
2815,35951,6,0
2814,39275,3,0
2814,39928,8,0
2816,40706,8,0
2817,40706,3,1
2814,43352,4,0
2815,44632,2,0
2816,44632,2,1
2816,45007,3,0
2818,45007,2,1
2817,46979,5,0
2817,47209,2,0
2816,47766,5,0
2821,5077,2,0
2822,5077,2,1
2824,5876,7,0
2821,12341,5,0
2820,13176,1,0
2823,13176,1,1
2824,14233,1,0
2825,14947,1,0
2824,16797,6,0
2820,21137,2,0
2823,21137,2,1
2821,21288,7,0
2823,21288,5,1
2823,21709,4,0
2824,21709,8,1
2825,21709,2,1
2826,21903,3,0
2821,22935,6,0
2826,24852,1,0
2821,27086,3,0
2822,27086,3,1
2821,27845,1,0
2822,27845,1,1
2823,28204,6,0
2825,35221,3,0
2822,37710,4,0
2824,39275,4,0
2824,44632,5,0
2825,44632,4,1
2823,45007,7,0
2824,45007,2,1
2820,47209,3,0
2821,47209,4,1
2822,47209,5,1
2823,47209,3,1
2824,47766,3,0
2826,47766,2,1
2831,4605,5,0
2829,6184,8,0
2830,13176,1,0
2829,16797,2,0
2830,17794,6,0
2829,21137,3,0
2830,21137,2,1
2831,21903,3,0
2828,24852,1,0
2831,24852,1,1
2828,26209,3,0
2830,26620,4,0
2829,27845,1,0
2829,27966,4,0
2829,35221,7,0
2829,37710,6,0
2829,39275,5,0
2830,39928,7,0
2831,45007,4,0
2830,47209,3,0
2828,47626,2,0
2830,47626,5,1
2831,47626,6,1
2831,47766,2,0
2834,10749,7,0
2835,12341,4,0
2833,13176,4,0
2836,14233,1,0
2836,14947,2,0
2834,16797,4,0
2835,17794,5,0
2834,21288,1,0
2835,21288,1,1
2836,21709,3,0
2833,21903,3,0
2833,24852,1,0
2834,24852,2,1
2833,27086,5,0
2834,27845,3,0
2833,31717,6,0
2835,34126,3,0
2835,35221,2,0
2834,37710,5,0
2834,39275,6,0
2834,46979,8,0
2833,47766,2,0
2840,5077,2,0
2839,6184,5,0
2839,13176,2,0
2839,21137,3,0
2839,21288,6,0
2840,21709,7,0
2840,21903,4,0
2838,24852,1,0
2838,26209,3,0
2838,26620,5,0
2840,27086,3,0
2839,27845,1,0
2840,27845,1,1
2838,34126,4,0
2840,39928,6,0
2838,45007,6,0
2838,46979,7,0
2839,47209,4,0
2838,47626,2,0
2840,49683,5,0
2845,5876,6,0
2843,8518,4,0
2842,16797,2,0
2844,16797,5,1
2842,21137,1,0
2843,21137,6,1
2843,21288,1,0
2845,21903,3,0
2844,24184,3,0
2847,24184,5,1
2845,24852,1,0
2846,24852,2,1
2847,24852,1,1
2846,26209,4,0
2847,26209,3,1
2844,26620,2,0
2846,27845,1,0
2847,27966,6,0
2843,34126,3,0
2844,40706,4,0
2845,40706,5,1
2843,43352,5,0
2844,44632,1,0
2847,45007,4,0
2845,47209,4,0
2846,47626,3,0
2847,47626,2,1
2843,47766,2,0
2845,47766,2,1
2853,196,4,0
2853,14233,1,0
2849,16797,1,0
2852,16797,2,1
2851,17794,7,0
2852,21137,3,0
2849,21288,2,0
2851,21288,6,1
2850,21903,6,0
2851,21903,4,1
2853,21903,5,1
2850,24852,3,0
2851,24852,2,1
2850,27845,1,0
2851,27845,1,1
2852,27845,1,1
2852,27966,4,0
2850,28842,2,0
2853,35951,3,0
2849,39275,3,0
2852,39275,5,1
2853,40706,2,0
2849,43352,4,0
2850,47626,5,0
2851,47766,3,0
2851,49235,5,0
2850,49683,4,0
2860,4605,3,0
2857,14233,2,0
2856,14947,1,0
2859,16797,1,0
2862,16797,5,1
2855,18523,4,0
2859,21137,2,0
2860,21288,1,0
2856,21709,2,0
2861,22825,2,0
2862,22825,7,1
2861,22935,1,0
2855,24184,3,0
2857,24964,4,0
2858,24964,3,1
2862,24964,1,1
2862,27104,2,0
2862,27845,4,0
2855,27966,1,0
2859,27966,3,1
2858,28204,6,0
2855,28842,6,0
2858,28842,1,1
2861,28842,4,1
2857,34126,1,0
2856,35221,3,0
2856,35951,6,0
2855,37710,2,0
2857,37710,3,1
2858,37710,4,1
2859,37710,6,1
2858,39275,5,0
2859,39275,4,1
2859,40706,5,0
2861,40706,3,1
2862,43352,3,0
2856,44632,4,0
2860,44632,4,1
2858,45007,2,0
2860,45007,2,1
2862,46979,6,0
2855,47626,5,0
2856,49235,5,0
2864,5077,2,0
2868,5077,4,1
2866,14947,1,0
2867,14947,1,1
2866,21709,2,0
2867,21709,2,1
2868,21709,1,1
2866,21903,7,0
2865,22935,2,0
2865,24852,7,0
2865,24964,3,0
2865,26620,9,0
2864,27086,3,0
2865,27086,1,1
2867,27104,5,0
2864,27845,1,0
2866,27845,6,1
2866,35221,3,0
2867,35221,3,1
2868,35951,2,0
2865,37710,8,0
2866,39275,5,0
2868,43154,3,0
2865,43352,6,0
2864,44632,6,0
2866,44632,4,1
2867,44632,4,1
2868,44632,5,1
2864,45007,5,0
2865,45007,4,1
2864,47209,4,0
2866,47766,8,0
2865,49683,5,0
2870,5077,2,0
2872,5077,3,1
2870,8518,7,0
2876,10749,2,0
2871,12341,5,0
2871,13176,2,0
2877,13176,1,1
2872,16797,1,0
2875,16797,1,1
2871,21137,3,0
2875,21137,2,1
2877,21137,2,1
2873,21288,2,0
2876,21288,1,1
2876,21709,4,0
2872,21903,4,0
2874,21903,3,1
2871,22935,6,0
2873,22935,5,1
2874,24184,5,0
2874,24852,1,0
2870,26209,5,0
2873,26620,3,0
2870,27086,3,0
2871,27086,1,1
2873,27086,1,1
2870,27845,1,0
2870,27966,4,0
2875,27966,3,1
2870,34126,6,0
2876,35951,3,0
2873,37710,4,0
2875,39275,4,0
2875,40706,5,0
2876,44632,5,0
2871,47209,4,0
2874,47209,4,1
2877,47209,3,1
2871,47766,7,0
2872,47766,2,1
2874,47766,2,1
2880,8518,1,0
2879,13176,1,0
2881,14233,1,0
2880,17794,3,0
2881,21137,2,0
2881,24852,3,0
2880,24964,5,0
2879,28204,3,0
2881,28204,4,1
2880,28842,4,0
2879,31717,4,0
2879,35951,2,0
2879,40706,5,0
2880,40706,2,1
2879,47209,6,0
2880,47209,6,1
2886,196,4,0
2890,5077,4,0
2888,8518,8,0
2889,10749,5,0
2890,10749,2,1
2888,12341,4,0
2890,12341,6,1
2889,14233,6,0
2884,14947,1,0
2885,14947,1,1
2887,14947,1,1
2883,16797,1,0
2889,17794,8,0
2883,21288,2,0
2884,21709,2,0
2885,21709,2,1
2887,21709,2,1
2888,21709,1,1
2886,21903,1,0
2884,22935,6,0
2888,24852,5,0
2889,24852,4,1
2890,24852,5,1
2886,24964,3,0
2886,26209,2,0
2887,26620,4,0
2889,27086,7,0
2889,27104,9,0
2888,27845,2,0
2889,27845,1,1
2890,27845,1,1
2889,27966,2,0
2888,28204,6,0
2884,30489,5,0
2888,30489,7,1
2884,35221,3,0
2885,35221,3,1
2886,35221,5,1
2887,35221,3,1
2883,39275,3,0
2884,39928,7,0
2890,39928,3,1
2888,40706,3,0
2883,43352,4,0
2884,44632,4,0
2885,44632,4,1
2890,46979,7,0
2889,47209,3,0
2888,47766,9,0
2885,49683,5,0
2900,5077,2,0
2892,13176,1,0
2896,13176,1,1
2895,14233,1,0
2894,14947,1,0
2895,14947,2,1
2898,14947,1,1
2900,14947,5,1
2893,21137,1,0
2896,21137,2,1
2897,21137,4,1
2899,21137,6,1
2893,21288,6,0
2894,21709,2,0
2895,21709,3,1
2897,21709,6,1
2898,21709,2,1
2894,22825,5,0
2899,22825,2,1
2897,24852,1,0
2899,24964,4,0
2897,26209,3,0
2898,26209,6,1
2900,26209,6,1
2898,26620,4,0
2893,27086,3,0
2900,27086,3,1
2900,27845,1,0
2893,27966,4,0
2900,34126,7,0
2894,35221,3,0
2898,35221,3,1
2899,37710,5,0
2892,39275,2,0
2897,39275,5,1
2893,39928,7,0
2899,39928,1,1
2893,43154,2,0
2893,43352,5,0
2894,44632,4,0
2896,47209,3,0
2897,47626,2,0
2899,47626,3,1
2892,47766,3,0
2898,47766,5,1
2900,49235,4,0
2904,5077,8,0
2905,5077,3,1
2905,12341,1,0
2902,13176,6,0
2906,14233,4,0
2904,14947,2,0
2905,14947,5,1
2902,16797,1,0
2904,17794,9,0
2903,21137,2,0
2902,21288,2,0
2903,21288,3,1
2902,21709,5,0
2904,21709,3,1
2906,21709,3,1
2904,21903,7,0
2903,22935,9,0
2902,24852,7,0
2903,24852,4,1
2906,24852,8,1
2906,24964,5,0
2903,26209,6,0
2906,27086,1,0
2903,27845,1,0
2904,27845,1,1
2903,27966,7,0
2903,31717,10,0
2904,35221,4,0
2905,37710,4,0
2906,37710,2,1
2902,39275,3,0
2906,39928,6,0
2906,40706,9,0
2902,43352,4,0
2903,43352,8,1
2906,43352,7,1
2904,44632,5,0
2905,44632,2,1
2904,47209,6,0
2903,47626,5,0
2910,196,1,0
2911,5876,7,0
2910,12341,6,0
2911,13176,8,0
2912,13176,2,1
2910,14947,4,0
2908,16797,1,0
2910,16797,7,1
2911,16797,2,1
2908,21137,2,0
2911,21137,3,1
2912,21137,3,1
2912,21288,1,0
2911,21709,1,0
2909,21903,4,0
2910,24964,2,0
2908,26209,8,0
2911,26620,9,0
2908,27966,3,0
2909,27966,3,1
2911,27966,4,1
2908,30489,6,0
2911,31717,6,0
2908,35221,7,0
2908,39275,4,0
2910,39275,5,1
2911,39275,5,1
2909,40706,2,0
2912,43154,7,0
2909,43352,1,0
2912,47209,4,0
2912,47766,6,0
2910,49235,3,0
2912,49235,5,1
2908,49683,5,0
2918,196,1,0
2916,14233,2,0
2914,14947,1,0
2918,14947,5,1
2915,16797,2,0
2915,21137,3,0
2917,21137,4,1
2918,21137,3,1
2916,21288,4,0
2914,21709,2,0
2915,21709,1,1
2918,22935,2,0
2919,22935,1,1
2917,24852,2,0
2917,24964,5,0
2919,24964,2,1
2919,26209,5,0
2914,27845,5,0
2915,27966,4,0
2917,28204,3,0
2914,35221,3,0
2915,35221,6,1
2916,35951,1,0
2919,35951,7,1
2915,39275,5,0
2916,39275,5,1
2918,39275,6,1
2914,44632,4,0
2919,45007,3,0
2917,47209,1,0
2919,47209,6,1
2916,49235,3,0
2918,49683,4,0
2919,49683,4,1
2925,196,3,0
2924,4605,8,0
2921,5077,2,0
2923,5077,2,1
2922,6184,4,0
2922,14233,3,0
2924,14947,2,0
2924,21137,7,0
2925,21137,5,1
2925,21288,4,0
2926,21288,7,1
2925,21709,1,0
2922,21903,1,0
2926,21903,3,1
2926,24852,1,0
2927,24852,3,1
2921,24964,4,0
2927,24964,2,1
2922,26209,2,0
2924,26209,4,1
2921,27086,3,0
2923,27086,3,1
2924,27086,1,1
2925,27086,2,1
2926,27104,6,0
2921,27845,1,0
2922,27845,6,1
2923,27845,1,1
2924,27845,3,1
2925,27845,6,1
2927,27845,1,1
2926,34126,5,0
2921,35221,5,0
2924,44632,5,0
2922,46979,5,0
2925,46979,7,1
2924,47209,6,0
2926,47626,4,0
2926,47766,2,0
2924,49683,9,0
2929,196,7,0
2936,196,5,1
2933,4605,6,0
2929,5077,8,0
2930,5077,3,1
2935,5077,2,1
2936,5077,3,1
2929,8518,5,0
2934,8518,6,1
2931,12341,6,0
2931,13176,7,0
2932,13176,6,1
2933,13176,2,1
2934,13176,8,1
2929,16797,1,0
2929,21137,2,0
2933,21137,3,1
2934,21137,1,1
2930,21288,1,0
2934,21709,9,0
2931,21903,4,0
2934,22935,2,0
2931,24852,1,0
2932,24852,1,1
2934,24964,3,0
2932,26209,3,0
2931,26620,8,0
2930,27086,4,0
2935,27086,3,1
2936,27086,1,1
2936,27104,4,0
2930,27845,2,0
2933,27845,1,1
2935,27845,1,1
2936,27845,2,1
2929,27966,3,0
2932,28204,5,0
2933,35951,7,0
2936,37710,6,0
2929,39275,4,0
2933,39275,8,1
2934,39928,7,0
2931,43154,5,0
2932,44632,4,0
2931,45007,2,0
2933,45007,5,1
2934,45007,4,1
2933,47209,4,0
2929,47626,6,0
2932,47626,2,1
2931,49683,3,0
2934,49683,5,1
2938,196,6,0
2940,5077,4,0
2940,13176,5,0
2939,16797,1,0
2939,21288,2,0
2940,21288,1,1
2940,21903,7,0
2938,24184,4,0
2938,24852,1,0
2938,26209,3,0
2940,26620,3,0
2940,27845,6,0
2940,37710,2,0
2939,39275,3,0
2940,39275,8,1
2939,43352,4,0
2938,47626,2,0
2938,49683,5,0
2947,196,5,0
2942,5077,2,0
2943,5876,4,0
2946,6184,5,0
2945,13176,2,0
2948,13176,7,1
2949,13176,2,1
2944,14947,7,0
2947,14947,1,1
2946,16797,3,0
2948,16797,1,1
2949,16797,6,1
2943,21137,5,0
2944,21137,4,1
2945,21137,3,1
2947,21137,6,1
2948,21137,6,1
2949,21137,3,1
2942,21288,5,0
2948,21288,2,1
2949,21288,1,1
2947,21709,2,0
2945,22935,6,0
2944,24852,1,0
2944,24964,5,0
2946,24964,1,1
2947,24964,7,1
2949,24964,7,1
2944,26209,3,0
2949,26209,5,1
2942,27086,3,0
2943,27086,1,1
2946,27104,2,0
2942,27845,1,0
2945,27845,1,1
2948,28204,5,0
2944,31717,6,0
2947,35221,3,0
2943,35951,3,0
2945,35951,5,1
2950,35951,1,1
2948,39275,3,0
2950,40706,2,0
2942,43154,4,0
2948,43352,4,0
2947,44632,4,0
2945,47209,4,0
2949,47209,4,1
2944,47626,2,0
2946,47766,4,0
2943,49235,2,0
2947,49235,8,1
2956,4605,2,0
2954,10749,6,0
2953,14233,5,0
2955,14233,2,1
2954,14947,7,0
2953,16797,1,0
2954,16797,2,1
2955,18523,5,0
2953,21137,2,0
2954,21137,3,1
2954,21288,1,0
2955,21709,1,0
2955,24852,3,0
2956,27845,1,0
2953,27966,3,0
2954,27966,4,1
2952,28204,2,0
2955,30489,4,0
2952,31717,1,0
2953,39275,4,0
2954,39275,5,1
2954,47626,9,0
2952,47766,3,0
2956,47766,3,1
2954,49683,8,0
2959,5876,2,0
2958,8518,2,0
2959,16797,3,0
2958,18523,3,0
2960,21288,5,0
2958,21709,1,0
2961,21709,5,1
2959,21903,6,0
2961,22935,1,0
2959,24852,5,0
2961,24964,2,0
2960,27086,1,0
2958,27845,5,0
2960,27845,2,1
2960,28204,6,0
2961,28204,7,1
2961,30489,6,0
2958,37710,4,0
2959,40706,1,0
2960,40706,3,1
2959,43154,4,0
2961,45007,3,0
2960,47626,4,0
2961,49683,4,0
2965,196,7,0
2968,6184,5,0
2964,14947,4,0
2968,14947,1,1
2966,16797,1,0
2967,16797,1,1
2967,17794,5,0
2965,21137,4,0
2967,21137,2,1
2970,21137,1,1
2966,21288,2,0
2967,21288,8,1
2965,21709,1,0
2968,21709,2,1
2969,21709,1,1
2963,21903,3,0
2963,22825,4,0
2967,22935,7,0
2969,22935,2,1
2965,24184,2,0
2963,24852,1,0
2970,24852,2,1
2964,24964,2,0
2969,24964,3,1
2964,26209,3,0
2968,26620,4,0
2964,27845,1,0
2967,27966,3,0
2964,28204,5,0
2970,31717,3,0
2968,35221,3,0
2970,35221,5,1
2967,35951,6,0
2966,39275,3,0
2967,39275,4,1
2964,39928,6,0
2965,39928,5,1
2965,40706,3,0
2966,43352,4,0
2969,45007,4,0
2968,47209,6,0
2964,47626,7,0
2963,47766,2,0
2965,47766,6,1
2970,49235,4,0
2969,49683,5,0
2977,4605,4,0
2974,5077,2,0
2977,5876,3,0
2977,10749,5,0
2973,12341,2,0
2972,13176,1,0
2976,13176,1,1
2973,14233,1,0
2972,21137,2,0
2976,21137,2,1
2973,21903,6,0
2974,22935,4,0
2975,22935,1,1
2977,22935,6,1
2977,24852,7,0
2975,24964,2,0
2974,27086,3,0
2974,27845,1,0
2972,34126,4,0
2977,35221,1,0
2973,40706,3,0
2973,43154,4,0
2977,43154,2,1
2974,43352,5,0
2973,45007,5,0
2975,45007,3,1
2972,47209,3,0
2976,47209,3,1
2974,47626,6,0
2975,49683,4,0
2980,196,6,0
2979,5077,7,0
2979,14233,8,0
2979,16797,3,0
2981,16797,1,1
2981,21137,2,0
2980,21288,1,0
2980,22935,2,0
2979,24852,6,0
2980,24964,3,0
2981,24964,5,1
2979,27966,4,0
2981,27966,3,1
2981,35221,6,0
2979,35951,1,0
2981,39275,4,0
2979,43154,2,0
2980,45007,4,0
2979,47209,5,0
2980,47626,7,0
2980,49683,5,0
2983,4605,2,0
2988,6184,6,0
2985,14947,2,0
2988,16797,2,0
2988,17794,7,0
2983,21137,5,0
2988,21137,3,1
2985,21709,3,0
2986,21709,1,1
2986,22935,2,0
2983,24852,3,0
2984,24852,1,1
2987,24852,1,1
2986,24964,3,0
2984,26209,3,0
2986,26209,8,1
2987,26209,3,1
2985,27845,1,0
2988,27845,1,1
2988,27966,4,0
2983,28842,4,0
2985,35221,4,0
2986,35221,6,1
2988,39275,5,0
2983,39928,1,0
2986,43154,7,0
2985,44632,5,0
2986,45007,4,0
2988,45007,8,1
2984,47626,2,0
2987,47626,2,1
2986,49683,5,0
2997,4605,1,0
2994,5077,2,0
2992,5876,1,0
2990,12341,5,0
2993,13176,1,0
2990,14233,3,0
2995,14233,2,1
2990,14947,4,0
2995,14947,3,1
2991,21288,8,0
2997,21288,4,1
2991,21709,1,0
2995,21709,4,1
2997,21709,6,1
2992,21903,7,0
2996,22935,1,0
2990,24852,2,0
2991,24852,5,1
2996,24852,5,1
2991,24964,2,0
2996,24964,2,1
2991,26209,6,0
2994,27086,3,0
2995,27086,1,1
2994,27104,4,0
2994,27845,1,0
2996,27845,7,1
2990,28204,6,0
2992,28204,2,1
2993,28842,2,0
2997,30489,2,0
2995,37710,5,0
2991,39275,7,0
2996,39275,6,1
2992,40706,3,0
2997,43154,3,0
2993,44632,3,0
2992,45007,4,0
2995,45007,6,1
2996,45007,3,1
2997,45007,5,1
2990,47209,1,0
2992,47209,6,1
2991,47626,4,0
2995,47626,7,1
2991,47766,3,0
2993,47766,4,1
2992,49235,5,0
2996,49683,4,0
3002,5077,2,0
3001,5876,7,0
3000,6184,5,0
3004,13176,2,0
3000,14947,1,0
3002,14947,4,1
3003,14947,8,1
3003,16797,5,0
3000,21709,2,0
3001,21709,1,1
3003,21709,1,1
3004,21709,1,1
3003,21903,4,0
3002,22935,6,0
3000,24184,6,0
2999,24852,1,0
3001,24852,6,1
3003,24852,2,1
2999,26209,3,0
3001,26209,2,1
3003,26209,7,1
3004,26209,3,1
2999,26620,5,0
2999,27086,4,0
3002,27086,3,1
3002,27845,1,0
3001,27966,3,0
3004,27966,5,1
3004,28842,6,0
3001,34126,4,0
3000,35221,3,0
3001,35221,8,1
3002,37710,5,0
3000,44632,4,0
3003,46979,6,0
2999,47626,2,0
3003,47766,3,0
3001,49683,5,0
3004,49683,4,1
3011,196,4,0
3008,5077,2,0
3006,5876,2,0
3013,5876,6,1
3012,12341,1,0
3010,13176,5,0
3006,14233,4,0
3009,14233,1,1
3009,14947,2,0
3010,14947,1,1
3006,16797,1,0
3013,16797,1,1
3009,18523,5,0
3006,21137,3,0
3008,21137,6,1
3010,21137,7,1
3011,21137,1,1
3013,21288,2,0
3009,21709,3,0
3010,21709,2,1
3011,21709,2,1
3014,21903,2,0
3007,22935,4,0
3008,22935,4,1
3012,24184,4,0
3007,24852,1,0
3008,24852,5,1
3008,24964,7,0
3007,26209,3,0
3010,26620,4,0
3008,27086,3,0
3014,27086,1,1
3013,27104,8,0
3008,27845,1,0
3009,27845,6,1
3013,31717,5,0
3009,34126,4,0
3010,35221,3,0
3011,37710,3,0
3012,37710,5,1
3006,39275,5,0
3013,39275,3,1
3014,39275,3,1
3012,40706,3,0
3012,43154,2,0
3013,43352,4,0
3010,45007,6,0
3007,47626,2,0
3009,47626,7,1
3013,47766,7,0
3017,5077,4,0
3022,5077,4,1
3016,6184,5,0
3019,6184,1,1
3022,12341,3,0
3019,13176,4,0
3020,16797,4,0
3016,17794,7,0
3016,21137,4,0
3019,21137,5,1
3021,21288,1,0
3019,21709,3,0
3016,21903,3,0
3018,22935,4,0
3022,22935,5,1
3016,24852,1,0
3020,24852,1,1
3022,24852,2,1
3018,24964,5,0
3020,26209,3,0
3018,27086,1,0
3017,27845,1,0
3017,27966,3,0
3018,28204,2,0
3022,28204,1,1
3016,28842,6,0
3017,35221,2,0
3017,39275,5,0
3020,39275,5,1
3018,39928,3,0
3021,39928,2,1
3022,39928,7,1
3018,40706,6,0
3019,44632,2,0
3022,47209,6,0
3020,47626,2,0
3016,47766,2,0
3020,49235,6,0
3021,49683,3,0
3028,5876,6,0
3026,12341,5,0
3026,13176,2,0
3027,13176,2,1
3030,13176,2,1
3025,14233,4,0
3027,14233,5,1
3024,14947,7,0
3025,16797,1,0
3028,16797,1,1
3029,16797,2,1
3026,21137,3,0
3027,21137,1,1
3028,21137,2,1
3029,21137,3,1
3030,21137,3,1
3026,21288,1,0
3029,21288,1,1
3030,21288,1,1
3025,21709,3,0
3026,21709,7,1
3024,21903,5,0
3025,21903,2,1
3024,26209,4,0
3027,26620,6,0
3026,27966,6,0
3028,27966,3,1
3029,27966,4,1
3027,28204,7,0
3024,34126,6,0
3029,35221,7,0
3028,39275,4,0
3029,39275,5,1
3024,40706,3,0
3028,43352,5,0
3025,44632,5,0
3026,45007,8,0
3025,47209,6,0
3026,47209,4,1
3027,47209,3,1
3030,47209,4,1
3024,47626,1,0
3027,47766,4,0
3029,49235,6,0
3024,49683,2,0
3036,196,8,0
3039,196,6,1
3040,196,1,1
3033,5077,2,0
3035,5077,3,1
3037,8518,6,0
3037,12341,4,0
3032,13176,6,0
3033,13176,5,1
3034,13176,6,1
3032,16797,5,0
3036,16797,2,1
3038,16797,7,1
3036,17794,7,0
3038,17794,5,1
3032,21137,2,0
3035,21137,1,1
3033,21288,1,0
3036,21288,3,1
3037,21288,1,1
3038,21288,3,1
3039,21288,1,1
3033,21709,4,0
3040,21709,5,1
3035,21903,5,0
3032,22825,3,0
3039,24184,5,0
3034,24852,2,0
3032,24964,4,0
3038,24964,1,1
3034,26209,4,0
3039,26209,3,1
3034,27086,1,0
3035,27086,4,1
3036,27086,1,1
3035,27845,2,0
3040,27845,2,1
3039,27966,4,0
3037,28842,3,0
3040,28842,3,1
3037,31717,2,0
3035,35221,7,0
3036,35951,6,0
3039,35951,7,1
3033,39275,3,0
3036,39275,4,1
3038,39275,2,1
3032,40706,1,0
3033,40706,6,1
3037,43154,5,0
3034,43352,5,0
3036,43352,5,1
3039,43352,2,1
3038,47209,6,0
3034,47626,3,0
3037,47626,7,1
3038,47766,4,0
3040,47766,4,1
3035,49683,6,0
3047,5077,3,0
3049,5876,3,0
3050,6184,5,0
3047,8518,4,0
3044,10749,2,0
3046,12341,5,0
3048,13176,4,0
3049,13176,1,1
3042,14947,1,0
3044,14947,5,1
3043,16797,1,0
3049,17794,7,0
3045,18523,2,0
3045,21137,7,0
3048,21137,5,1
3043,21288,2,0
3044,21288,1,1
3045,21288,5,1
3045,21709,1,0
3047,21709,1,1
3044,21903,4,0
3045,21903,6,1
3046,21903,7,1
3047,21903,5,1
3049,21903,4,1
3046,22935,3,0
3050,22935,1,1
3049,24184,6,0
3046,24852,4,0
3043,24964,6,0
3050,24964,2,1
3042,26209,3,0
3048,27086,1,0
3047,27104,7,0
3046,27966,2,0
3048,35221,3,0
3045,35951,3,0
3047,35951,2,1
3047,37710,6,0
3049,37710,5,1
3043,39275,3,0
3045,40706,4,0
3042,43352,2,0
3043,43352,4,1
3049,44632,2,0
3043,45007,5,0
3044,45007,6,1
3050,45007,3,1
3045,46979,8,0
3046,47209,1,0
3046,49235,6,0
3048,49235,2,1
3044,49683,3,0
3050,49683,4,1
3052,5077,2,0
3053,5077,2,1
3054,5876,6,0
3056,5876,4,1
3055,6184,3,0
3055,8518,2,0
3058,13176,2,0
3054,14947,2,0
3060,14947,1,1
3058,21137,3,0
3059,21137,1,1
3054,21709,3,0
3055,21709,1,1
3056,21709,1,1
3059,21709,3,1
3060,21709,2,1
3055,21903,5,0
3057,21903,3,1
3059,21903,4,1
3058,22935,5,0
3058,24184,7,0
3053,24852,5,0
3057,24852,1,1
3054,24964,9,0
3053,26209,4,0
3052,27086,3,0
3053,27086,3,1
3054,27086,1,1
3058,27086,8,1
3052,27845,1,0
3053,27845,1,1
3058,27845,1,1
3056,27966,5,0
3054,28204,8,0
3059,28204,5,1
3057,31717,6,0
3057,34126,7,0
3054,35221,4,0
3060,35221,3,1
3056,37710,3,0
3056,39275,6,0
3059,40706,2,0
3054,43154,7,0
3052,43352,4,0
3057,43352,5,1
3054,44632,5,0
3060,44632,4,1
3057,46979,4,0
3058,47209,4,0
3058,47626,6,0
3055,47766,4,0
3056,47766,2,1
3057,47766,2,1
3052,49683,5,0
3055,49683,6,1
3067,196,4,0
3066,4605,1,0
3068,4605,6,1
3068,8518,3,0
3064,12341,6,0
3068,13176,5,0
3062,14233,1,0
3063,14233,4,1
3062,16797,3,0
3069,16797,2,1
3068,17794,2,0
3069,21137,3,0
3066,21288,4,0
3070,21288,1,1
3064,21709,4,0
3063,21903,3,0
3065,21903,3,1
3066,21903,3,1
3068,21903,7,1
3069,21903,7,1
3070,21903,4,1
3067,22935,2,0
3068,22935,4,1
3063,24852,1,0
3065,24852,1,1
3068,24852,1,1
3070,24852,2,1
3064,24964,5,0
3069,26209,6,0
3064,27845,1,0
3066,27845,2,1
3069,27845,1,1
3069,27966,4,0
3070,28204,5,0
3066,30489,6,0
3067,30489,1,1
3062,39275,4,0
3069,39275,5,1
3067,39928,5,0
3065,44632,5,0
3064,45007,3,0
3062,47209,2,0
3066,47209,5,1
3063,47766,2,0
3065,47766,2,1
3067,47766,3,1
3070,47766,3,1
3064,49235,2,0
3065,49683,4,0
3074,5077,3,0
3075,6184,4,0
3073,14233,2,0
3077,14233,5,1
3072,14947,5,0
3073,14947,3,1
3076,14947,2,1
3072,16797,1,0
3073,16797,5,1
3072,18523,8,0
3072,21137,2,0
3073,21288,1,0
3073,21709,4,0
3074,21709,1,1
3076,21709,3,1
3075,21903,3,0
3078,21903,3,1
3072,24184,7,0
3074,24184,5,1
3077,24184,1,1
3075,24852,1,0
3074,27086,4,0
3074,27845,2,0
3076,27845,1,1
3072,27966,3,0
3073,27966,6,1
3077,27966,3,1
3077,30489,4,0
3076,35221,4,0
3072,39275,4,0
3076,44632,5,0
3077,44632,2,1
3076,45007,6,0
3078,45007,2,1
3078,47626,1,0
3072,47766,6,0
3075,47766,2,1
3083,5077,2,0
3080,13176,1,0
3080,21137,2,0
3084,21288,4,0
3083,21709,4,0
3080,22935,6,0
3080,24184,5,0
3082,24852,1,0
3084,24852,1,1
3082,24964,4,0
3082,26209,3,0
3084,26209,3,1
3083,27086,3,0
3083,27845,1,0
3080,30489,4,0
3081,34126,2,0
3080,47209,3,0
3082,47626,2,0
3084,47626,2,1
3081,49235,1,0
3089,4605,1,0
3091,4605,7,1
3089,5876,5,0
3086,13176,5,0
3086,14233,7,0
3089,14233,4,1
3088,14947,1,0
3087,16797,1,0
3088,17794,5,0
3086,21137,2,0
3087,21137,2,1
3086,21288,4,0
3088,21709,2,0
3093,21709,4,1
3091,21903,5,0
3093,24852,1,0
3089,24964,6,0
3093,26209,3,0
3088,26620,4,0
3091,26620,6,1
3091,27086,3,0
3086,27104,1,0
3087,27966,3,0
3091,28204,1,0
3089,28842,3,0
3090,31717,1,0
3091,31717,4,1
3092,31717,2,1
3088,35221,3,0
3086,39275,3,0
3087,39275,4,1
3091,39275,2,1
3090,47209,2,0
3092,47209,1,1
3089,47626,2,0
3093,47626,2,1
3086,49235,6,0
3092,49683,3,0
3098,8518,4,0
3095,12341,4,0
3096,12341,2,1
3097,14947,2,0
3098,17794,7,0
3096,21137,3,0
3098,21288,6,0
3098,21709,1,0
3095,24184,1,0
3098,24184,3,1
3098,24852,2,0
3096,26209,4,0
3097,26620,4,0
3098,26620,9,1
3095,27966,6,0
3095,39275,2,0
3096,40706,1,0
3097,43154,1,0
3098,43352,5,0
3097,44632,3,0
3098,47209,8,0
3095,47626,5,0
3095,47766,3,0
3102,196,5,0
3104,6184,9,0
3102,10749,2,0
3103,10749,6,1
3104,12341,5,0
3101,13176,1,0
3103,13176,5,1
3104,14233,4,0
3105,14947,1,0
3103,16797,1,0
3101,21137,2,0
3102,21137,4,1
3103,21137,2,1
3104,21137,1,1
3104,21709,2,0
3105,21709,2,1
3100,21903,2,0
3101,21903,4,1
3101,22935,6,0
3104,26209,7,0
3101,27086,7,0
3104,27845,3,0
3100,27966,3,0
3103,27966,3,1
3102,30489,1,0
3105,35221,3,0
3103,39275,4,0
3105,44632,4,0
3102,45007,3,0
3104,46979,6,0
3100,47209,1,0
3101,47209,3,1
3104,47209,8,1
3101,47766,5,0
3109,14233,7,0
3108,14947,1,0
3107,16797,1,0
3108,16797,7,1
3107,21137,2,0
3109,21137,8,1
3108,21709,2,0
3109,21709,1,1
3109,22935,2,0
3109,24964,3,0
3107,27966,3,0
3109,27966,6,1
3108,28842,6,0
3108,35221,3,0
3107,39275,4,0
3108,44632,4,0
3109,45007,4,0
3108,47766,5,0
3109,49235,9,0
3109,49683,5,0
3114,13176,1,0
3117,13176,1,1
3115,14233,7,0
3112,14947,1,0
3113,14947,2,1
3111,16797,6,0
3114,16797,4,1
3117,17794,4,0
3114,21137,3,0
3117,21137,2,1
3112,21709,2,0
3113,21709,1,1
3115,21903,5,0
3111,22935,1,0
3115,22935,1,1
3116,22935,1,1
3118,24852,1,0
3111,24964,2,0
3115,24964,2,1
3116,24964,2,1
3118,26209,3,0
3111,26620,7,0
3112,26620,4,1
3113,26620,4,1
3115,26620,6,1
3118,27845,4,0
3113,28842,5,0
3112,35221,3,0
3113,35221,3,1
3117,39275,5,0
3115,40706,8,0
3117,43352,6,0
3111,45007,3,0
3115,45007,3,1
3116,45007,3,1
3114,47209,2,0
3117,47209,3,1
3118,47626,2,0
3111,47766,5,0
3112,49235,5,0
3117,49235,7,1
3111,49683,4,0
3115,49683,4,1
3116,49683,4,1
3126,4605,1,0
3127,5077,7,0
3126,5876,6,0
3125,6184,4,0
3120,12341,2,0
3124,13176,4,0
3124,14233,3,0
3121,14947,1,0
3122,14947,2,1
3124,14947,6,1
3123,16797,2,0
3125,21137,1,0
3127,21137,4,1
3128,21137,7,1
3123,21288,3,0
3124,21288,1,1
3127,21288,6,1
3121,21709,2,0
3122,21709,1,1
3123,21709,1,1
3124,24184,9,0
3124,24852,8,0
3127,24852,1,1
3128,24852,3,1
3125,26209,3,0
3127,26209,3,1
3128,26209,5,1
3128,27086,2,0
3122,27845,5,0
3128,27845,1,1
3124,27966,2,0
3128,28204,9,0
3120,30489,1,0
3121,31717,5,0
3120,34126,3,0
3124,34126,7,1
3121,35221,3,0
3122,35221,3,1
3126,35221,4,1
3124,35951,5,0
3126,37710,3,0
3123,39275,4,0
3126,43154,5,0
3123,43352,5,0
3128,43352,6,1
3121,44632,4,0
3122,44632,4,1
3127,44632,5,1
3126,47209,2,0
3122,47626,6,0
3127,47626,2,1
3128,47626,4,1
3125,47766,2,0
3128,49683,8,0
3132,5077,2,0
3130,8518,1,0
3134,18523,4,0
3130,21137,3,0
3132,21288,7,0
3130,21903,5,0
3134,21903,3,1
3133,22935,1,0
3131,24852,1,0
3134,24852,1,1
3133,24964,2,0
3131,26209,3,0
3130,26620,7,0
3130,27086,4,0
3132,27086,3,1
3132,27845,1,0
3134,27966,5,0
3134,28204,6,0
3130,35221,2,0
3132,35221,4,1
3132,37710,5,0
3132,39928,6,0
3133,45007,3,0
3131,47626,2,0
3130,47766,6,0
3134,47766,2,1
3133,49683,4,0
3137,10749,6,0
3140,12341,2,0
3141,14233,1,0
3136,14947,1,0
3141,14947,2,1
3142,14947,1,1
3138,16797,2,0
3142,16797,6,1
3139,21288,2,0
3136,21709,2,0
3137,21709,1,1
3141,21709,3,1
3142,21709,2,1
3137,21903,4,0
3139,22935,3,0
3137,24852,2,0
3136,26620,4,0
3142,26620,4,1
3139,27966,1,0
3140,27966,4,1
3138,30489,3,0
3136,35221,3,0
3142,35221,3,1
3138,39275,1,0
3140,40706,3,0
3140,43154,1,0
3142,45007,5,0
3137,47766,3,0
3137,49235,5,0
3146,196,4,0
3147,196,2,1
3148,5077,2,0
3144,12341,4,0
3146,16797,3,0
3145,21288,3,0
3147,21288,1,1
3145,21903,5,0
3146,26620,2,0
3148,27086,3,0
3145,27845,4,0
3148,27845,1,1
3147,27966,3,0
3145,28204,1,0
3144,35221,1,0
3146,37710,1,0
3144,39275,3,0
3144,47209,2,0
3147,47626,4,0
3145,49683,2,0
3150,196,4,0
3150,13176,1,0
3151,13176,1,1
3154,14233,1,0
3151,14947,4,0
3154,14947,2,1
3152,16797,4,0
3153,16797,1,1
3152,18523,9,0
3155,18523,3,1
3150,21137,2,0
3151,21137,2,1
3152,21137,2,1
3153,21137,2,1
3154,21709,3,0
3152,21903,3,0
3151,22935,5,0
3151,24852,6,0
3154,24852,4,1
3155,24852,6,1
3155,26209,2,0
3155,27086,4,0
3152,27845,1,0
3155,27845,1,1
3153,27966,3,0
3152,28842,6,0
3152,35221,5,0
3155,35951,5,0
3153,39275,4,0
3152,40706,8,0
3154,40706,5,1
3152,46979,7,0
3153,46979,5,1
3150,47209,3,0
3151,47209,3,1
3158,5876,4,0
3157,8518,7,0
3157,13176,1,0
3159,16797,2,0
3157,18523,4,0
3162,18523,6,1
3157,21137,2,0
3160,21137,2,1
3159,21288,3,0
3161,21903,3,0
3162,21903,4,1
3158,22935,6,0
3158,24852,1,0
3161,24852,1,1
3162,24852,2,1
3157,24964,6,0
3162,24964,5,1
3157,26209,5,0
3158,26209,3,1
3159,27845,1,0
3162,27845,1,1
3160,27966,1,0
3158,39275,7,0
3159,39275,4,1
3159,43352,5,0
3157,47209,3,0
3158,47626,2,0
3161,47766,2,0
3162,47766,3,1
3158,49683,5,0
3165,196,1,0
3165,12341,3,0
3167,13176,3,0
3167,14233,1,0
3172,14233,1,1
3168,14947,2,0
3172,14947,2,1
3164,16797,1,0
3170,16797,1,1
3164,21137,2,0
3168,21137,1,1
3170,21137,2,1
3167,21288,4,0
3167,21709,5,0
3168,21709,3,1
3172,21709,3,1
3169,22935,2,0
3166,24964,3,0
3167,26209,6,0
3164,26620,5,0
3164,27966,3,0
3170,27966,3,1
3171,28204,3,0
3169,30489,1,0
3172,31717,4,0
3165,35221,2,0
3167,35221,2,1
3168,35221,4,1
3164,39275,4,0
3170,39275,4,1
3166,43154,2,0
3168,44632,5,0
3171,46979,1,0
3166,47209,1,0
3167,47626,7,0
3171,49683,2,0
3176,196,3,0
3175,5876,2,0
3177,8518,4,0
3175,12341,8,0
3176,13176,2,0
3177,14233,5,0
3174,16797,1,0
3174,21288,2,0
3175,21288,1,1
3177,21903,1,0
3174,24852,6,0
3175,24852,4,1
3176,24852,5,1
3175,28842,7,0
3175,30489,5,0
3176,35951,1,0
3174,39275,3,0
3174,40706,5,0
3174,43352,4,0
3177,45007,3,0
3174,47209,7,0
3176,47209,4,1
3177,47209,2,1
3175,47626,3,0
3175,47766,6,0
3186,4605,4,0
3181,8518,7,0
3179,13176,1,0
3181,13176,2,1
3184,13176,3,1
3187,13176,6,1
3180,14233,1,0
3184,14233,6,1
3180,14947,2,0
3185,14947,2,1
3185,16797,7,0
3184,18523,2,0
3186,18523,6,1
3179,21137,2,0
3181,21137,3,1
3182,21137,1,1
3185,21137,1,1
3186,21137,3,1
3183,21288,4,0
3180,21709,3,0
3181,21709,1,1
3183,21709,5,1
3186,21709,1,1
3183,21903,3,0
3185,21903,3,1
3184,22825,5,0
3186,22825,5,1
3182,22935,2,0
3185,22935,4,1
3181,24852,6,0
3183,24852,1,1
3182,24964,3,0
3184,26620,7,0
3184,27086,1,0
3186,27086,2,1
3187,27086,8,1
3185,27845,6,0
3187,27966,3,0
3179,35221,4,0
3185,35951,8,0
3187,35951,7,1
3185,37710,5,0
3184,39275,4,0
3187,39275,1,1
3187,43154,2,0
3182,45007,4,0
3184,45007,8,1
3187,45007,5,1
3179,47209,3,0
3181,47209,4,1
3187,47209,4,1
3181,47626,5,0
3186,47626,7,1
3183,47766,2,0
3182,49683,5,0
3189,4605,5,0
3190,5077,2,0
3192,13176,6,0
3191,14947,1,0
3191,21709,2,0
3192,21709,1,1
3189,22935,4,0
3190,22935,6,1
3192,22935,2,1
3189,24852,1,0
3190,24964,5,0
3192,24964,3,1
3189,26209,3,0
3191,26209,5,1
3190,27086,3,0
3189,27845,6,0
3190,27845,1,1
3191,35221,3,0
3192,39275,7,0
3191,44632,4,0
3192,45007,4,0
3190,46979,4,0
3189,47626,2,0
3192,49683,5,0
3195,196,5,0
3201,8518,7,0
3199,12341,2,0
3201,12341,5,1
3198,14233,2,0
3196,14947,1,0
3198,14947,3,1
3201,14947,1,1
3194,21137,5,0
3198,21137,5,1
3201,21137,8,1
3199,21288,5,0
3194,21709,4,0
3196,21709,2,1
3197,21709,1,1
3198,21709,4,1
3201,21709,2,1
3194,21903,2,0
3195,22935,2,0
3199,22935,6,1
3194,24852,1,0
3197,24852,2,1
3199,24852,1,1
3201,24964,6,0
3197,26209,4,0
3196,26620,4,0
3198,27845,1,0
3195,28204,3,0
3194,28842,6,0
3194,30489,3,0
3196,35221,3,0
3201,35221,3,1
3199,35951,4,0
3199,44632,3,0
3201,44632,4,1
3195,45007,1,0
3200,47209,2,0
3197,47626,3,0
3198,47626,6,1
3195,49235,4,0
3200,49683,1,0
3210,10749,5,0
3206,12341,3,0
3205,13176,2,0
3206,13176,2,1
3208,13176,1,1
3209,13176,5,1
3210,13176,6,1
3210,14233,4,0
3203,16797,1,0
3204,16797,6,1
3207,16797,1,1
3208,18523,2,0
3203,21137,2,0
3205,21137,3,1
3206,21137,4,1
3207,21137,6,1
3210,21137,1,1
3211,21137,1,1
3204,21288,1,0
3207,21288,2,1
3211,21288,2,1
3209,21903,3,0
3210,22935,2,0
3207,24184,7,0
3204,24852,2,0
3209,24852,1,1
3207,24964,5,0
3204,26209,4,0
3206,27086,5,0
3211,27086,3,1
3205,27845,1,0
3209,27845,4,1
3203,27966,3,0
3204,30489,5,0
3203,39275,4,0
3207,39275,3,1
3210,39275,3,1
3207,43352,4,0
3204,45007,7,0
3205,47209,4,0
3204,47626,3,0
3206,47626,1,1
3209,47766,2,0
3219,4605,8,0
3216,5077,2,0
3218,5077,2,1
3219,5077,7,1
3217,12341,4,0
3213,13176,5,0
3215,13176,1,1
3216,13176,5,1
3214,14233,5,0
3219,14233,2,1
3219,14947,3,0
3219,16797,5,0
3218,17794,3,0
3215,21137,2,0
3216,21137,4,1
3219,21709,4,0
3214,22935,1,0
3214,24964,2,0
3216,27086,3,0
3217,27086,3,1
3219,27086,1,1
3213,27845,3,0
3215,27845,4,1
3216,27845,1,1
3213,27966,4,0
3213,28842,2,0
3217,30489,1,0
3218,39928,4,0
3214,45007,3,0
3218,46979,1,0
3219,46979,6,1
3215,47209,3,0
3217,47766,2,0
3213,49235,1,0
3214,49683,4,0
3223,4605,7,0
3223,5876,3,0
3221,14947,5,0
3221,16797,1,0
3221,21137,2,0
3223,21137,6,1
3221,26620,6,0
3221,27966,3,0
3222,30489,1,0
3223,30489,5,1
3223,31717,2,0
3223,35951,4,0
3221,39275,4,0
3223,39275,1,1
3222,45007,3,0
3222,49235,2,0
3233,5077,4,0
3230,10749,6,0
3226,13176,8,0
3229,13176,5,1
3229,14947,1,0
3230,14947,1,1
3226,16797,2,0
3227,16797,1,1
3231,16797,1,1
3232,16797,1,1
3226,17794,5,0
3233,17794,7,1
3227,21288,2,0
3228,21288,1,1
3231,21288,2,1
3232,21288,2,1
3229,21709,2,0
3230,21709,2,1
3225,21903,3,0
3233,22935,6,0
3225,24852,1,0
3233,24964,2,0
3226,26209,4,0
3227,26209,6,1
3225,27086,5,0
3232,27086,5,1
3226,27845,1,0
3228,27845,4,1
3225,27966,6,0
3226,27966,7,1
3233,27966,1,1
3226,28204,3,0
3228,30489,3,0
3232,30489,8,1
3227,34126,5,0
3227,35221,7,0
3228,35221,5,1
3229,35221,3,1
3230,35221,3,1
3228,35951,2,0
3233,35951,5,1
3227,37710,8,0
3227,39275,3,0
3231,39275,3,1
3232,39275,3,1
3230,40706,5,0
3227,43352,4,0
3231,43352,4,1
3232,43352,4,1
3229,44632,4,0
3230,44632,4,1
3232,44632,6,1
3226,47209,6,0
3232,47209,7,1
3225,47626,4,0
3233,47626,3,1
3225,47766,2,0
3238,196,3,0
3236,5077,2,0
3240,5077,4,1
3241,5077,7,1
3239,5876,6,0
3240,5876,6,1
3241,5876,5,1
3235,10749,5,0
3236,10749,5,1
3239,12341,2,0
3236,13176,4,0
3237,14947,7,0
3241,14947,4,1
3235,16797,1,0
3235,21137,2,0
3237,21137,1,1
3239,21137,3,1
3236,21288,1,0
3237,21903,4,0
3239,21903,5,1
3237,22935,5,0
3239,22935,7,1
3237,24852,2,0
3238,24852,1,1
3240,24852,5,1
3238,24964,2,0
3240,26209,2,0
3238,27086,4,0
3241,27086,2,1
3241,27104,6,0
3236,27845,3,0
3239,27845,1,1
3241,27845,1,1
3235,27966,3,0
3241,27966,3,1
3241,28842,8,0
3240,34126,3,0
3240,35221,1,0
3239,35951,8,0
3237,37710,8,0
3235,39275,4,0
3238,39275,5,1
3237,47766,3,0
3239,47766,4,1
3237,49683,6,0
3243,10749,7,0
3245,10749,2,1
3245,13176,4,0
3244,14233,2,0
3244,14947,3,0
3243,16797,6,0
3244,18523,6,0
3244,21288,1,0
3245,21288,5,1
3244,21709,4,0
3245,21709,1,1
3244,24184,5,0
3243,24852,1,0
3243,26209,3,0
3245,26620,7,0
3243,27104,4,0
3245,27845,3,0
3246,27845,2,1
3243,28204,5,0
3246,28204,1,1
3245,34126,6,0
3247,37710,2,0
3247,43154,1,0
3243,47626,2,0
3249,5077,2,0
3251,13176,1,0
3251,21137,2,0
3249,21709,4,0
3250,21709,1,1
3250,22935,3,0
3249,27086,3,0
3249,27845,1,0
3251,47209,3,0
3250,47626,2,0
3260,196,4,0
3255,4605,1,0
3260,4605,6,1
3261,5876,4,0
3253,12341,6,0
3257,13176,2,0
3253,14233,1,0
3255,14233,2,1
3253,14947,2,0
3256,14947,1,1
3261,17794,1,0
3257,21137,3,0
3258,21137,1,1
3261,21137,7,1
3253,21709,3,0
3256,21709,2,1
3257,21709,1,1
3255,21903,5,0
3258,21903,5,1
3259,22825,7,0
3256,22935,5,0
3258,22935,4,1
3258,24852,2,0
3259,24852,3,1
3261,24852,3,1
3255,24964,4,0
3258,26209,7,0
3260,26209,5,1
3253,26620,5,0
3256,26620,4,1
3261,26620,6,1
3256,27086,6,0
3259,27845,1,0
3260,27845,1,1
3254,28842,3,0
3255,30489,3,0
3261,30489,2,1
3255,31717,7,0
3256,35221,3,0
3258,35221,3,1
3254,35951,1,0
3260,37710,3,0
3253,39275,4,0
3259,39275,4,1
3260,39275,7,1
3258,39928,8,0
3260,44632,2,0
3255,45007,6,0
3259,45007,6,1
3254,47209,2,0
3257,47209,4,1
3258,47209,6,1
3259,47209,5,1
3259,47626,2,0
3261,47626,5,1
3257,47766,5,0
3264,196,3,0
3268,5077,5,0
3266,6184,6,0
3267,8518,3,0
3264,12341,4,0
3265,13176,1,0
3268,13176,6,1
3270,14947,1,0
3266,16797,2,0
3267,16797,1,1
3268,16797,2,1
3271,16797,1,1
3265,21137,2,0
3266,21137,1,1
3266,21288,3,0
3268,21288,1,1
3271,21288,2,1
3269,21709,7,0
3270,21709,2,1
3270,21903,5,0
3264,22935,2,0
3269,22935,2,1
3263,24852,1,0
3266,24852,7,1
3264,24964,1,0
3269,24964,3,1
3263,26209,3,0
3270,26620,4,0
3269,27086,1,0
3271,28842,5,0
3270,35221,3,0
3270,35951,6,0
3263,39275,6,0
3266,39275,4,1
3268,39275,3,1
3271,39275,3,1
3263,39928,4,0
3271,40706,7,0
3269,43154,6,0
3266,43352,5,0
3268,43352,4,1
3271,43352,4,1
3269,45007,4,0
3263,47209,5,0
3265,47209,3,1
3263,47626,2,0
3269,47766,8,0
3271,47766,6,1
3267,49683,2,0
3269,49683,5,1
3275,196,2,0
3274,16797,2,0
3274,21137,3,0
3275,21288,1,0
3273,24852,1,0
3273,26209,3,0
3274,27845,1,0
3274,27966,4,0
3274,39275,5,0
3275,43352,3,0
3273,46979,4,0
3273,47626,2,0
3283,5077,2,0
3277,13176,5,0
3278,13176,3,1
3281,13176,7,1
3277,14947,6,0
3281,14947,2,1
3279,16797,1,0
3278,17794,5,0
3282,18523,4,0
3278,21137,2,0
3282,21137,1,1
3279,21288,2,0
3280,21288,1,1
3281,21709,3,0
3277,21903,3,0
3280,21903,4,1
3277,22825,7,0
3282,22825,6,1
3277,24852,1,0
3280,24852,2,1
3282,26209,3,0
3278,27086,8,0
3283,27086,3,1
3278,27845,1,0
3280,27845,7,1
3281,27845,1,1
3283,27845,1,1
3279,27966,5,0
3282,27966,2,1
3278,28204,6,0
3281,28204,8,1
3279,30489,6,0
3280,35221,5,0
3281,35221,4,1
3281,35951,6,0
3279,39275,3,0
3277,39928,4,0
3278,40706,7,0
3279,43352,4,0
3281,44632,5,0
3280,45007,6,0
3278,47209,4,0
3277,47766,2,0
3280,47766,3,1
3283,47766,4,1
3279,49235,7,0
3282,49235,5,1
3287,196,1,0
3285,13176,1,0
3288,13176,1,1
3285,17794,4,0
3285,21137,2,0
3288,21137,2,1
3286,21903,2,0
3286,26209,1,0
3287,27086,3,0
3287,37710,2,0
3285,47209,3,0
3288,47209,3,1
3290,8518,2,0
3294,13176,2,0
3293,14233,2,0
3293,14947,3,0
3295,14947,1,1
3291,16797,5,0
3292,16797,7,1
3294,16797,5,1
3294,21137,3,0
3292,21288,1,0
3293,21288,1,1
3293,21709,4,0
3294,21709,1,1
3295,21709,2,1
3292,22935,2,0
3290,24184,5,0
3291,24964,3,0
3292,24964,3,1
3290,26209,4,0
3294,27086,6,0
3291,27845,7,0
3295,27845,5,1
3292,28204,6,0
3295,35221,3,0
3291,35951,4,0
3291,40706,2,0
3290,44632,3,0
3295,44632,4,1
3291,45007,1,0
3292,45007,4,1
3291,47209,6,0
3294,47209,4,1
3290,47626,1,0
3292,49683,5,0
3301,196,4,0
3302,4605,6,0
3298,5876,7,0
3300,6184,2,0
3300,8518,1,0
3302,8518,7,1
3298,14233,5,0
3302,14947,1,0
3302,16797,3,0
3303,16797,2,1
3301,17794,1,0
3301,21137,6,0
3303,21137,3,1
3301,21288,3,0
3303,21709,1,0
3297,21903,3,0
3298,21903,4,1
3299,22935,1,0
3297,24852,1,0
3298,24852,2,1
3299,24964,2,0
3298,27845,1,0
3303,27966,4,0
3298,30489,6,0
3302,35221,5,0
3301,39275,5,0
3303,39275,5,1
3301,43154,2,0
3299,45007,3,0
3297,47766,2,0
3298,47766,3,1
3302,49235,2,0
3299,49683,4,0
3302,49683,4,1
3305,196,5,0
3310,196,5,1
3308,8518,8,0
3305,10749,4,0
3309,13176,1,0
3311,13176,1,1
3306,14947,3,0
3307,14947,4,1
3311,18523,7,0
3306,21137,9,0
3309,21137,2,1
3311,21137,2,1
3306,21288,5,0
3311,21288,4,1
3306,21709,8,0
3308,21709,2,1
3311,21709,6,1
3307,21903,3,0
3312,21903,3,1
3305,22935,7,0
3308,22935,3,1
3305,24852,8,0
3307,24852,1,1
3312,24852,1,1
3305,24964,1,0
3308,24964,4,1
3306,26209,2,0
3306,27845,1,0
3308,27845,1,1
3306,27966,4,0
3308,28842,7,0
3310,28842,4,1
3305,30489,3,0
3310,35221,3,0
3309,39928,4,0
3311,40706,5,0
3308,43154,9,0
3306,45007,6,0
3308,45007,5,1
3308,46979,10,0
3310,46979,1,1
3309,47209,3,0
3311,47209,3,1
3305,47766,2,0
3307,47766,2,1
3312,47766,2,1
3305,49235,6,0
3306,49235,7,1
3308,49683,6,0
3310,49683,2,1
3318,5077,2,0
3320,5876,2,0
3319,6184,6,0
3319,8518,3,0
3319,12341,4,0
3314,13176,1,0
3315,13176,1,1
3316,16797,1,0
3314,21137,2,0
3315,21137,2,1
3319,21137,2,1
3320,21137,1,1
3316,21288,2,0
3317,21288,1,1
3314,21903,4,0
3321,21903,4,1
3317,22935,2,0
3316,24184,6,0
3317,24964,3,0
3316,26209,5,0
3317,26620,6,0
3318,27086,3,0
3318,27845,1,0
3321,27966,1,0
3320,28204,3,0
3319,28842,5,0
3321,31717,2,0
3316,39275,3,0
3320,40706,4,0
3316,43352,4,0
3320,43352,5,1
3314,45007,5,0
3317,45007,4,1
3314,47209,3,0
3315,47209,3,1
3319,47626,1,0
3321,47766,3,0
3317,49683,5,0
3321,49683,5,1
3323,5077,5,0
3324,5077,4,1
3324,10749,2,0
3325,13176,2,0
3325,21288,1,0
3323,22935,3,0
3324,24964,1,0
3323,27845,2,0
3324,39275,3,0
3323,43154,4,0
3323,47766,1,0
3329,196,5,0
3333,196,4,1
3332,5077,2,0
3331,6184,5,0
3330,8518,8,0
3328,12341,3,0
3327,14947,1,0
3328,14947,4,1
3330,16797,1,0
3335,16797,1,1
3330,21137,2,0
3331,21137,4,1
3335,21288,2,0
3327,21709,2,0
3329,21709,1,1
3330,21903,5,0
3333,21903,3,1
3335,22825,6,0
3329,22935,4,0
3328,24852,1,0
3329,24964,2,0
3331,26209,3,0
3333,26209,6,1
3332,27086,3,0
3331,27845,1,0
3332,27845,1,1
3330,27966,3,0
3333,27966,5,1
3333,30489,2,0
3327,35221,3,0
3330,35221,6,1
3333,35221,1,1
3329,37710,7,0
3330,39275,4,0
3335,39275,3,1
3328,39928,2,0
3329,39928,6,1
3330,39928,7,1
3334,40706,1,0
3335,40706,5,1
3331,43352,2,0
3335,43352,4,1
3327,44632,4,0
3329,46979,3,0
3334,46979,2,1
3337,5876,8,0
3337,12341,4,0
3337,16797,2,0
3338,16797,1,1
3339,17794,6,0
3338,21137,2,0
3339,21288,1,0
3339,22935,2,0
3339,24964,3,0
3338,26209,5,0
3337,26620,6,0
3337,27086,7,0
3338,27966,3,0
3337,30489,1,0
3338,39275,4,0
3338,40706,6,0
3337,43154,5,0
3339,45007,4,0
3337,47766,3,0
3339,49683,5,0
3341,196,4,0
3341,5077,2,0
3342,14947,2,0
3343,16797,1,0
3343,21288,2,0
3342,21709,3,0
3343,22935,5,0
3342,26620,5,0
3341,27086,3,0
3342,27086,1,1
3341,27845,1,0
3343,27966,7,0
3343,28204,6,0
3343,30489,8,0
3342,35221,4,0
3342,39275,6,0
3343,39275,3,1
3343,43352,4,0
3346,196,7,0
3347,5077,3,0
3348,5876,5,0
3351,5876,2,1
3351,6184,5,0
3348,10749,3,0
3349,13176,1,0
3350,13176,1,1
3346,16797,1,0
3347,16797,4,1
3348,18523,4,0
3349,21137,2,0
3350,21137,2,1
3347,21288,1,0
3348,21288,7,1
3350,21903,4,0
3351,21903,3,1
3350,24852,5,0
3351,24964,7,0
3345,26209,2,0
3351,26209,6,1
3348,27086,1,0
3351,27845,1,0
3346,27966,5,0
3345,28204,1,0
3346,28842,3,0
3349,31717,5,0
3348,35951,6,0
3351,35951,4,1
3348,37710,2,0
3348,40706,8,0
3346,43154,2,0
3349,43154,4,1
3347,44632,2,0
3349,45007,7,0
3349,47209,3,0
3350,47209,3,1
3346,47766,4,0
3350,47766,6,1
3346,49235,6,0
3349,49235,6,1
3350,49683,7,0
3359,5077,7,0
3358,5876,2,0
3357,6184,5,0
3358,8518,4,0
3354,13176,6,0
3357,13176,2,1
3359,13176,1,1
3356,14233,4,0
3359,14233,5,1
3354,16797,1,0
3355,21137,1,0
3357,21137,3,1
3354,21288,2,0
3358,21709,3,0
3355,21903,3,0
3356,21903,3,1
3353,22935,1,0
3356,24852,1,0
3359,24852,4,1
3353,24964,2,0
3354,24964,5,1
3359,26209,2,0
3357,27845,1,0
3356,27966,5,0
3355,28204,5,0
3359,35221,6,0
3354,39275,3,0
3359,43154,3,0
3354,43352,4,0
3353,45007,3,0
3355,46979,6,0
3357,47209,4,0
3355,47626,4,0
3356,47766,2,0
3358,47766,1,1
3355,49235,2,0
3353,49683,4,0
3363,196,5,0
3363,5077,2,0
3365,5077,2,1
3363,12341,4,0
3364,13176,2,0
3361,16797,1,0
3361,21137,2,0
3364,21137,1,1
3362,21288,1,0
3364,21288,5,1
3364,21903,7,0
3361,22935,5,0
3362,22935,2,1
3366,24852,2,0
3362,24964,3,0
3364,26209,6,0
3366,26209,3,1
3363,27086,3,0
3365,27086,3,1
3366,27086,1,1
3363,27845,1,0
3365,27845,1,1
3361,27966,3,0
3364,35221,4,0
3361,39275,4,0
3364,43352,3,0
3362,45007,4,0
3363,47766,6,0
3362,49683,5,0
3370,5077,2,0
3374,5077,3,1
3368,5876,6,0
3370,5876,5,1
3370,8518,4,0
3376,12341,2,0
3368,16797,4,0
3374,16797,2,1
3371,17794,6,0
3369,21137,4,0
3369,21903,3,0
3372,21903,3,1
3373,21903,3,1
3375,21903,3,1
3374,22935,1,0
3371,24852,2,0
3373,24852,1,1
3376,24964,4,0
3368,26209,3,0
3369,26209,5,1
3371,26209,4,1
3370,27086,3,0
3371,27086,1,1
3375,27086,1,1
3375,27104,4,0
3376,27104,1,1
3370,27845,1,0
3376,27845,6,1
3368,28204,2,0
3372,28204,2,1
3376,35221,5,0
3368,39275,1,0
3371,39275,5,1
3368,43154,5,0
3375,43154,2,1
3369,43352,2,0
3373,45007,4,0
3375,45007,5,1
3369,46979,1,0
3376,47209,3,0
3371,47626,3,0
3373,47626,5,1
3372,47766,1,0
3373,47766,2,1
3382,12341,7,0
3382,13176,1,0
3379,14947,1,0
3383,14947,2,1
3378,16797,2,0
3381,16797,4,1
3382,21137,2,0
3383,21137,1,1
3379,21709,2,0
3383,21709,3,1
3380,21903,3,0
3382,21903,4,1
3383,22935,6,0
3380,24852,1,0
3382,24852,5,1
3383,24964,7,0
3381,26209,3,0
3383,26620,5,0
3379,27104,5,0
3378,31717,1,0
3379,35221,3,0
3383,35221,4,1
3381,37710,2,0
3381,43352,1,0
3379,44632,4,0
3382,47209,3,0
3383,47209,8,1
3380,47766,2,0
3382,49235,6,0
3385,14233,3,0
3386,14233,2,1
3386,14947,4,0
3388,14947,1,1
3387,16797,1,0
3387,21137,2,0
3385,21709,1,0
3388,21709,2,1
3387,24184,5,0
3387,27966,3,0
3388,35221,3,0
3387,39275,4,0
3386,44632,3,0
3388,44632,4,1
3385,45007,2,0
3386,47209,1,0
3394,5077,2,0
3392,12341,2,0
3394,13176,5,0
3391,14947,2,0
3392,14947,1,1
3395,14947,3,1
3390,16797,1,0
3393,16797,5,1
3392,18523,7,0
3390,21137,2,0
3395,21137,1,1
3391,21288,1,0
3393,21288,3,1
3391,21709,3,0
3393,21709,6,1
3395,21709,4,1
3392,21903,5,0
3395,21903,9,1
3392,24184,3,0
3392,24852,8,0
3393,24964,4,0
3395,24964,10,1
3394,27086,3,0
3395,27086,2,1
3393,27845,1,0
3394,27845,1,1
3395,27845,7,1
3390,27966,3,0
3392,28204,4,0
3393,28204,2,1
3391,35221,4,0
3393,35221,7,1
3395,35221,5,1
3390,39275,4,0
3392,43352,6,0
3391,44632,5,0
3395,44632,6,1
3394,47626,4,0
3391,47766,6,0
3395,49235,8,0
3402,4605,4,0
3398,10749,4,0
3400,12341,6,0
3398,13176,1,0
3403,14233,1,0
3399,14947,2,0
3403,14947,2,1
3397,16797,1,0
3401,16797,2,1
3400,17794,5,0
3398,21137,2,0
3399,21137,1,1
3403,21137,4,1
3397,21288,2,0
3401,21288,3,1
3399,21709,3,0
3403,21709,3,1
3402,22935,3,0
3400,24852,3,0
3401,24852,6,1
3402,24964,2,0
3403,24964,5,1
3400,27104,2,0
3401,27845,1,0
3401,27966,7,0
3399,35221,4,0
3397,39275,3,0
3401,39275,4,1
3401,39928,8,0
3400,40706,1,0
3402,40706,1,1
3397,43352,4,0
3401,43352,5,1
3399,44632,5,0
3398,47209,3,0
3400,47766,4,0
3406,4605,3,0
3412,4605,5,1
3406,5876,2,0
3410,6184,3,0
3406,12341,1,0
3410,12341,6,1
3406,14233,4,0
3412,14233,1,1
3407,14947,1,0
3412,14947,2,1
3409,16797,1,0
3408,18523,2,0
3408,21137,4,0
3409,21137,2,1
3411,21137,7,1
3410,21288,1,0
3407,21709,2,0
3412,21709,3,1
3405,22935,1,0
3411,22935,1,1
3410,24184,2,0
3408,24852,1,0
3405,24964,2,0
3410,24964,5,1
3411,24964,2,1
3409,27966,3,0
3412,28204,4,0
3407,35221,3,0
3410,35951,8,0
3411,37710,5,0
3409,39275,4,0
3410,39928,4,0
3408,40706,3,0
3407,44632,4,0
3411,44632,6,1
3405,45007,3,0
3406,45007,5,1
3410,45007,7,1
3411,45007,3,1
3408,47766,5,0
3405,49683,4,0
3411,49683,4,1
3415,5876,5,0
3414,12341,5,0
3418,14233,5,0
3414,16797,1,0
3415,16797,3,1
3417,16797,1,1
3418,16797,6,1
3418,17794,3,0
3414,21288,2,0
3415,21288,1,1
3416,21288,1,1
3417,21288,2,1
3418,21288,1,1
3418,22935,4,0
3415,24184,4,0
3416,24852,2,0
3415,26209,2,0
3416,26209,4,1
3418,27845,2,0
3414,35951,6,0
3414,39275,3,0
3417,39275,3,1
3414,43352,4,0
3417,43352,4,1
3415,47626,6,0
3416,47626,3,1
3416,49683,5,0
3424,8518,4,0
3420,12341,3,0
3424,12341,3,1
3422,13176,7,0
3423,13176,4,1
3424,14233,5,0
3425,14947,1,0
3426,17794,2,0
3421,21137,2,0
3421,21288,4,0
3425,21709,2,0
3426,21709,1,1
3423,21903,3,0
3422,24852,1,0
3423,24852,1,1
3422,26209,3,0
3421,27966,1,0
3422,28204,4,0
3424,28204,1,1
3426,34126,6,0
3422,35221,6,0
3425,35221,3,1
3421,39275,3,0
3422,39275,5,1
3426,39275,3,1
3424,43352,2,0
3425,44632,4,0
3426,44632,5,1
3420,47626,2,0
3422,47626,2,1
3426,47626,4,1
3420,47766,1,0
3423,47766,2,1
3434,4605,6,0
3428,6184,1,0
3429,8518,5,0
3429,14947,1,0
3431,14947,1,1
3432,14947,1,1
3433,16797,2,0
3435,16797,1,1
3435,21137,2,0
3433,21288,3,0
3434,21288,1,1
3429,21709,2,0
3431,21709,2,1
3432,21709,2,1
3433,21709,1,1
3430,21903,6,0
3435,21903,5,1
3428,22825,4,0
3434,22935,2,0
3428,24852,5,0
3434,24964,3,0
3430,26209,2,0
3432,26209,5,1
3431,26620,4,0
3432,26620,4,1
3430,27086,4,0
3433,27086,7,1
3430,27845,1,0
3435,27845,6,1
3435,27966,3,0
3432,28842,6,0
3435,28842,7,1
3429,35221,3,0
3431,35221,3,1
3432,35221,3,1
3433,39275,4,0
3435,39275,4,1
3433,43352,5,0
3429,44632,4,0
3433,44632,6,1
3434,45007,4,0
3430,47209,5,0
3428,47626,3,0
3430,47626,3,1
3431,47626,7,1
3431,49235,6,0
3428,49683,2,0
3431,49683,5,1
3434,49683,5,1
3442,4605,4,0
3443,5876,3,0
3439,6184,1,0
3440,12341,3,0
3440,13176,5,0
3438,14947,1,0
3441,14947,1,1
3438,21137,6,0
3443,21137,1,1
3442,21288,2,0
3438,21709,2,0
3441,21709,2,1
3442,21709,1,1
3440,21903,1,0
3439,22825,4,0
3437,24852,1,0
3443,24852,2,1
3437,26209,3,0
3438,26620,4,0
3440,27845,6,0
3440,28204,7,0
3442,30489,3,0
3438,35221,3,0
3441,35221,3,1
3438,35951,8,0
3439,37710,3,0
3439,40706,2,0
3440,40706,2,1
3441,44632,4,0
3443,45007,4,0
3438,47209,5,0
3437,47626,2,0
3440,47626,4,1
3438,47766,7,0
3447,5876,7,0
3447,14947,5,0
3448,14947,2,1
3447,16797,3,0
3445,17794,1,0
3446,17794,6,1
3448,21709,1,0
3449,21709,1,1
3446,24852,1,0
3450,24852,7,1
3445,26209,3,0
3446,26209,3,1
3447,26620,2,0
3447,27845,1,0
3446,27966,5,0
3446,28204,4,0
3447,28842,8,0
3450,28842,3,1
3448,35221,3,0
3450,35221,1,1
3447,35951,9,0
3450,39275,6,0
3450,40706,5,0
3445,43154,6,0
3450,43154,4,1
3447,43352,6,0
3448,44632,4,0
3445,45007,5,0
3445,47209,4,0
3449,47209,4,1
3446,47626,2,0
3445,47766,2,0
3447,47766,4,1
3449,47766,3,1
3449,49235,2,0
3450,49683,2,0
3453,12341,4,0
3452,13176,1,0
3453,14233,1,0
3453,14947,2,0
3454,14947,2,1
3452,21137,2,0
3453,21709,3,0
3454,21709,1,1
3453,21903,5,0
3454,24184,6,0
3452,27845,6,0
3454,27845,4,1
3453,28204,6,0
3453,31717,7,0
3452,39275,5,0
3454,40706,5,0
3452,45007,4,0
3452,47209,3,0
3454,47766,3,0
3456,5876,8,0
3459,12341,6,0
3460,14947,3,0
3456,16797,1,0
3459,16797,1,1
3461,16797,2,1
3461,21137,3,0
3456,21288,2,0
3459,21288,2,1
3460,21288,2,1
3456,21709,6,0
3457,21709,1,1
3460,21709,4,1
3461,21709,1,1
3458,21903,7,0
3456,22825,7,0
3458,22825,4,1
3458,22935,1,0
3459,24852,7,0
3458,26209,2,0
3460,27845,1,0
3456,27966,5,0
3461,27966,4,1
3458,30489,3,0
3457,34126,3,0
3458,34126,6,1
3460,35221,5,0
3456,39275,3,0
3459,39275,3,1
3461,39275,5,1
3458,40706,8,0
3456,43352,4,0
3459,43352,4,1
3460,44632,6,0
3457,45007,4,0
3457,46979,2,0
3459,47626,5,0
3458,49683,5,0
3464,196,6,0
3467,5077,2,0
3468,8518,3,0
3463,14233,1,0
3467,14233,5,1
3464,24852,1,0
3465,24852,2,1
3466,24852,4,1
3464,26209,3,0
3465,26209,4,1
3467,26209,4,1
3467,27086,3,0
3468,27086,1,1
3465,27845,1,0
3466,27845,1,1
3467,27845,1,1
3466,28204,3,0
3463,31717,3,0
3464,39275,4,0
3464,43154,5,0
3463,45007,2,0
3466,46979,2,0
3468,47209,2,0
3464,47626,2,0
3465,47626,3,1
3465,49235,5,0
3474,196,4,0
3475,10749,5,0
3476,13176,6,0
3470,14947,2,0
3475,16797,1,0
3476,16797,4,1
3470,21137,5,0
3473,21137,5,1
3476,21137,5,1
3475,21288,2,0
3471,21709,1,0
3471,21903,2,0
3473,21903,3,1
3476,21903,3,1
3474,24184,1,0
3472,24852,2,0
3473,24852,1,1
3476,24852,1,1
3472,26620,5,0
3474,26620,2,1
3474,27966,6,0
3470,30489,3,0
3471,34126,4,0
3474,34126,3,1
3472,35221,6,0
3474,35951,5,0
3472,37710,1,0
3472,39275,4,0
3475,39275,3,1
3470,39928,1,0
3471,43154,3,0
3475,43352,4,0
3473,46979,4,0
3470,47626,4,0
3472,47766,3,0
3473,47766,2,1
3476,47766,2,1
3476,49235,7,0
3479,196,5,0
3481,196,2,1
3481,5876,1,0
3479,8518,4,0
3482,14233,5,0
3481,16797,7,0
3481,22935,5,0
3478,24852,1,0
3482,24852,1,1
3478,26209,3,0
3482,26209,3,1
3478,26620,5,0
3481,27104,6,0
3479,27845,1,0
3482,27966,4,0
3481,28204,4,0
3479,34126,3,0
3480,39275,1,0
3480,43352,3,0
3479,47209,2,0
3481,47209,3,1
3478,47626,2,0
3482,47626,2,1
3478,49683,4,0
3480,49683,2,1
3487,196,3,0
3486,4605,3,0
3490,5077,2,0
3484,10749,2,0
3489,12341,5,0
3485,14947,7,0
3488,14947,2,1
3486,16797,6,0
3487,16797,4,1
3491,17794,4,0
3484,21137,6,0
3491,21137,3,1
3484,21288,3,0
3485,21288,3,1
3488,21288,1,1
3486,21709,1,0
3488,21709,3,1
3489,21709,1,1
3491,21903,5,0
3486,24184,2,0
3490,27086,3,0
3491,27086,1,1
3485,27845,1,0
3490,27845,1,1
3484,27966,5,0
3489,27966,2,1
3491,27966,6,1
3488,28204,6,0
3489,28204,6,1
3485,28842,2,0
3488,35221,4,0
3484,35951,7,0
3485,37710,6,0
3487,39275,1,0
3485,39928,4,0
3484,40706,4,0
3486,40706,4,1
3489,43352,4,0
3488,44632,5,0
3484,45007,1,0
3486,45007,5,1
3489,47626,3,0
3487,47766,2,0
3491,47766,7,1
3485,49235,5,0
3491,49683,2,0
3493,12341,7,0
3495,13176,1,0
3494,14233,4,0
3493,14947,1,0
3495,21137,2,0
3493,21709,2,0
3493,21903,6,0
3494,24852,1,0
3493,24964,8,0
3494,26209,3,0
3493,28204,5,0
3493,35221,3,0
3494,40706,5,0
3493,44632,4,0
3495,47209,3,0
3494,47626,2,0
3501,5077,2,0
3498,10749,5,0
3498,12341,2,0
3499,13176,1,0
3497,14947,3,0
3497,21137,6,0
3499,21137,2,1
3497,21709,2,0
3502,21903,3,0
3500,22935,1,0
3498,24852,4,0
3502,24852,1,1
3500,24964,2,0
3501,27086,3,0
3498,27845,3,0
3500,27845,6,1
3501,27845,1,1
3497,28204,4,0
3500,34126,7,0
3498,35221,1,0
3501,35951,5,0
3498,37710,6,0
3500,39275,5,0
3502,40706,4,0
3497,45007,1,0
3500,45007,3,1
3499,47209,3,0
3501,47209,6,1
3497,47626,5,0
3501,47626,7,1
3501,47766,4,0
3502,47766,2,1
3500,49683,4,0
3504,6184,1,0
3507,14947,2,0
3510,14947,4,1
3505,21137,1,0
3508,21709,1,0
3510,21903,3,0
3505,24852,2,0
3508,24852,2,1
3510,24852,1,1
3506,26209,2,0
3508,26209,4,1
3509,26209,2,1
3509,27086,3,0
3504,27104,5,0
3506,27845,1,0
3507,27845,1,1
3509,27845,1,1
3510,27966,6,0
3505,28204,4,0
3504,28842,3,0
3506,30489,4,0
3509,43352,6,0
3509,46979,5,0
3504,47209,2,0
3505,47626,3,0
3508,47626,3,1
3504,47766,4,0
3509,47766,4,1
3510,47766,2,1
3510,49235,5,0
3506,49683,3,0
3518,5876,7,0
3520,6184,7,0
3514,8518,3,0
3515,8518,4,1
3513,10749,7,0
3513,12341,6,0
3518,12341,4,1
3516,13176,2,0
3519,13176,1,1
3518,14233,2,0
3515,14947,2,0
3513,16797,1,0
3518,16797,1,1
3520,16797,5,1
3519,17794,4,0
3513,21137,2,0
3516,21137,3,1
3519,21137,2,1
3520,21137,1,1
3512,21288,1,0
3514,21288,1,1
3516,21709,1,0
3520,21903,4,0
3514,22935,4,0
3517,22935,1,1
3515,24852,3,0
3520,24852,2,1
3517,24964,2,0
3513,26209,5,0
3517,26209,5,1
3520,26620,6,0
3517,27086,6,0
3518,27845,3,0
3513,27966,3,0
3518,30489,5,0
3512,37710,3,0
3515,37710,1,1
3513,39275,4,0
3517,45007,3,0
3518,45007,6,1
3514,47209,2,0
3516,47209,4,1
3519,47209,3,1
3520,47766,3,0
3512,49235,2,0
3517,49683,4,0
3527,196,1,0
3524,5077,2,0
3523,5876,2,0
3529,6184,4,0
3522,12341,4,0
3527,14233,2,0
3529,14233,2,1
3528,14947,1,0
3529,14947,3,1
3522,16797,2,0
3523,17794,4,0
3523,21288,1,0
3527,21709,6,0
3528,21709,2,1
3529,21709,1,1
3525,21903,4,0
3527,21903,4,1
3525,24184,5,0
3522,27086,5,0
3524,27086,3,1
3525,27086,1,1
3524,27845,1,0
3525,27845,8,1
3529,27845,6,1
3528,34126,6,0
3525,35221,3,0
3528,35221,3,1
3525,35951,2,0
3523,39275,6,0
3527,39275,3,1
3528,39275,5,1
3526,40706,2,0
3522,43154,1,0
3525,43154,7,1
3528,44632,4,0
3522,47209,6,0
3523,47209,3,1
3522,47626,7,0
3525,47626,6,1
3527,47626,5,1
3523,47766,5,0
3526,47766,1,1
3529,47766,5,1
3522,49683,3,0
3536,196,5,0
3533,5876,6,0
3539,5876,4,1
3531,6184,5,0
3538,6184,6,1
3533,10749,2,0
3537,13176,5,0
3532,14947,5,0
3532,16797,1,0
3537,16797,3,1
3531,21137,4,0
3538,21137,2,1
3532,21288,2,0
3533,21288,1,1
3538,21288,3,1
3537,21709,4,0
3533,21903,9,0
3534,21903,2,1
3536,21903,3,1
3535,24852,1,0
3537,24852,2,1
3538,24852,5,1
3531,24964,2,0
3537,24964,6,1
3533,26209,7,0
3535,26209,3,1
3533,27086,4,0
3536,27845,1,0
3538,27845,1,1
3539,27845,1,1
3534,27966,1,0
3533,28204,8,0
3538,28204,7,1
3539,28204,5,1
3537,28842,1,0
3538,34126,4,0
3533,35951,3,0
3532,39275,3,0
3539,43154,2,0
3532,43352,4,0
3539,45007,3,0
3536,46979,4,0
3537,47209,7,0
3535,47626,2,0
3531,47766,1,0
3536,47766,2,1
3531,49235,3,0
3537,49235,8,1
3533,49683,5,0
3545,5876,5,0
3548,6184,5,0
3545,8518,4,0
3545,12341,6,0
3544,13176,5,0
3548,13176,6,1
3546,14947,1,0
3543,16797,1,0
3544,16797,1,1
3548,16797,1,1
3542,21137,1,0
3544,21137,2,1
3543,21288,2,0
3545,21288,1,1
3548,21288,2,1
3546,21709,2,0
3541,21903,3,0
3541,22935,4,0
3541,24852,1,0
3542,24852,3,1
3542,26620,2,0
3547,26620,2,1
3544,27966,3,0
3546,35221,3,0
3547,37710,3,0
3543,39275,3,0
3544,39275,4,1
3548,39275,3,1
3543,43352,4,0
3546,43352,5,1
3547,43352,1,1
3548,43352,4,1
3546,44632,4,0
3544,45007,7,0
3541,47766,2,0
3545,47766,3,1
3544,49235,6,0
3545,49683,2,0
3552,196,6,0
3551,5077,2,0
3553,5876,6,0
3555,8518,3,0
3552,12341,2,0
3552,13176,4,0
3554,13176,2,1
3555,13176,2,1
3556,13176,1,1
3553,14233,3,0
3553,16797,4,0
3556,18523,5,0
3553,21137,1,0
3554,21137,3,1
3556,21137,2,1
3554,21288,1,0
3552,21709,5,0
3550,21903,3,0
3556,21903,4,1
3551,22935,5,0
3550,24852,1,0
3552,24852,3,1
3550,24964,4,0
3555,24964,4,1
3551,27086,3,0
3551,27845,1,0
3552,27845,1,1
3551,27966,4,0
3553,27966,5,1
3554,35221,5,0
3551,39275,6,0
3555,39275,5,1
3555,39928,1,0
3550,44632,5,0
3554,47209,4,0
3556,47209,3,1
3553,47626,2,0
3550,47766,2,0
3553,49683,7,0
3558,196,4,0
3561,5077,2,0
3559,6184,7,0
3559,14947,1,0
3562,16797,1,0
3559,21137,6,0
3562,21288,2,0
3559,21709,2,0
3559,24964,5,0
3561,24964,4,1
3560,26209,1,0
3559,26620,4,0
3561,27086,3,0
3561,27845,1,0
3561,27966,5,0
3558,28842,1,0
3559,35221,3,0
3558,35951,5,0
3562,39275,3,0
3558,43352,2,0
3562,43352,4,1
3558,44632,3,0
3560,47766,2,0
3569,196,7,0
3564,5077,5,0
3567,5077,2,1
3572,5077,2,1
3566,6184,2,0
3569,13176,8,0
3570,13176,4,1
3564,14947,1,0
3571,14947,1,1
3568,16797,1,0
3569,16797,1,1
3572,16797,6,1
3564,21137,8,0
3567,21137,4,1
3569,21137,2,1
3570,21137,1,1
3572,21137,5,1
3565,21288,3,0
3564,21709,2,0
3570,21709,2,1
3571,21709,2,1
3572,21709,7,1
3566,22825,4,0
3570,24852,5,0
3564,24964,6,0
3568,24964,3,1
3570,24964,3,1
3565,27086,1,0
3567,27086,3,1
3572,27086,3,1
3567,27845,1,0
3572,27845,1,1
3566,27966,5,0
3569,27966,3,1
3564,35221,3,0
3566,35221,3,1
3571,35221,3,1
3572,35221,4,1
3565,37710,2,0
3569,39275,4,0
3568,39928,4,0
3564,44632,4,0
3571,44632,4,1
3566,47209,1,0
3568,47209,2,1
3569,47209,5,1
3569,47766,6,0
3564,49683,7,0
3576,8518,1,0
3579,12341,5,0
3579,13176,1,0
3580,13176,1,1
3577,16797,1,0
3578,21137,5,0
3579,21137,2,1
3580,21137,2,1
3577,21288,2,0
3577,22935,5,0
3578,24184,3,0
3575,24964,2,0
3579,27086,6,0
3578,27966,7,0
3578,28204,1,0
3574,30489,1,0
3578,37710,4,0
3577,39275,3,0
3580,39275,4,1
3579,40706,4,0
3574,43154,2,0
3578,43154,2,1
3577,43352,4,0
3575,45007,1,0
3576,46979,2,0
3579,47209,3,0
3580,47209,3,1
3576,47626,3,0
3578,47766,6,0
3583,196,5,0
3582,5077,3,0
3585,6184,3,0
3583,12341,7,0
3587,12341,2,1
3586,13176,1,0
3583,14233,2,0
3583,14947,3,0
3584,14947,5,1
3587,14947,4,1
3585,16797,2,0
3584,17794,2,0
3586,21137,2,0
3587,21137,1,1
3588,21137,6,1
3588,21288,7,0
3583,21709,4,0
3584,21709,1,1
3585,21903,1,0
3587,24184,3,0
3588,24852,1,0
3582,26209,2,0
3588,26209,3,1
3582,27086,6,0
3583,27086,1,1
3588,27086,5,1
3587,27104,5,0
3582,27845,8,0
3582,27966,5,0
3586,28204,4,0
3582,30489,1,0
3584,37710,4,0
3585,39275,4,0
3584,39928,3,0
3587,43352,6,0
3586,47209,3,0
3588,47626,2,0
3583,47766,6,0
3582,49235,4,0
3582,49683,7,0
3588,49683,4,1
3595,4605,4,0
3591,5077,5,0
3590,5876,4,0
3590,6184,1,0
3591,6184,6,1
3597,6184,4,1
3593,13176,7,0
3597,13176,3,1
3591,14947,1,0
3597,17794,7,0
3591,21709,2,0
3592,21709,1,1
3592,21903,2,0
3593,21903,3,1
3590,22935,2,0
3594,22935,3,1
3592,24852,4,0
3593,24852,1,1
3594,24852,2,1
3595,24852,2,1
3597,24964,6,0
3592,26209,5,0
3591,26620,4,0
3597,27086,5,0
3594,27845,1,0
3595,27845,1,1
3596,27845,1,1
3591,35221,3,0
3595,35951,5,0
3593,37710,5,0
3593,39928,4,0
3590,43154,3,0
3597,43154,2,1
3595,43352,3,0
3594,44632,5,0
3592,45007,6,0
3593,45007,6,1
3596,46979,2,0
3593,47766,2,0
3596,47766,3,1
3597,47766,1,1
3592,49235,3,0
3594,49683,4,0
3602,196,7,0
3599,4605,3,0
3606,4605,6,1
3601,5077,1,0
3599,8518,2,0
3607,10749,4,0
3601,13176,6,0
3601,14233,7,0
3605,14947,8,0
3606,14947,2,1
3601,16797,3,0
3600,17794,7,0
3600,21137,4,0
3602,21137,1,1
3602,21288,2,0
3606,21709,3,0
3604,21903,3,0
3607,21903,3,1
3602,24852,4,0
3603,24852,2,1
3604,24852,1,1
3605,24852,2,1
3607,24852,1,1
3601,24964,5,0
3604,24964,4,1
3600,26209,6,0
3601,26209,4,1
3602,26209,6,1
3605,26209,4,1
3600,26620,2,0
3606,26620,5,1
3599,27086,1,0
3602,27086,3,1
3600,27104,3,0
3605,27845,1,0
3606,27845,1,1
3605,28204,5,0
3603,28842,1,0
3600,31717,1,0
3605,34126,6,0
3606,35221,4,0
3600,40706,5,0
3601,47626,2,0
3602,47626,5,1
3603,47626,3,1
3605,47626,3,1
3604,47766,2,0
3607,47766,2,1
3605,49683,7,0
3611,196,3,0
3609,13176,6,0
3611,14233,2,0
3613,14233,4,1
3614,14947,1,0
3613,16797,3,0
3610,21137,1,0
3614,21288,5,0
3614,21709,2,0
3612,21903,3,0
3609,22825,3,0
3612,24852,1,0
3610,26209,4,0
3611,26620,1,0
3613,27086,5,0
3609,27104,2,0
3613,27845,1,0
3613,30489,2,0
3613,31717,6,0
3610,35221,3,0
3614,35221,3,1
3609,39275,1,0
3609,40706,4,0
3609,43352,5,0
3614,44632,4,0
3614,45007,6,0
3612,47766,2,0
3610,49235,2,0
3619,10749,6,0
3621,13176,1,0
3616,14233,4,0
3619,14947,2,0
3616,16797,6,0
3621,21137,2,0
3619,21709,3,0
3620,21709,1,1
3617,21903,3,0
3618,21903,4,1
3616,22935,1,0
3616,24852,5,0
3617,24852,1,1
3618,24852,2,1
3620,24852,2,1
3622,24852,3,1
3620,26209,4,0
3621,26209,4,1
3616,27104,2,0
3618,27845,1,0
3619,27845,1,1
3619,35221,4,0
3622,35221,1,1
3616,39275,3,0
3622,43352,4,0
3619,44632,5,0
3621,47209,3,0
3620,47626,3,0
3617,47766,2,0
3618,47766,3,1
3622,49683,2,0
3629,12341,5,0
3626,13176,2,0
3629,13176,1,1
3625,14233,2,0
3624,14947,1,0
3625,14947,3,1
3627,17794,4,0
3629,17794,4,1
3627,21137,1,0
3629,21137,2,1
3625,21288,5,0
3624,21709,2,0
3625,21709,1,1
3626,21903,3,0
3625,22825,4,0
3628,24964,2,0
3626,26209,1,0
3628,26209,3,1
3624,26620,4,0
3626,27966,6,0
3624,28204,5,0
3628,30489,4,0
3624,35221,3,0
3628,39275,1,0
3626,43154,4,0
3627,44632,2,0
3629,47209,3,0
3626,49235,5,0
3627,49683,3,0
3633,6184,5,0
3632,13176,2,0
3633,14233,1,0
3633,14947,2,0
3631,16797,4,0
3634,21137,5,0
3632,21288,1,0
3634,21288,4,1
3632,21709,3,0
3633,21709,3,1
3634,21709,1,1
3631,21903,3,0
3633,21903,6,1
3631,24852,1,0
3634,24852,3,1
3631,24964,6,0
3631,27845,7,0
3634,27845,6,1
3633,27966,4,0
3633,43154,7,0
3631,47209,5,0
3631,47766,2,0
3634,49235,2,0
3632,49683,4,0
3638,196,3,0
3639,5077,2,0
3640,5876,5,0
3637,6184,5,0
3641,6184,5,1
3638,8518,4,0
3641,13176,6,0
3637,14233,1,0
3642,14233,6,1
3637,14947,2,0
3640,14947,1,1
3641,14947,1,1
3636,16797,1,0
3642,16797,1,1
3643,16797,2,1
3642,21137,2,0
3636,21288,2,0
3637,21288,7,1
3644,21288,1,1
3637,21709,3,0
3638,21709,1,1
3639,21709,5,1
3640,21709,2,1
3641,21709,2,1
3636,21903,6,0
3643,21903,4,1
3636,24852,7,0
3639,24852,4,1
3640,24852,6,1
3644,24852,2,1
3641,26209,7,0
3644,26209,4,1
3641,26620,4,0
3639,27086,3,0
3636,27845,5,0
3639,27845,1,1
3642,27966,3,0
3638,30489,6,0
3640,35221,3,0
3641,35221,3,1
3643,37710,1,0
3636,39275,3,0
3637,39275,4,1
3642,39275,4,1
3642,40706,5,0
3643,43154,3,0
3636,43352,4,0
3640,44632,4,0
3638,45007,2,0
3636,46979,8,0
3644,47626,3,0
3638,47766,5,0
3642,47766,7,1
3637,49235,6,0
3649,5077,6,0
3651,10749,5,0
3651,12341,2,0
3647,13176,1,0
3650,13176,2,1
3653,13176,5,1
3649,14233,1,0
3650,16797,7,0
3651,16797,3,1
3652,16797,2,1
3647,21137,2,0
3648,21137,1,1
3650,21137,3,1
3654,21137,1,1
3652,21288,1,0
3653,21288,6,1
3646,21903,3,0
3646,22825,5,0
3649,22825,5,1
3653,22935,1,0
3654,22935,2,1
3649,24184,3,0
3646,24852,1,0
3648,24852,2,1
3653,24964,2,0
3654,24964,3,1
3648,26209,4,0
3647,26620,5,0
3649,27086,2,0
3650,27086,1,1
3647,27966,6,0
3651,28842,6,0
3648,30489,5,0
3651,30489,8,1
3646,34126,4,0
3652,35951,6,0
3650,39275,6,0
3652,39275,3,1
3651,39928,1,0
3652,43154,7,0
3654,43154,6,1
3647,43352,4,0
3652,43352,4,1
3653,43352,7,1
3649,45007,4,0
3653,45007,3,1
3654,45007,4,1
3651,46979,4,0
3646,47209,6,0
3647,47209,3,1
3650,47209,4,1
3652,47209,5,1
3648,47626,3,0
3650,47626,5,1
3646,47766,2,0
3648,47766,6,1
3654,49235,7,0
3651,49683,7,0
3653,49683,4,1
3654,49683,5,1
3657,13176,2,0
3658,14233,1,0
3659,14947,1,0
3656,21137,5,0
3657,21137,3,1
3659,21709,2,0
3660,21709,1,1
3656,21903,3,0
3658,22935,6,0
3656,24852,1,0
3660,24852,2,1
3661,24852,1,1
3658,26209,7,0
3660,26209,4,1
3661,26209,3,1
3659,26620,4,0
3657,27845,1,0
3658,27845,4,1
3660,27845,5,1
3658,28204,2,0
3658,28842,3,0
3659,31717,5,0
3659,35221,3,0
3656,39928,4,0
3661,39928,4,1
3657,43154,7,0
3657,45007,6,0
3657,46979,5,0
3657,47209,4,0
3660,47626,3,0
3661,47626,2,1
3656,47766,2,0
3658,49235,5,0
3663,5077,5,0
3665,5077,3,1
3663,13176,4,0
3664,13176,8,1
3667,14233,2,0
3664,14947,7,0
3666,16797,2,0
3663,17794,6,0
3664,18523,3,0
3665,21137,1,0
3667,21288,1,0
3664,21709,4,0
3667,24964,3,0
3663,26620,7,0
3665,27086,4,0
3666,27086,1,1
3665,27845,2,0
3664,27966,1,0
3664,28842,2,0
3666,35951,3,0
3663,39275,1,0
3664,39275,6,1
3665,39928,6,0
3663,45007,3,0
3664,47209,5,0
3665,47209,5,1
3666,47209,4,1
3663,47766,2,0
3674,196,3,0
3673,5077,5,0
3674,6184,2,0
3669,13176,7,0
3670,13176,5,1
3671,13176,6,1
3670,16797,1,0
3672,16797,2,1
3671,18523,2,0
3670,21137,2,0
3671,21137,1,1
3672,21137,1,1
3672,21288,3,0
3673,21903,3,0
3673,24852,1,0
3674,24852,5,1
3671,26620,3,0
3675,27104,2,0
3669,27845,4,0
3674,27845,1,1
3670,27966,3,0
3672,27966,6,1
3674,27966,6,1
3674,31717,7,0
3669,37710,3,0
3670,39275,4,0
3672,39275,4,1
3673,39275,4,1
3669,43154,6,0
3672,43352,5,0
3669,44632,5,0
3669,46979,1,0
3671,46979,4,1
3674,47209,4,0
3675,47209,1,1
3673,47626,6,0
3669,47766,2,0
3671,47766,5,1
3673,47766,2,1
3679,6184,5,0
3679,12341,4,0
3683,12341,4,1
3678,14947,1,0
3682,14947,1,1
3682,16797,7,0
3677,21137,6,0
3681,21288,8,0
3677,21709,5,0
3678,21709,2,1
3679,21709,1,1
3681,21709,6,1
3682,21709,2,1
3683,21709,1,1
3679,22935,3,0
3683,24852,3,0
3677,24964,1,0
3678,24964,5,1
3683,26209,2,0
3681,26620,4,0
3681,27104,1,0
3683,27104,5,1
3680,27845,3,0
3681,27845,5,1
3679,30489,2,0
3680,31717,2,0
3681,31717,2,1
3677,34126,7,0
3678,35221,3,0
3682,35221,3,1
3677,39275,3,0
3683,39275,6,1
3678,44632,4,0
3682,44632,4,1
3682,47209,5,0
3677,47626,4,0
3681,47626,3,1
3681,47766,7,0
3680,49235,1,0
3682,49235,6,1
3677,49683,2,0
3685,5077,6,0
3690,5077,3,1
3686,5876,7,0
3687,13176,2,0
3685,14947,5,0
3689,16797,1,0
3686,17794,6,0
3691,17794,4,1
3688,18523,1,0
3687,21137,3,0
3689,21137,2,1
3690,21288,1,0
3685,24184,7,0
3685,24852,1,0
3686,24852,5,1
3688,24852,3,1
3690,24852,7,1
3686,24964,3,0
3685,26209,3,0
3685,27086,4,0
3686,27086,2,1
3690,27086,4,1
3686,27845,1,0
3687,27845,1,1
3690,27845,2,1
3691,27845,1,1
3686,27966,10,0
3689,27966,3,1
3690,27966,6,1
3691,27966,2,1
3690,28204,5,0
3689,35221,6,0
3689,39275,4,0
3686,40706,4,0
3688,40706,2,1
3689,43154,5,0
3686,43352,9,0
3686,47209,8,0
3687,47209,4,1
3685,47626,2,0
3691,49235,3,0
3696,5077,2,0
3696,12341,5,0
3698,12341,5,1
3699,13176,1,0
3693,14947,4,0
3700,14947,1,1
3694,16797,2,0
3697,21137,4,0
3699,21137,2,1
3694,21288,3,0
3695,21288,1,1
3694,21709,1,0
3700,21709,2,1
3693,21903,1,0
3698,21903,3,1
3695,22935,2,0
3697,22935,1,1
3698,24852,1,0
3695,24964,3,0
3698,26209,4,0
3700,26620,4,0
3696,27086,3,0
3696,27845,1,0
3693,27966,2,0
3700,28204,5,0
3700,35221,3,0
3694,39275,4,0
3696,39275,4,1
3697,39928,5,0
3697,43154,6,0
3694,43352,5,0
3695,45007,4,0
3699,47209,3,0
3698,47626,6,0
3697,47766,2,0
3698,47766,2,1
3697,49235,3,0
3693,49683,3,0
3695,49683,5,1
3698,49683,7,1
3704,13176,7,0
3702,14947,4,0
3703,14947,3,1
3703,16797,6,0
3704,16797,5,1
3705,21137,1,0
3702,21288,7,0
3704,21288,2,1
3705,21288,2,1
3703,21709,2,0
3704,21709,1,1
3702,24852,1,0
3702,26209,3,0
3705,27086,6,0
3702,27845,5,0
3703,27845,1,1
3704,27845,3,1
3703,35221,4,0
3702,35951,6,0
3705,37710,4,0
3705,39275,5,0
3703,44632,5,0
3705,44632,3,1
3704,45007,4,0
3702,47626,2,0
3704,47766,6,0
3709,13176,1,0
3711,13176,1,1
3712,13176,8,1
3712,14947,2,0
3707,16797,6,0
3709,21137,2,0
3711,21137,2,1
3712,21137,1,1
3708,21288,2,0
3712,21709,3,0
3710,21903,3,0
3707,22935,1,0
3710,24852,1,0
3707,24964,2,0
3712,26620,5,0
3707,28204,5,0
3712,28204,7,1
3712,35221,4,0
3707,39275,8,0
3712,40706,9,0
3707,44632,7,0
3707,45007,3,0
3709,47209,3,0
3711,47209,3,1
3708,47626,1,0
3710,47766,2,0
3707,49683,4,0
3712,49683,6,1
3714,12341,1,0
3715,12341,4,1
3714,14233,6,0
3716,16797,4,0
3717,16797,2,1
3714,18523,7,0
3714,21137,4,0
3717,21137,3,1
3715,21288,2,0
3717,21288,1,1
3714,24184,3,0
3716,24852,1,0
3716,26209,3,0
3716,26620,5,0
3717,26620,6,1
3717,27966,4,0
3714,30489,8,0
3714,35221,5,0
3714,39275,2,0
3717,39275,5,1
3715,46979,1,0
3716,47626,2,0
3715,49235,3,0
3723,5077,2,0
3720,6184,7,0
3719,13176,6,0
3720,13176,6,1
3720,14233,4,0
3719,14947,1,0
3720,14947,8,1
3721,14947,2,1
3720,21137,1,0
3720,21288,3,0
3719,21709,2,0
3720,21709,2,1
3721,21709,1,1
3722,21709,1,1
3721,21903,5,0
3722,21903,4,1
3719,22825,5,0
3722,24852,2,0
3721,26620,4,0
3723,27086,3,0
3723,27845,1,0
3719,35221,3,0
3721,35221,3,1
3721,39928,6,0
3719,44632,4,0
3720,47766,5,0
3722,47766,3,1
3728,5077,2,0
3725,5876,5,0
3729,5876,5,1
3731,10749,7,0
3728,12341,5,0
3729,13176,2,0
3725,14947,4,0
3726,14947,1,1
3732,14947,1,1
3731,16797,2,0
3733,16797,1,1
3726,21137,3,0
3729,21137,3,1
3730,21137,2,1
3731,21137,3,1
3732,21137,5,1
3733,21288,2,0
3727,21709,1,0
3732,21709,2,1
3727,21903,4,0
3730,21903,5,1
3725,22935,6,0
3726,22935,5,1
3727,24852,2,0
3729,24852,6,1
3730,24852,3,1
3732,24852,7,1
3725,26620,2,0
3728,27086,3,0
3729,27086,1,1
3728,27104,4,0
3728,27845,1,0
3730,27845,1,1
3731,27845,1,1
3731,27966,4,0
3727,28204,6,0
3725,28842,7,0
3731,30489,8,0
3726,34126,4,0
3732,35221,3,0
3731,37710,9,0
3731,39275,5,0
3732,39275,6,1
3733,39275,3,1
3733,43154,7,0
3733,43352,4,0
3725,44632,1,0
3732,44632,4,1
3727,45007,5,0
3729,47209,4,0
3726,47626,2,0
3730,47626,6,1
3733,47626,8,1
3725,47766,3,0
3727,47766,3,1
3729,47766,8,1
3730,47766,4,1
3731,47766,6,1
3733,47766,6,1
3733,49235,5,0
3729,49683,7,0
3736,6184,5,0
3737,14947,1,0
3737,21709,2,0
3737,22935,5,0
3736,24852,1,0
3736,26209,3,0
3737,26620,4,0
3736,27086,4,0
3735,27845,1,0
3735,28204,3,0
3737,35221,3,0
3735,39928,6,0
3735,44632,5,0
3735,47209,2,0
3736,47626,2,0
3735,49683,4,0
3741,196,2,0
3740,8518,1,0
3739,10749,5,0
3741,14233,3,0
3740,14947,3,0
3739,16797,2,0
3739,21288,3,0
3739,26209,1,0
3739,31717,4,0
3741,39928,4,0
3741,45007,1,0
3740,49683,2,0
3744,13176,2,0
3745,13176,2,1
3746,13176,7,1
3743,14233,5,0
3743,16797,3,0
3744,21137,3,0
3745,21137,1,1
3746,21137,1,1
3744,21288,1,0
3745,21288,5,1
3743,22935,4,0
3745,22935,6,1
3746,24852,3,0
3743,24964,1,0
3746,24964,2,1
3744,26209,8,0
3746,27086,5,0
3745,27104,4,0
3745,28204,7,0
3746,35951,4,0
3743,37710,2,0
3746,37710,6,1
3744,39275,5,0
3744,40706,7,0
3744,45007,6,0
3744,47209,4,0
3745,47209,3,1
3751,12341,4,0
3748,14947,6,0
3748,21137,4,0
3749,21137,5,1
3749,21709,1,0
3748,21903,3,0
3750,21903,4,1
3748,24852,1,0
3749,24852,4,1
3750,24852,2,1
3751,24964,6,0
3748,27845,5,0
3750,27845,1,1
3751,27845,1,1
3748,43352,7,0
3751,43352,3,1
3751,44632,2,0
3749,45007,3,0
3751,45007,5,1
3749,47626,2,0
3748,47766,2,0
3750,47766,3,1
3754,196,1,0
3755,4605,5,0
3757,5077,3,0
3755,13176,1,0
3753,14947,1,0
3756,14947,2,1
3755,21137,2,0
3753,21709,2,0
3756,21709,3,1
3757,21709,1,1
3753,26620,4,0
3754,27086,6,0
3757,27086,4,1
3755,27104,4,0
3754,27845,4,0
3757,27845,2,1
3754,28204,5,0
3753,35221,3,0
3754,39275,2,0
3754,44632,3,0
3754,45007,7,0
3756,46979,1,0
3755,47209,3,0
3765,5876,4,0
3764,6184,5,0
3759,8518,7,0
3766,8518,3,1
3766,10749,4,0
3761,13176,1,0
3765,13176,6,1
3763,14233,2,0
3765,14233,2,1
3763,14947,3,0
3764,14947,2,1
3766,14947,2,1
3759,16797,1,0
3765,16797,7,1
3759,18523,8,0
3761,21137,2,0
3762,21137,1,1
3759,21288,2,0
3764,21288,6,1
3763,21709,4,0
3764,21709,1,1
3765,21709,1,1
3760,21903,3,0
3762,21903,4,1
3765,24184,8,0
3760,24852,1,0
3762,24852,2,1
3763,27845,1,0
3765,27845,5,1
3766,28204,5,0
3764,35221,3,0
3766,35221,1,1
3759,39275,3,0
3759,43352,4,0
3764,44632,4,0
3759,47209,5,0
3761,47209,3,1
3762,47209,5,1
3765,47209,3,1
3759,47766,6,0
3760,47766,2,1
3761,47766,4,1
3762,47766,3,1
3769,196,2,0
3773,8518,2,0
3768,16797,1,0
3772,16797,4,1
3768,17794,7,0
3772,21137,2,0
3768,21288,2,0
3773,21288,1,1
3770,21903,3,0
3771,21903,4,1
3770,24852,1,0
3771,24852,2,1
3768,24964,5,0
3773,27086,3,0
3771,27845,1,0
3772,27845,1,1
3768,39275,3,0
3768,43352,4,0
3769,44632,1,0
3772,44632,3,1
3768,47766,6,0
3770,47766,2,1
3771,47766,3,1
3773,47766,4,1
3769,49235,3,0
3769,49683,4,0
3776,196,1,0
3776,6184,8,0
3777,13176,4,0
3778,14947,3,0
3778,21137,2,0
3779,21137,6,1
3776,21288,4,0
3776,21709,3,0
3778,21709,4,1
3775,21903,3,0
3777,21903,3,1
3778,22825,7,0
3779,22935,1,0
3775,24852,1,0
3777,24852,1,1
3779,24964,2,0
3778,27845,1,0
3779,28842,5,0
3776,35221,7,0
3777,35221,5,1
3778,35221,5,1
3776,43154,5,0
3776,43352,6,0
3778,44632,6,0
3779,45007,3,0
3776,47626,2,0
3775,47766,2,0
3777,47766,2,1
3779,49683,4,0
3781,5077,2,0
3782,5077,2,1
3781,6184,3,0
3787,6184,7,1
3787,8518,6,0
3782,10749,5,0
3781,12341,4,0
3783,13176,8,0
3785,13176,2,1
3787,13176,2,1
3782,14233,4,0
3785,14233,8,1
3786,14947,2,0
3784,21137,1,0
3785,21137,3,1
3787,21137,3,1
3784,21288,5,0
3787,21709,1,0
3784,21903,4,0
3785,21903,6,1
3783,22935,2,0
3786,22935,3,1
3784,24852,2,0
3783,24964,3,0
3783,26620,9,0
3786,26620,5,1
3787,26620,5,1
3782,27086,3,0
3783,27086,1,1
3781,27845,1,0
3782,27845,1,1
3785,27845,1,1
3782,28204,7,0
3782,35221,6,0
3783,43352,7,0
3783,45007,4,0
3783,47209,6,0
3785,47209,4,1
3786,47209,4,1
3787,47209,4,1
3784,47766,3,0
3786,47766,1,1
3785,49235,5,0
3783,49683,5,0
3785,49683,7,1
3789,196,1,0
3789,4605,2,0
3795,5876,5,0
3792,12341,6,0
3791,13176,1,0
3792,13176,5,1
3794,14233,6,0
3795,14947,1,0
3790,16797,2,0
3792,16797,1,1
3794,18523,5,0
3791,21137,2,0
3792,21137,2,1
3793,21137,5,1
3795,21709,2,0
3795,22825,7,0
3793,22935,1,0
3794,22935,1,1
3793,24964,2,0
3794,24964,2,1
3789,27086,5,0
3791,27966,4,0
3792,27966,3,1
3791,28204,5,0
3795,30489,6,0
3793,35221,6,0
3795,35221,3,1
3789,35951,4,0
3793,37710,7,0
3792,39275,4,0
3789,39928,3,0
3790,43154,3,0
3795,44632,4,0
3793,45007,3,0
3794,45007,3,1
3791,47209,3,0
3790,47766,1,0
3793,49235,8,0
3793,49683,4,0
3794,49683,4,1
3802,4605,8,0
3798,10749,3,0
3798,12341,6,0
3801,12341,3,1
3798,13176,2,0
3803,14947,1,0
3801,16797,4,0
3802,16797,1,1
3802,21137,2,0
3799,21288,7,0
3803,21709,2,0
3798,21903,7,0
3799,21903,3,1
3801,22935,2,0
3803,22935,7,1
3797,24852,1,0
3799,24852,1,1
3800,24852,4,1
3797,26209,3,0
3799,26209,4,1
3800,26620,8,0
3802,26620,6,1
3797,27086,4,0
3799,27845,5,0
3800,27845,1,1
3801,27845,1,1
3802,27845,7,1
3802,27966,3,0
3798,28204,1,0
3803,30489,6,0
3798,35221,5,0
3803,35221,3,1
3798,35951,4,0
3800,35951,3,1
3802,39275,4,0
3800,39928,5,0
3800,40706,2,0
3800,43154,6,0
3802,43154,5,1
3803,44632,4,0
3797,47626,2,0
3800,47626,7,1
3799,47766,2,0
3803,47766,5,1
3799,49235,6,0
3800,49235,9,1
3808,5077,3,0
3807,14947,1,0
3809,14947,2,1
3807,16797,7,0
3808,16797,5,1
3807,21709,2,0
3808,21709,1,1
3809,21709,3,1
3805,21903,3,0
3808,21903,6,1
3806,22935,3,0
3809,22935,7,1
3805,24852,1,0
3806,24964,6,0
3808,27086,4,0
3809,27086,1,1
3806,27845,1,0
3808,27845,2,1
3806,27966,7,0
3807,28842,5,0
3809,30489,6,0
3807,35221,3,0
3809,35221,4,1
3806,35951,5,0
3806,39275,4,0
3807,44632,4,0
3809,44632,5,1
3806,47209,2,0
3807,47209,6,1
3805,47766,2,0
3807,49235,8,0
3814,196,4,0
3815,196,5,1
3812,4605,5,0
3815,5077,2,0
3816,5077,2,1
3814,5876,7,0
3819,5876,8,1
3815,6184,4,0
3812,8518,6,0
3812,10749,4,0
3817,12341,5,0
3813,13176,1,0
3818,13176,2,1
3819,16797,1,0
3813,21137,2,0
3818,21137,3,1
3819,21137,6,1
3819,21288,2,0
3812,21709,1,0
3811,21903,3,0
3812,21903,3,1
3817,21903,4,1
3814,22935,2,0
3819,22935,7,1
3811,24852,1,0
3817,24852,2,1
3814,26620,1,0
3815,27086,3,0
3816,27086,3,1
3817,27086,1,1
3815,27845,1,0
3816,27845,1,1
3818,27845,1,1
3814,27966,6,0
3819,31717,5,0
3816,34126,4,0
3816,35221,5,0
3812,35951,2,0
3814,39275,5,0
3819,39275,3,1
3814,43154,3,0
3819,43352,4,0
3812,45007,7,0
3813,47209,3,0
3818,47209,4,1
3811,47766,2,0
3817,47766,3,1
3816,49683,6,0
3822,14233,4,0
3823,14947,1,0
3823,16797,5,0
3822,21137,2,0
3823,21709,2,0
3824,21709,1,1
3821,21903,3,0
3821,24852,1,0
3822,24852,3,1
3824,24852,2,1
3824,26209,4,0
3823,26620,4,0
3822,27086,1,0
3823,35221,3,0
3824,47626,3,0
3821,47766,2,0
3828,196,7,0
3826,5876,2,0
3828,5876,8,1
3826,12341,8,0
3826,13176,7,0
3827,13176,6,1
3827,16797,2,0
3826,21137,4,0
3827,21137,1,1
3828,21137,1,1
3827,21288,3,0
3828,21288,2,1
3827,22935,7,0
3828,22935,4,1
3826,24852,5,0
3828,26620,9,0
3826,27966,6,0
3828,30489,10,0
3826,31717,1,0
3828,35951,5,0
3827,39275,4,0
3828,39928,3,0
3827,43352,5,0
3828,44632,6,0
3826,49235,3,0
3830,5077,4,0
3831,5077,3,1
3831,5876,5,0
3832,8518,5,0
3831,13176,9,0
3830,14233,1,0
3831,14233,4,1
3830,14947,2,0
3832,14947,1,1
3834,16797,2,0
3831,21137,7,0
3834,21288,3,0
3830,21709,3,0
3831,21709,1,1
3832,21709,2,1
3833,21709,1,1
3830,24852,5,0
3833,24852,2,1
3830,26620,7,0
3831,27086,2,0
3834,27845,1,0
3830,28204,6,0
3832,34126,6,0
3832,35221,3,0
3833,39275,3,0
3834,39275,4,1
3831,43154,8,0
3834,43352,5,0
3832,44632,4,0
3831,45007,6,0
3833,47626,4,0
3837,196,5,0
3837,5077,6,0
3837,12341,2,0
3838,12341,6,1
3838,13176,1,0
3837,16797,1,0
3838,21137,2,0
3836,22935,1,0
3837,22935,4,1
3836,24964,2,0
3838,34126,7,0
3837,39275,7,0
3838,39275,4,1
3838,43154,5,0
3837,43352,3,0
3836,45007,3,0
3838,47209,3,0
3836,49683,4,0
3841,196,1,0
3842,8518,6,0
3844,13176,3,0
3843,14947,5,0
3842,16797,2,0
3843,16797,1,1
3844,18523,5,0
3843,21288,2,0
3844,21288,2,1
3844,21709,1,0
3844,21903,6,0
3841,22935,4,0
3840,24184,3,0
3844,24964,7,0
3841,26209,3,0
3840,28842,2,0
3842,30489,5,0
3840,35221,4,0
3840,37710,6,0
3842,37710,7,1
3841,39275,2,0
3843,39275,3,1
3842,43154,4,0
3843,43352,4,0
3842,44632,3,0
3840,45007,1,0
3842,45007,1,1
3840,46979,5,0
3844,47626,4,0
3852,4605,3,0
3847,5876,4,0
3852,5876,4,1
3851,12341,3,0
3846,13176,1,0
3854,13176,1,1
3848,14947,2,0
3849,14947,2,1
3846,16797,5,0
3847,16797,6,1
3851,16797,4,1
3847,21137,1,0
3853,21137,5,1
3854,21137,2,1
3847,21288,2,0
3848,21288,1,1
3848,21709,3,0
3849,21709,1,1
3850,21709,1,1
3852,21903,2,0
3853,21903,3,1
3851,24852,2,0
3853,24852,1,1
3846,24964,2,0
3853,24964,4,1
3851,26209,5,0
3846,26620,3,0
3852,27845,1,0
3849,28204,7,0
3851,28204,6,1
3847,31717,3,0
3849,34126,5,0
3850,34126,2,1
3848,35221,4,0
3849,35221,3,1
3851,40706,7,0
3848,44632,5,0
3849,44632,4,1
3846,45007,4,0
3853,45007,6,1
3849,46979,6,0
3846,47209,6,0
3854,47209,3,1
3847,47626,5,0
3850,47626,3,1
3853,47766,2,0
3851,49683,1,0
3854,49683,4,1
3856,4605,7,0
3860,5876,5,0
3859,13176,1,0
3858,14233,6,0
3861,14233,1,1
3860,16797,1,0
3859,21137,2,0
3860,21137,2,1
3857,21288,1,0
3858,21903,3,0
3859,21903,4,1
3857,22935,4,0
3856,24852,1,0
3858,24852,1,1
3856,26209,3,0
3858,26209,5,1
3856,27086,5,0
3860,27966,3,0
3856,28842,4,0
3857,30489,2,0
3861,34126,2,0
3856,39275,6,0
3860,39275,4,1
3858,43352,4,0
3857,44632,3,0
3861,44632,3,1
3859,45007,5,0
3859,47209,3,0
3856,47626,2,0
3861,47626,4,1
3858,47766,2,0
3871,196,7,0
3867,6184,8,0
3870,6184,5,1
3865,14233,3,0
3863,14947,1,0
3869,14947,2,1
3865,16797,5,0
3868,16797,6,1
3870,16797,3,1
3868,17794,5,0
3869,18523,6,0
3866,21288,5,0
3863,21709,2,0
3867,21709,5,1
3869,21709,3,1
3871,21709,4,1
3864,21903,5,0
3866,21903,4,1
3871,21903,3,1
3867,22935,1,0
3869,22935,7,1
3864,24852,1,0
3865,24852,6,1
3866,24852,2,1
3868,24852,3,1
3871,24852,1,1
3867,24964,2,0
3864,26209,3,0
3865,26620,1,0
3871,26620,5,1
3864,27086,4,0
3869,27104,8,0
3870,27104,4,1
3866,27845,1,0
3869,27845,1,1
3865,27966,4,0
3871,27966,6,1
3865,28204,2,0
3863,35221,3,0
3867,35221,7,1
3868,35221,1,1
3869,35221,4,1
3868,37710,4,0
3863,39928,5,0
3863,44632,4,0
3868,44632,2,1
3869,44632,5,1
3867,45007,3,0
3864,47626,2,0
3870,47626,2,1
3866,47766,3,0
3871,47766,2,1
3867,49235,6,0
3867,49683,4,0
3870,49683,1,1
3875,196,3,0
3876,196,1,1
3875,4605,8,0
3879,5876,1,0
3881,12341,4,0
3878,13176,6,0
3881,13176,1,1
3874,14947,4,0
3876,14947,5,1
3877,14947,1,1
3874,16797,3,0
3879,17794,5,0
3880,18523,1,0
3879,21137,6,0
3881,21137,2,1
3874,21288,6,0
3875,21709,1,0
3877,21709,2,1
3878,21709,1,1
3879,21709,2,1
3879,22825,7,0
3873,22935,1,0
3873,24852,5,0
3878,24852,2,1
3879,24852,4,1
3873,24964,2,0
3874,24964,2,1
3875,24964,6,1
3878,26209,4,0
3876,26620,6,0
3877,26620,5,1
3880,27086,2,0
3875,27966,2,0
3878,27966,5,1
3874,30489,5,0
3880,30489,3,1
3875,35221,5,0
3877,35221,3,1
3876,39275,2,0
3879,39275,3,1
3876,39928,4,0
3876,40706,3,0
3875,44632,7,0
3877,44632,4,1
3878,44632,7,1
3873,45007,3,0
3874,45007,1,1
3880,47209,4,0
3881,47209,3,1
3875,47626,4,0
3878,47626,3,1
3879,47626,8,1
3877,47766,6,0
3873,49683,4,0
3887,4605,2,0
3889,4605,6,1
3884,5077,3,0
3886,6184,1,0
3883,13176,1,0
3889,16797,1,0
3883,21137,2,0
3884,21137,1,1
3888,21137,2,1
3889,21137,2,1
3885,21709,3,0
3883,21903,7,0
3885,21903,2,1
3884,27086,4,0
3883,27845,6,0
3884,27845,2,1
3888,27966,1,0
3889,27966,3,1
3886,28204,2,0
3889,34126,7,0
3883,35221,4,0
3885,35951,1,0
3888,37710,4,0
3885,39275,6,0
3888,39275,3,1
3889,39275,4,1
3883,45007,5,0
3883,47209,3,0
3884,47209,5,1
3885,47209,4,1
3885,47626,7,0
3889,47626,5,1
3889,47766,8,0
3885,49235,5,0
3887,49235,1,1
3892,196,5,0
3894,5876,8,0
3891,6184,7,0
3892,12341,8,0
3892,13176,3,0
3891,14233,6,0
3893,21137,1,0
3893,21288,4,0
3891,21903,3,0
3891,24852,1,0
3893,24852,2,1
3894,24852,2,1
3894,26209,4,0
3892,27845,1,0
3894,27845,1,1
3894,27966,5,0
3891,31717,4,0
3892,34126,4,0
3894,34126,7,1
3891,35221,5,0
3892,39275,6,0
3894,39275,6,1
3893,39928,3,0
3892,47209,7,0
3894,47626,3,0
3891,47766,2,0
3892,49683,2,0
3902,196,1,0
3899,10749,3,0
3897,13176,4,0
3899,13176,1,1
3900,13176,5,1
3896,16797,1,0
3897,21137,2,0
3899,21137,2,1
3901,21137,4,1
3896,21288,2,0
3897,21288,1,1
3901,21903,2,0
3900,24852,1,0
3897,24964,3,0
3900,26209,3,0
3902,26209,3,1
3898,26620,1,0
3901,27104,3,0
3901,27845,1,0
3897,28204,6,0
3900,31717,4,0
3898,35951,2,0
3896,39275,3,0
3897,39275,7,1
3896,43352,4,0
3900,47626,2,0
3897,47766,5,0
3902,49235,2,0
3905,4605,6,0
3912,4605,2,1
3907,5876,4,0
3911,5876,4,1
3912,8518,3,0
3906,10749,2,0
3905,12341,5,0
3909,13176,5,0
3908,14947,1,0
3909,14947,1,1
3911,14947,5,1
3912,16797,1,0
3911,21137,3,0
3912,21137,4,1
3909,21709,2,0
3910,21709,1,1
3904,21903,3,0
3905,21903,3,1
3904,24852,1,0
3907,24852,1,1
3910,24852,2,1
3908,24964,4,0
3910,24964,6,1
3904,26209,5,0
3906,26209,1,1
3907,26209,3,1
3910,26209,4,1
3905,27845,1,0
3908,27845,2,1
3911,27845,1,1
3908,27966,3,0
3906,28204,4,0
3905,28842,2,0
3909,35221,3,0
3907,39275,5,0
3906,44632,3,0
3908,44632,5,1
3909,44632,4,1
3911,44632,2,1
3908,45007,7,0
3910,47209,5,0
3907,47626,2,0
3910,47626,3,1
3904,47766,2,0
3904,49235,4,0
3905,49683,4,0
3908,49683,6,1
3916,196,7,0
3916,5876,4,0
3914,6184,5,0
3916,6184,5,1
3915,13176,1,0
3914,14947,3,0
3915,21137,2,0
3916,21137,3,1
3916,21709,6,0
3914,21903,2,0
3914,28842,1,0
3916,35221,2,0
3915,40706,4,0
3915,47209,3,0
3916,47766,1,0
3914,49683,4,0
3918,14947,1,0
3919,14947,1,1
3921,16797,1,0
3919,21137,5,0
3921,21137,2,1
3918,21709,2,0
3919,21709,2,1
3920,21709,1,1
3920,21903,5,0
3920,24964,4,0
3920,27966,2,0
3921,27966,3,1
3918,35221,3,0
3919,35221,3,1
3921,39275,4,0
3920,39928,3,0
3921,40706,5,0
3918,44632,4,0
3919,44632,4,1
3925,5077,2,0
3927,5077,2,1
3923,13176,1,0
3926,14233,1,0
3924,14947,2,0
3926,14947,2,1
3929,14947,2,1
3928,16797,2,0
3925,18523,5,0
3923,21137,2,0
3924,21137,1,1
3928,21288,3,0
3929,21288,1,1
3924,21709,3,0
3926,21709,3,1
3929,21709,3,1
3928,26209,8,0
3924,26620,5,0
3925,26620,6,1
3925,27086,3,0
3927,27086,3,1
3928,27086,1,1
3925,27845,1,0
3927,27845,1,1
3924,27966,8,0
3925,27966,4,1
3924,35221,4,0
3929,35221,4,1
3928,35951,6,0
3924,37710,6,0
3928,39275,4,0
3927,39928,5,0
3927,43352,6,0
3928,43352,5,1
3929,44632,5,0
3929,45007,6,0
3923,47209,3,0
3924,47209,7,1
3928,47626,7,0
3927,49683,4,0
3935,4605,6,0
3935,5077,2,0
3938,5077,6,1
3937,5876,3,0
3935,8518,4,0
3938,12341,2,0
3938,13176,3,0
3933,14233,1,0
3938,14233,4,1
3931,14947,1,0
3933,14947,2,1
3936,16797,3,0
3936,17794,4,0
3932,21137,4,0
3933,21137,6,1
3932,21288,6,0
3931,21709,2,0
3932,21709,1,1
3933,21709,3,1
3931,21903,5,0
3934,21903,3,1
3939,21903,3,1
3937,22935,2,0
3938,22935,1,1
3939,22935,5,1
3934,24852,1,0
3938,24852,5,1
3939,24852,1,1
3934,24964,6,0
3935,24964,7,1
3931,26620,4,0
3933,26620,5,1
3935,27086,3,0
3936,27086,1,1
3937,27086,4,1
3932,27845,7,0
3935,27845,1,1
3939,27845,4,1
3933,28204,4,0
3939,28204,6,1
3932,28842,3,0
3931,30489,6,0
3931,35221,3,0
3932,35951,2,0
3931,39275,7,0
3932,39275,5,1
3934,39275,5,1
3935,39928,5,0
3936,43352,2,0
3934,47766,2,0
3939,47766,2,1
3934,49235,4,0
3936,49683,5,0
3937,49683,1,1
3941,5077,2,0
3942,5876,7,0
3942,12341,8,0
3941,14233,7,0
3941,14947,5,0
3941,16797,4,0
3941,21137,6,0
3943,21288,2,0
3942,22825,5,0
3943,22935,3,0
3942,24852,2,0
3942,26209,4,0
3941,27086,3,0
3942,27086,1,1
3941,27845,1,0
3943,27966,1,0
3943,39275,4,0
3942,43154,6,0
3942,47626,3,0
3950,5077,5,0
3948,5876,5,0
3950,13176,2,0
3945,14947,1,0
3947,14947,1,1
3946,21137,5,0
3950,21137,3,1
3948,21288,4,0
3949,21288,4,1
3945,21709,2,0
3946,21709,1,1
3947,21709,2,1
3949,21903,3,0
3949,24852,1,0
3948,24964,1,0
3947,26209,6,0
3945,26620,4,0
3948,27845,3,0
3950,27845,1,1
3946,27966,2,0
3947,31717,5,0
3945,35221,3,0
3947,35221,3,1
3948,40706,2,0
3949,43154,5,0
3947,44632,4,0
3946,45007,4,0
3950,47209,4,0
3946,47766,3,0
3949,47766,2,1
3950,49683,6,0
3953,5077,2,0
3954,13176,5,0
3953,21137,5,0
3952,21903,3,0
3952,24852,1,0
3954,26209,4,0
3953,27086,3,0
3954,27086,1,1
3953,27845,1,0
3953,35951,4,0
3954,43352,3,0
3954,45007,7,0
3954,47209,2,0
3952,47766,2,0
3954,47766,6,1
3961,4605,1,0
3957,5077,3,0
3962,5077,1,1
3958,12341,7,0
3962,12341,2,1
3956,14947,1,0
3959,18523,6,0
3956,21709,2,0
3957,21709,1,1
3962,21709,3,1
3958,21903,5,0
3960,21903,3,1
3961,21903,3,1
3963,21903,2,1
3958,22825,2,0
3960,24852,1,0
3963,24852,3,1
3958,24964,3,0
3961,24964,7,1
3959,26209,5,0
3956,26620,4,0
3957,27086,4,0
3958,27086,1,1
3957,27845,2,0
3960,28204,4,0
3961,28204,4,1
3958,28842,4,0
3956,35221,3,0
3963,35221,5,1
3959,37710,8,0
3961,37710,6,1
3963,39275,4,0
3959,40706,2,0
3959,43154,3,0
3959,46979,4,0
3961,46979,2,1
3958,47209,6,0
3959,47766,1,0
3960,47766,2,1
3961,47766,5,1
3963,49235,1,0
3959,49683,7,0
3967,5077,2,0
3966,10749,5,0
3967,14233,6,0
3969,14947,7,0
3971,14947,1,1
3966,16797,1,0
3968,16797,3,1
3969,16797,2,1
3969,18523,8,0
3969,21137,3,0
3966,21288,2,0
3967,21709,5,0
3971,21709,2,1
3968,21903,7,0
3965,24852,1,0
3968,24852,2,1
3969,24852,6,1
3965,26209,3,0
3967,27086,3,0
3968,27086,1,1
3967,27845,1,0
3968,27845,6,1
3969,27845,1,1
3969,27966,4,0
3967,28204,7,0
3971,35221,3,0
3965,39275,4,0
3966,39275,3,1
3969,39275,5,1
3967,43154,4,0
3966,43352,4,0
3968,43352,5,1
3971,44632,4,0
3970,45007,2,0
3968,46979,4,0
3970,46979,1,1
3965,47626,2,0
3971,47766,5,0
3974,5077,5,0
3974,6184,7,0
3975,6184,2,1
3974,17794,2,0
3975,21288,6,0
3975,22825,7,0
3973,24852,5,0
3975,26209,4,0
3974,26620,6,0
3975,26620,3,1
3974,27086,4,0
3975,27104,8,0
3974,27845,1,0
3974,30489,3,0
3973,35951,2,0
3973,37710,4,0
3973,40706,3,0
3973,47209,1,0
3975,47209,1,1
3973,49683,6,0
3975,49683,5,1
3977,13176,1,0
3978,14233,3,0
3977,14947,5,0
3979,14947,1,1
3977,21137,2,0
3978,21137,1,1
3977,21288,6,0
3978,21709,2,0
3979,21709,2,1
3979,21903,5,0
3978,22935,4,0
3979,26620,4,0
3978,28204,5,0
3977,31717,4,0
3979,35221,3,0
3977,47209,3,0
3978,47626,6,0
3985,5077,1,0
3986,5077,3,1
3983,5876,2,0
3986,14233,4,0
3984,14947,1,0
3982,16797,1,0
3985,16797,3,1
3988,18523,4,0
3985,21137,6,0
3987,21137,1,1
3982,21288,2,0
3984,21709,2,0
3982,21903,5,0
3983,21903,1,1
3981,22935,1,0
3985,24852,2,0
3981,24964,2,0
3984,26209,6,0
3986,27086,2,0
3986,27845,1,0
3988,27845,3,1
3985,28204,4,0
3987,28204,2,1
3984,35221,3,0
3982,39275,3,0
3988,40706,1,0
3982,43352,4,0
3988,43352,2,1
3984,44632,4,0
3981,45007,3,0
3986,45007,5,1
3983,46979,3,0
3984,47209,5,0
3986,47209,6,1
3985,47626,5,0
3988,47626,5,1
3981,49683,4,0
3988,49683,6,1
3990,196,5,0
3990,5077,6,0
3991,5077,4,1
3990,14947,1,0
3991,14947,5,1
3990,21288,7,0
3990,21709,2,0
3991,21709,1,1
3992,21709,1,1
3990,26620,4,0
3991,27086,2,0
3991,27845,3,0
3990,35221,3,0
3992,35951,2,0
3990,46979,8,0
3992,47209,3,0
3995,196,4,0
3996,5077,3,0
3999,5077,2,1
3997,6184,5,0
3997,10749,2,0
3998,10749,4,1
3995,14233,1,0
3995,14947,2,0
3998,14947,5,1
3994,16797,1,0
3994,21137,2,0
3998,21288,6,0
3995,21709,3,0
3996,21709,1,1
3998,22935,7,0
3998,24852,8,0
3998,24964,1,0
3995,26620,7,0
3996,27086,4,0
3997,27086,1,1
3998,27086,2,1
3999,27086,3,1
3996,27845,2,0
3999,27845,1,1
3994,27966,3,0
3994,28204,6,0
3997,28204,7,1
3995,37710,6,0
3994,39275,4,0
3997,43154,3,0
3995,45007,5,0
3997,47209,4,0
3998,47626,3,0
3994,47766,5,0
3997,49683,6,0
4007,196,6,0
4005,4605,6,0
4004,5077,2,0
4001,5876,7,0
4006,5876,2,1
4005,10749,7,0
4002,12341,5,0
4003,13176,6,0
4007,13176,4,1
4004,14947,4,0
4006,18523,1,0
4007,21137,5,0
4001,21288,4,0
4005,21288,2,1
4003,21709,4,0
4001,21903,3,0
4002,22935,1,0
4008,24852,1,0
4002,24964,2,0
4006,24964,3,1
4005,26209,5,0
4008,26209,3,1
4001,26620,6,0
4004,27086,3,0
4008,27086,4,1
4001,27845,1,0
4004,27845,1,1
4003,28842,5,0
4005,31717,3,0
4006,31717,6,1
4003,39275,3,0
4007,39275,7,1
4007,39928,3,0
4006,40706,5,0
4007,43352,2,0
4002,45007,3,0
4006,45007,4,1
4001,47209,2,0
4005,47209,4,1
4001,47626,5,0
4003,47626,2,1
4008,47626,2,1
4003,47766,1,0
4005,47766,1,1
4007,47766,1,1
4002,49683,4,0
4013,6184,5,0
4013,10749,4,0
4010,13176,1,0
4013,13176,1,1
4011,16797,1,0
4010,21137,2,0
4011,21137,2,1
4010,21288,5,0
4012,21288,1,1
4012,22825,2,0
4012,24964,3,0
4012,27086,5,0
4012,27845,4,0
4013,27845,3,1
4011,27966,3,0
4013,30489,6,0
4010,31717,4,0
4011,39275,4,0
4013,46979,2,0
4010,47209,3,0
4012,47209,6,1
4018,5077,2,0
4021,6184,6,0
4018,8518,4,0
4019,8518,7,1
4016,14947,1,0
4021,14947,2,1
4019,21288,5,0
4016,21709,2,0
4017,21709,1,1
4020,21709,4,1
4021,21709,3,1
4015,21903,3,0
4017,22825,3,0
4017,22935,2,0
4019,22935,6,1
4015,24852,1,0
4020,24852,6,1
4015,24964,4,0
4021,24964,7,1
4017,26209,4,0
4018,26209,5,1
4021,26620,5,0
4018,27086,3,0
4019,27086,1,1
4018,27845,1,0
4019,27845,8,1
4020,27845,3,1
4021,27845,1,1
4020,28204,5,0
4019,28842,3,0
4016,35221,3,0
4021,35221,4,1
4019,39275,2,0
4020,39928,2,0
4016,44632,4,0
4019,45007,4,0
4015,47209,5,0
4016,47209,5,1
4020,47209,7,1
4015,47766,2,0
4020,49235,1,0
4026,4605,5,0
4026,5876,6,0
4026,14947,1,0
4028,14947,1,1
4024,16797,1,0
4027,16797,1,1
4028,16797,6,1
4029,16797,2,1
4027,18523,8,0
4029,21137,3,0
4024,21288,2,0
4027,21288,2,1
4026,21709,2,0
4028,21709,2,1
4029,21709,1,1
4025,22935,1,0
4023,24852,1,0
4025,24964,2,0
4023,26209,3,0
4028,26209,7,1
4027,27845,7,0
4029,27966,4,0
4027,28204,6,0
4028,31717,5,0
4027,34126,5,0
4026,35221,3,0
4028,35221,3,1
4024,39275,3,0
4027,39275,3,1
4029,39275,5,1
4024,43352,4,0
4027,43352,4,1
4026,44632,4,0
4028,44632,4,1
4025,45007,3,0
4023,47626,2,0
4029,49235,6,0
4025,49683,4,0
4035,5876,6,0
4031,13176,4,0
4036,16797,1,0
4032,21137,1,0
4034,21137,1,1
4036,21137,2,1
4033,21709,4,0
4031,21903,2,0
4034,24184,4,0
4033,24852,2,0
4033,24964,3,0
4035,26209,1,0
4033,26620,1,0
4036,27966,3,0
4032,35951,2,0
4035,37710,5,0
4031,39275,3,0
4036,39275,4,1
4034,43352,3,0
4033,44632,5,0
4035,44632,4,1
4032,45007,3,0
4034,47626,2,0
4035,47626,3,1
4031,47766,1,0
4035,49235,2,0
4039,5876,3,0
4040,5876,6,1
4038,12341,4,0
4040,13176,3,0
4038,14233,1,0
4038,14947,2,0
4038,21709,3,0
4040,21709,4,1
4040,24184,1,0
4038,24852,5,0
4039,24964,2,0
4040,26209,5,0
4039,27845,1,0
4040,31717,2,0
4038,47209,6,0
4043,196,5,0
4045,5077,6,0
4047,5077,1,1
4048,5077,2,1
4045,13176,7,0
4043,14947,1,0
4044,14947,1,1
4045,14947,2,1
4046,14947,2,1
4046,21137,1,0
4044,21288,5,0
4048,21288,5,1
4042,21709,4,0
4043,21709,2,1
4044,21709,2,1
4045,21709,1,1
4046,21709,3,1
4044,21903,8,0
4047,21903,3,1
4045,24964,5,0
4046,24964,7,1
4047,24964,5,1
4048,24964,3,1
4042,26209,1,0
4044,26620,4,0
4047,26620,4,1
4042,27104,3,0
4042,30489,2,0
4043,35221,3,0
4044,35221,3,1
4045,35221,3,1
4046,35221,4,1
4047,35221,6,1
4044,39928,6,0
4047,40706,7,0
4043,44632,4,0
4045,44632,4,1
4046,44632,5,1
4048,44632,4,1
4046,45007,6,0
4047,45007,2,1
4044,47626,7,0
4048,49683,1,0
4050,4605,7,0
4051,5077,3,0
4055,5876,2,0
4050,6184,6,0
4053,13176,1,0
4050,14947,1,0
4055,14947,3,1
4051,16797,6,0
4056,16797,1,1
4054,17794,6,0
4053,21137,2,0
4054,21137,1,1
4055,21137,7,1
4054,21288,4,0
4056,21288,2,1
4050,21709,2,0
4051,21709,1,1
4052,21903,3,0
4055,21903,5,1
4056,22825,7,0
4055,22935,1,0
4052,24852,1,0
4056,24852,5,1
4051,24964,7,0
4051,27086,4,0
4051,27845,2,0
4054,27845,3,1
4054,27966,5,0
4051,28204,8,0
4056,28204,6,1
4054,34126,2,0
4050,35221,3,0
4050,37710,5,0
4050,39275,8,0
4056,39275,3,1
4055,40706,4,0
4056,43352,4,0
4050,44632,4,0
4053,45007,4,0
4053,47209,3,0
4051,47766,5,0
4052,47766,2,1
4055,49235,6,0
4063,4605,3,0
4059,5876,5,0
4061,5876,5,1
4064,5876,2,1
4063,10749,4,0
4061,13176,1,0
4058,14233,1,0
4064,14233,5,1
4058,14947,2,0
4060,14947,1,1
4064,16797,6,0
4058,17794,7,0
4061,21137,2,0
4062,21137,1,1
4065,21288,1,0
4058,21709,3,0
4059,21709,1,1
4060,21709,2,1
4062,21709,5,1
4062,21903,4,0
4062,24852,2,0
4063,24964,2,0
4064,26209,3,0
4058,26620,6,0
4060,26620,4,1
4059,27966,4,0
4061,28204,4,0
4065,28204,3,1
4058,28842,4,0
4063,28842,1,1
4064,30489,1,0
4065,30489,4,1
4058,31717,5,0
4060,35221,3,0
4059,35951,2,0
4065,39275,6,0
4065,43352,5,0
4062,44632,6,0
4063,45007,7,0
4064,45007,4,1
4063,46979,5,0
4061,47209,3,0
4062,47766,3,0
4065,49235,2,0
4059,49683,3,0
4063,49683,6,1
4069,4605,6,0
4068,5876,3,0
4071,5876,3,1
4067,14947,1,0
4069,14947,1,1
4073,14947,1,1
4068,16797,1,0
4070,16797,1,1
4070,21137,2,0
4067,21709,2,0
4069,21709,2,1
4073,21709,2,1
4069,24964,8,0
4067,26620,4,0
4069,26620,4,1
4068,27845,4,0
4070,27966,3,0
4069,30489,7,0
4071,31717,1,0
4067,35221,3,0
4069,35221,3,1
4073,35221,3,1
4068,35951,2,0
4072,35951,1,1
4072,37710,5,0
4070,39275,4,0
4071,39275,4,1
4072,40706,2,0
4073,44632,4,0
4072,46979,4,0
4069,49235,5,0
4071,49235,2,1
4072,49683,3,0
4076,4605,6,0
4079,5077,2,0
4079,5876,4,0
4077,8518,5,0
4080,10749,5,0
4076,14233,5,0
4076,16797,1,0
4079,16797,6,1
4080,16797,1,1
4080,21137,2,0
4076,21288,2,0
4077,21288,7,1
4080,21288,6,1
4075,21903,4,0
4077,21903,3,1
4078,22935,2,0
4075,24852,5,0
4077,24852,1,1
4078,24964,3,0
4079,24964,5,1
4079,27086,3,0
4080,27104,8,0
4078,27845,1,0
4079,27845,1,1
4080,27966,3,0
4077,28842,6,0
4075,37710,1,0
4076,39275,3,0
4080,39275,4,1
4077,40706,4,0
4075,43352,7,0
4076,43352,4,1
4079,43352,7,1
4075,45007,2,0
4078,45007,4,1
4075,47209,6,0
4075,47626,3,0
4077,47766,2,0
4080,47766,7,1
4078,49683,5,0
4083,196,4,0
4087,196,7,1
4082,5077,2,0
4084,8518,6,0
4085,13176,4,0
4086,13176,2,1
4082,14947,5,0
4086,14947,4,1
4087,16797,3,0
4085,17794,6,0
4086,21137,1,0
4087,21137,1,1
4087,21288,4,0
4085,21709,5,0
4087,21709,2,1
4083,21903,3,0
4083,24852,1,0
4084,24852,3,1
4085,24852,3,1
4087,24852,8,1
4085,26620,7,0
4082,27086,3,0
4082,27845,1,0
4085,27845,1,1
4084,30489,2,0
4085,30489,8,1
4084,35221,1,0
4084,39275,5,0
4087,39275,5,1
4084,40706,4,0
4087,43352,6,0
4082,45007,4,0
4085,45007,2,1
4086,47209,3,0
4083,47766,2,0
4089,5077,2,0
4090,5876,3,0
4093,5876,1,1
4090,12341,4,0
4091,14233,1,0
4092,14947,1,0
4092,16797,5,0
4092,17794,7,0
4090,21288,2,0
4092,21288,6,1
4092,21709,2,0
4093,21903,5,0
4089,22935,5,0
4094,24852,2,0
4090,27845,1,0
4091,27845,7,1
4089,27966,4,0
4093,28204,2,0
4091,30489,4,0
4091,31717,2,0
4092,35221,3,0
4093,35951,4,0
4089,37710,3,0
4093,37710,3,1
4091,39275,6,0
4094,40706,1,0
4092,44632,4,0
4089,45007,1,0
4091,45007,3,1
4091,47209,5,0
4092,47626,8,0
4089,47766,6,0
4096,196,1,0
4099,196,1,1
4100,6184,1,0
4097,14233,5,0
4100,14947,6,0
4100,17794,7,0
4099,18523,2,0
4096,21903,2,0
4101,21903,1,1
4096,24852,3,0
4101,24964,4,0
4100,26620,3,0
4097,27845,1,0
4099,27966,4,0
4097,28204,3,0
4101,28204,3,1
4099,35951,6,0
4099,37710,5,0
4100,39928,2,0
4096,40706,4,0
4100,43154,5,0
4099,43352,3,0
4097,44632,4,0
4097,47209,2,0
4098,47209,1,1
4100,47626,4,0
4101,47626,2,1
4098,47766,2,0
4103,5876,4,0
4104,13176,1,0
4107,14947,1,0
4104,17794,3,0
4103,18523,2,0
4104,18523,4,1
4107,21709,2,0
4105,21903,3,0
4105,24852,1,0
4103,26209,1,0
4106,26620,2,0
4107,26620,4,1
4103,27845,6,0
4106,27966,3,0
4104,34126,2,0
4107,35221,3,0
4103,35951,5,0
4105,35951,5,1
4106,37710,1,0
4103,40706,3,0
4105,43154,4,0
4105,47766,2,0
4105,49235,6,0
4110,13176,2,0
4109,14947,1,0
4111,14947,2,1
4110,21137,3,0
4111,21137,1,1
4109,21288,6,0
4109,21709,2,0
4110,21709,1,1
4111,21709,3,1
4111,22935,7,0
4110,26209,6,0
4110,26620,5,0
4111,26620,5,1
4109,27086,7,0
4109,27845,5,0
4109,28842,8,0
4109,35221,3,0
4111,35221,4,1
4111,39275,6,0
4109,44632,4,0
4111,46979,8,0
4110,47209,4,0
4116,8518,2,0
4114,12341,4,0
4113,16797,1,0
4113,21288,2,0
4114,21903,3,0
4117,21903,3,1
4117,22935,6,0
4114,24852,1,0
4117,24852,1,1
4117,24964,5,0
4113,26209,6,0
4113,26620,5,0
4113,27845,8,0
4115,27845,1,1
4114,27966,7,0
4116,28204,3,0
4116,28842,5,0
4114,30489,5,0
4114,31717,6,0
4117,35221,7,0
4116,35951,1,0
4113,39275,3,0
4113,43352,4,0
4116,43352,4,1
4117,43352,4,1
4115,46979,2,0
4115,47209,3,0
4113,47766,7,0
4114,47766,2,1
4117,47766,2,1
4124,196,6,0
4125,5077,5,0
4127,5077,3,1
4122,5876,3,0
4124,6184,8,0
4119,12341,5,0
4119,13176,1,0
4119,14233,4,0
4123,14947,1,0
4125,14947,1,1
4126,14947,2,1
4120,16797,3,0
4121,16797,1,1
4121,21137,5,0
4124,21288,5,0
4123,21709,2,0
4124,21709,1,1
4125,21709,2,1
4126,21709,3,1
4127,21709,1,1
4119,22825,6,0
4125,22825,6,1
4120,22935,5,0
4121,22935,2,1
4126,22935,6,1
4127,22935,6,1
4124,24184,7,0
4124,24852,2,0
4120,26209,2,0
4124,26209,4,1
4123,26620,6,0
4126,27086,1,0
4127,27086,4,1
4122,27104,4,0
4119,27845,3,0
4122,27845,1,1
4127,27845,2,1
4119,27966,2,0
4120,28204,1,0
4125,28842,7,0
4120,30489,6,0
4121,31717,3,0
4123,35221,3,0
4125,35221,3,1
4126,35221,4,1
4120,37710,4,0
4119,39275,7,0
4123,43154,5,0
4127,43352,5,0
4123,44632,4,0
4125,44632,4,1
4126,44632,5,1
4121,46979,6,0
4121,47209,4,0
4124,47626,3,0
4119,47766,8,0
4122,49683,2,0
4131,12341,2,0
4132,13176,2,0
4131,14947,5,0
4133,14947,1,1
4132,21137,3,0
4130,21709,3,0
4132,21709,1,1
4133,21709,2,1
4129,22935,2,0
4129,24852,5,0
4130,24852,2,1
4131,24964,4,0
4133,26620,4,0
4130,27845,1,0
4129,27966,1,0
4133,30489,5,0
4133,35221,3,0
4129,40706,6,0
4131,43154,3,0
4133,43352,7,0
4131,44632,1,0
4133,45007,6,0
4132,47209,4,0
4129,47626,4,0
4129,47766,3,0
4135,14233,1,0
4135,14947,2,0
4137,14947,1,1
4137,18523,5,0
4136,21137,3,0
4137,21137,6,1
4135,21709,3,0
4136,21709,1,1
4137,21709,2,1
4135,22935,7,0
4137,24964,7,0
4135,27966,5,0
4136,31717,5,0
4135,34126,6,0
4137,35221,3,0
4137,43352,8,0
4137,44632,4,0
4136,46979,4,0
4135,47209,4,0
4136,49683,2,0
4140,13176,1,0
4139,16797,1,0
4141,16797,2,1
4139,21137,2,0
4140,21137,2,1
4141,21137,1,1
4139,27966,3,0
4141,27966,3,1
4139,39275,4,0
4141,39275,4,1
4140,47209,3,0
4141,47626,6,0
4141,49235,5,0
4139,49683,5,0
4143,4605,1,0
4144,5077,2,0
4143,14233,2,0
4145,14947,3,0
4143,16797,5,0
4147,16797,2,1
4147,21137,3,0
4146,21903,3,0
4145,22935,5,0
4147,22935,7,1
4146,24852,1,0
4147,24964,8,0
4145,26209,1,0
4146,26209,5,1
4144,27086,3,0
4144,27845,1,0
4147,27845,1,1
4147,27966,4,0
4143,30489,4,0
4147,31717,6,0
4143,35221,3,0
4145,35221,2,1
4146,37710,4,0
4147,39275,5,0
4145,47626,4,0
4146,47766,2,0
4149,4605,3,0
4150,13176,3,0
4151,14233,4,0
4149,21137,2,0
4151,24852,1,0
4151,26209,3,0
4151,27086,7,0
4149,27104,5,0
4149,27845,6,0
4150,27966,1,0
4149,34126,4,0
4150,34126,2,1
4149,45007,1,0
4149,47626,7,0
4150,47626,4,1
4151,47626,2,1
4151,47766,6,0
4151,49235,5,0
4155,4605,1,0
4156,4605,5,1
4156,5077,2,0
4155,6184,2,0
4160,6184,1,1
4160,10749,2,0
4154,12341,5,0
4153,13176,5,0
4156,13176,7,1
4159,13176,6,1
4154,14233,8,0
4159,14947,1,0
4153,16797,3,0
4154,16797,1,1
4160,16797,3,1
4155,17794,5,0
4155,21137,6,0
4157,21137,1,1
4154,21288,2,0
4155,21288,4,1
4159,21709,2,0
4158,21903,3,0
4158,24852,1,0
4156,26209,4,0
4157,26209,5,1
4159,26620,4,0
4156,27086,3,0
4157,27086,2,1
4153,27104,1,0
4156,27845,1,0
4157,28842,7,0
4155,30489,3,0
4154,31717,7,0
4159,35221,3,0
4159,37710,5,0
4154,39275,3,0
4157,39275,3,1
4160,39275,5,1
4156,40706,6,0
4160,40706,6,1
4154,43154,6,0
4157,43154,4,1
4153,43352,4,0
4154,43352,4,1
4158,47766,2,0
4160,47766,4,1
4153,49235,2,0
4157,49235,6,1
4162,196,2,0
4165,5876,7,0
4164,12341,6,0
4168,12341,4,1
4165,13176,1,0
4167,13176,6,1
4169,14233,2,0
4169,14947,3,0
4163,16797,1,0
4166,16797,3,1
4167,16797,1,1
4169,16797,8,1
4165,21137,2,0
4166,21137,2,1
4167,21137,2,1
4163,21288,2,0
4164,21288,1,1
4166,21288,4,1
4169,21709,4,0
4162,22825,3,0
4162,22935,5,0
4164,22935,2,1
4165,22935,6,1
4165,24852,5,0
4168,24852,1,1
4164,24964,3,0
4166,26209,7,0
4168,26209,3,1
4168,27086,7,0
4166,27845,1,0
4169,27845,1,1
4167,27966,3,0
4166,30489,10,0
4163,35951,5,0
4162,39275,1,0
4163,39275,3,1
4166,39275,5,1
4167,39275,4,1
4169,39275,5,1
4169,40706,6,0
4166,43154,8,0
4163,43352,4,0
4166,43352,6,1
4165,44632,4,0
4164,45007,4,0
4165,47209,3,0
4166,47209,9,1
4167,47209,8,1
4168,47209,5,1
4162,47626,6,0
4164,47626,7,1
4167,47626,7,1
4168,47626,2,1
4162,47766,7,0
4169,47766,7,1
4162,49235,4,0
4168,49235,6,1
4164,49683,5,0
4167,49683,5,1
4173,6184,4,0
4174,6184,7,1
4174,13176,1,0
4175,13176,2,1
4174,16797,2,0
4177,16797,1,1
4176,18523,3,0
4171,21137,2,0
4174,21137,3,1
4175,21137,3,1
4176,21137,1,1
4177,21137,2,1
4175,21288,1,0
4172,21709,3,0
4177,21903,7,0
4171,22935,5,0
4174,22935,6,1
4171,24852,4,0
4172,24852,4,1
4176,26209,4,0
4173,27086,6,0
4177,27104,6,0
4172,27845,1,0
4176,27966,2,0
4177,27966,3,1
4171,30489,1,0
4171,31717,3,0
4175,39275,5,0
4177,39275,4,1
4173,43154,3,0
4173,43352,5,0
4174,43352,8,1
4176,43352,6,1
4177,43352,5,1
4173,44632,1,0
4174,44632,4,1
4175,45007,6,0
4172,47209,2,0
4175,47209,4,1
4176,47626,5,0
4173,49683,2,0
4174,49683,5,1
4180,5077,5,0
4180,14233,1,0
4181,14233,6,1
4181,14947,2,0
4179,16797,1,0
4179,18523,6,0
4179,21288,2,0
4180,21288,3,1
4180,21709,2,0
4181,21709,3,1
4180,26209,4,0
4181,27086,1,0
4180,28204,6,0
4181,35221,4,0
4179,39275,3,0
4179,43352,4,0
4181,44632,5,0
4179,47209,5,0
4186,196,3,0
4183,4605,5,0
4184,4605,6,1
4185,5077,4,0
4186,5077,6,1
4186,12341,2,0
4184,13176,1,0
4183,14233,1,0
4183,14947,2,0
4184,21137,2,0
4183,21709,3,0
4186,21709,4,1
4183,21903,6,0
4185,24852,1,0
4186,24852,5,1
4185,26209,3,0
4184,26620,5,0
4186,27086,1,0
4183,34126,4,0
4184,43352,4,0
4184,47209,3,0
4185,47626,2,0
4184,49235,7,0
4190,5077,2,0
4188,5876,4,0
4189,6184,3,0
4188,13176,1,0
4190,13176,5,1
4191,14947,1,0
4190,16797,7,0
4191,17794,5,0
4188,18523,7,0
4188,21137,2,0
4189,21709,1,0
4191,21709,2,1
4192,21709,3,1
4191,22825,6,0
4192,26209,1,0
4188,26620,6,0
4192,26620,2,1
4190,27086,3,0
4190,27845,1,0
4189,28204,2,0
4190,34126,4,0
4188,35221,5,0
4191,35221,3,1
4191,35951,8,0
4192,40706,4,0
4190,44632,6,0
4191,44632,4,1
4188,47209,3,0
4191,49235,7,0
4198,6184,4,0
4195,10749,3,0
4198,13176,1,0
4198,14233,6,0
4199,14947,6,0
4199,16797,7,0
4198,21137,2,0
4198,21709,5,0
4200,21709,1,1
4194,21903,3,0
4197,21903,3,1
4200,21903,4,1
4194,24852,1,0
4195,24852,1,1
4197,24852,1,1
4198,24852,7,1
4200,24852,2,1
4194,24964,6,0
4195,24964,5,1
4196,26209,3,0
4196,27845,1,0
4199,27845,1,1
4197,28204,4,0
4195,35221,4,0
4194,37710,5,0
4199,39275,3,0
4199,39928,5,0
4199,43352,4,0
4196,47209,2,0
4198,47209,3,1
4199,47209,2,1
4194,47626,4,0
4194,47766,2,0
4195,47766,2,1
4197,47766,2,1
4200,47766,3,1
4204,196,3,0
4204,4605,5,0
4207,5876,6,0
4203,13176,2,0
4206,13176,7,1
4208,13176,5,1
4203,21137,3,0
4204,21137,1,1
4207,21137,2,1
4208,21137,2,1
4209,21709,2,0
4202,21903,3,0
4208,21903,6,1
4209,21903,5,1
4209,24184,4,0
4202,24852,1,0
4206,24852,1,1
4207,24852,3,1
4206,26209,3,0
4207,26209,5,1
4206,26620,5,0
4204,27086,4,0
4209,27104,1,0
4203,27845,1,0
4207,27845,1,1
4208,27845,1,1
4205,27966,2,0
4207,27966,7,1
4206,28842,4,0
4207,34126,8,0
4205,35221,1,0
4208,39275,3,0
4204,40706,2,0
4203,43154,5,0
4207,43154,9,1
4209,43154,3,1
4208,45007,7,0
4206,46979,6,0
4203,47209,4,0
4208,47209,4,1
4206,47626,2,0
4207,47626,4,1
4202,47766,2,0
4214,5077,5,0
4217,12341,3,0
4219,12341,3,1
4211,13176,1,0
4213,13176,1,1
4214,13176,1,1
4218,13176,6,1
4219,14233,4,0
4212,14947,7,0
4215,14947,2,1
4218,14947,1,1
4211,21137,2,0
4212,21137,1,1
4213,21137,2,1
4214,21137,2,1
4215,21137,1,1
4215,21709,3,0
4218,21709,2,1
4212,21903,6,0
4219,22825,1,0
4214,22935,4,0
4218,22935,5,1
4212,24184,3,0
4213,24852,4,0
4212,24964,4,0
4215,26620,5,0
4218,26620,4,1
4215,27086,6,0
4211,27966,7,0
4213,27966,5,1
4216,27966,2,1
4219,27966,2,1
4217,28204,2,0
4212,30489,5,0
4215,35221,4,0
4216,35221,1,1
4217,35221,1,1
4218,35221,3,1
4211,44632,5,0
4211,47209,3,0
4213,47209,3,1
4214,47209,3,1
4212,47626,2,0
4211,49235,4,0
4219,49235,5,1
4211,49683,6,0
4225,196,6,0
4223,5077,5,0
4223,12341,1,0
4221,14233,5,0
4224,14947,3,0
4225,16797,2,0
4225,21288,3,0
4224,21709,4,0
4225,21709,1,1
4221,22935,1,0
4223,24852,6,0
4221,24964,2,0
4222,24964,3,1
4224,27086,2,0
4224,27845,1,0
4222,30489,1,0
4224,35221,5,0
4225,39275,4,0
4225,43352,5,0
4224,44632,6,0
4221,45007,3,0
4222,45007,2,1
4223,45007,3,1
4224,46979,7,0
4222,47766,4,0
4223,47766,4,1
4223,49235,2,0
4221,49683,4,0
4232,196,1,0
4231,4605,3,0
4232,5077,3,0
4227,10749,7,0
4228,14233,1,0
4228,14947,2,0
4229,14947,1,1
4233,14947,1,1
4230,16797,2,0
4235,16797,1,1
4230,21137,3,0
4235,21137,2,1
4228,21288,5,0
4231,21288,1,1
4228,21709,3,0
4229,21709,2,1
4230,21709,1,1
4233,21709,2,1
4234,21709,1,1
4227,21903,3,0
4232,21903,4,1
4227,22935,5,0
4227,24852,1,0
4229,26620,4,0
4228,27845,4,0
4229,27966,5,0
4230,27966,4,1
4235,27966,3,1
4234,28204,2,0
4232,30489,2,0
4227,34126,6,0
4229,35221,3,0
4233,35221,3,1
4227,35951,4,0
4229,39275,8,0
4230,39275,5,1
4235,39275,4,1
4231,40706,2,0
4233,44632,4,0
4234,44632,3,1
4229,47209,6,0
4227,47766,2,0
4229,47766,7,1
4231,47766,4,1
4232,47766,5,1
4240,196,5,0
4243,4605,6,0
4242,5077,5,0
4239,10749,5,0
4240,13176,2,0
4242,13176,2,1
4237,14947,6,0
4241,14947,1,1
4239,16797,1,0
4243,16797,2,1
4240,21137,3,0
4242,21137,3,1
4243,21137,1,1
4239,21288,2,0
4240,21288,1,1
4238,21709,2,0
4242,21709,1,1
4237,21903,3,0
4238,21903,5,1
4237,24852,1,0
4238,24852,3,1
4237,26209,5,0
4238,26620,8,0
4237,27086,4,0
4241,27086,2,1
4238,27845,1,0
4238,27966,6,0
4243,27966,3,1
4243,35951,7,0
4238,37710,7,0
4239,39275,3,0
4243,39275,4,1
4243,43154,5,0
4239,43352,4,0
4240,47209,4,0
4242,47209,4,1
4243,47209,8,1
4238,47626,9,0
4237,47766,2,0
4238,47766,4,1
4246,196,8,0
4247,6184,4,0
4245,8518,6,0
4248,14233,8,0
4246,14947,1,0
4248,14947,1,1
4250,14947,3,1
4245,16797,1,0
4249,16797,4,1
4252,16797,1,1
4250,18523,8,0
4245,21137,2,0
4247,21137,6,1
4248,21137,6,1
4246,21288,5,0
4250,21288,2,1
4252,21288,2,1
4253,21288,1,1
4246,21709,2,0
4247,21709,7,1
4248,21709,2,1
4250,21709,4,1
4249,21903,3,0
4247,22935,1,0
4253,24184,3,0
4249,24852,1,0
4247,24964,2,0
4250,26620,6,0
4250,27845,1,0
4245,27966,3,0
4247,27966,3,1
4250,27966,9,1
4253,28204,4,0
4246,30489,7,0
4253,34126,2,0
4246,35221,3,0
4248,35221,3,1
4250,35221,5,1
4245,39275,4,0
4252,39275,3,1
4251,39928,1,0
4250,43154,7,0
4251,43154,2,1
4252,43352,4,0
4245,44632,5,0
4246,44632,4,1
4247,44632,5,1
4248,44632,4,1
4246,46979,6,0
4248,47626,5,0
4249,47766,2,0
4252,47766,5,1
4248,49235,7,0
4256,5077,3,0
4257,5077,7,1
4259,6184,8,0
4258,13176,3,0
4255,14947,1,0
4259,16797,2,0
4259,21137,1,0
4255,21709,2,0
4256,21709,1,1
4258,21709,4,1
4259,21903,5,0
4257,22825,6,0
4259,22935,7,0
4257,24852,2,0
4257,26209,4,0
4255,26620,4,0
4256,27086,4,0
4257,27086,1,1
4258,27086,2,1
4256,27845,2,0
4258,27845,1,1
4259,27966,3,0
4258,28842,6,0
4255,35221,3,0
4259,39275,4,0
4259,39928,6,0
4258,43352,7,0
4258,47209,5,0
4257,47626,3,0
4257,47766,5,0
4257,49235,8,0
4262,196,5,0
4261,5077,2,0
4267,5077,2,1
4263,5876,1,0
4262,6184,4,0
4263,6184,3,1
4264,6184,6,1
4267,10749,4,0
4264,14233,5,0
4266,17794,6,0
4264,21903,3,0
4266,21903,3,1
4268,22825,3,0
4264,24852,1,0
4266,24852,1,1
4262,26620,1,0
4268,26620,1,1
4261,27086,3,0
4267,27086,3,1
4261,27845,1,0
4265,27845,1,1
4267,27845,1,1
4266,28204,5,0
4267,28842,6,0
4266,30489,7,0
4267,37710,7,0
4265,43154,2,0
4264,43352,4,0
4266,43352,4,1
4262,44632,2,0
4267,47209,5,0
4262,47626,3,0
4263,47626,2,1
4265,47626,3,1
4264,47766,2,0
4265,47766,4,1
4266,47766,2,1
4268,47766,2,1
4270,196,5,0
4272,8518,6,0
4274,10749,6,0
4273,13176,2,0
4277,13176,2,1
4276,14233,1,0
4276,14947,2,0
4278,14947,2,1
4272,16797,2,0
4277,21137,3,0
4278,21137,1,1
4270,21288,4,0
4272,21288,3,1
4270,21709,3,0
4276,21709,3,1
4277,21709,1,1
4278,21709,3,1
4273,21903,3,0
4271,24852,1,0
4274,24852,4,1
4270,26209,7,0
4271,26209,3,1
4273,26620,1,0
4274,26620,5,1
4278,26620,5,1
4272,27845,1,0
4272,30489,7,0
4274,30489,2,1
4270,31717,6,0
4275,34126,2,0
4278,35221,4,0
4270,39275,2,0
4272,39275,4,1
4272,43352,5,0
4273,43352,4,1
4270,44632,1,0
4274,47209,1,0
4277,47209,4,1
4271,47626,2,0
4275,47766,1,0
4274,49235,3,0
4281,10749,7,0
4280,13176,1,0
4282,13176,5,1
4283,14233,3,0
4281,14947,2,0
4283,14947,1,1
4281,16797,8,0
4280,21137,2,0
4281,21137,1,1
4282,21288,2,0
4281,21709,3,0
4282,21709,1,1
4284,21903,3,0
4284,24852,1,0
4284,27845,5,0
4282,27966,3,0
4283,28842,2,0
4281,35221,4,0
4281,37710,6,0
4281,44632,5,0
4280,47209,3,0
4284,47209,4,1
4284,47766,2,0
4282,49683,4,0
4289,12341,2,0
4286,14233,3,0
4287,14947,7,0
4288,14947,3,1
4287,16797,1,0
4287,21288,2,0
4288,21288,2,1
4289,21709,1,0
4286,24964,4,0
4287,27966,5,0
4287,28204,6,0
4287,39275,3,0
4286,40706,2,0
4287,43352,4,0
4288,44632,4,0
4289,47209,4,0
4289,47626,3,0
4286,47766,1,0
4288,49235,1,0
4294,12341,5,0
4292,13176,7,0
4291,14233,5,0
4292,14947,5,0
4294,14947,1,1
4291,16797,1,0
4291,21137,2,0
4293,21709,1,0
4294,21709,2,1
4292,22935,1,0
4292,24964,2,0
4293,27086,3,0
4291,27966,3,0
4293,28204,2,0
4294,35221,3,0
4291,39275,4,0
4292,43352,6,0
4294,43352,6,1
4294,44632,4,0
4292,45007,3,0
4292,49683,4,0
4294,49683,7,1
4301,5876,2,0
4298,6184,3,0
4301,6184,1,1
4297,13176,4,0
4298,14233,1,0
4299,14233,1,1
4300,14947,1,0
4301,14947,3,1
4299,16797,5,0
4299,17794,3,0
4296,21137,1,0
4296,21288,5,0
4300,21709,2,0
4297,22935,1,0
4298,22935,5,1
4296,24852,2,0
4301,24964,4,0
4297,26620,3,0
4299,27966,2,0
4300,27966,6,1
4296,28842,3,0
4300,35221,3,0
4296,39275,6,0
4298,39275,4,1
4297,40706,5,0
4296,43352,4,0
4300,44632,4,0
4297,45007,6,0
4301,47209,5,0
4299,47626,4,0
4297,49235,2,0
4300,49235,5,1
4298,49683,2,0
4303,5876,7,0
4306,10749,2,0
4303,12341,6,0
4303,13176,5,0
4303,14233,1,0
4303,14947,2,0
4306,16797,3,0
4304,21137,1,0
4305,21137,1,1
4303,21709,3,0
4305,21709,6,1
4305,22935,7,0
4305,24852,4,0
4305,24964,5,0
4304,26620,2,0
4303,27845,4,0
4304,27845,5,1
4306,27845,1,1
4305,28842,2,0
4304,40706,3,0
4305,43154,3,0
4305,43352,8,0
4304,47209,4,0
4306,47626,4,0
4308,5077,2,0
4312,5077,4,1
4310,6184,4,0
4313,12341,6,0
4311,13176,2,0
4312,14947,2,0
4313,14947,3,1
4309,17794,2,0
4309,21137,3,0
4311,21137,3,1
4312,21137,1,1
4311,21288,7,0
4311,21709,8,0
4313,21709,1,1
4308,21903,4,0
4310,21903,5,1
4311,22825,6,0
4310,24852,1,0
4310,26209,3,0
4308,27086,3,0
4313,27086,2,1
4308,27104,5,0
4308,27845,1,0
4311,27845,1,1
4308,35221,6,0
4313,35221,4,1
4312,39275,3,0
4308,44632,7,0
4313,44632,5,1
4309,45007,4,0
4311,47209,4,0
4310,47626,2,0
4309,47766,1,0
4311,47766,5,1
4312,47766,5,1
4321,6184,7,0
4318,12341,5,0
4319,12341,6,1
4318,13176,1,0
4315,16797,1,0
4319,16797,2,1
4318,21137,2,0
4319,21137,1,1
4316,21288,2,0
4319,21288,3,1
4321,21709,3,0
4321,21903,6,0
4322,21903,3,1
4317,22935,3,0
4320,22935,2,1
4315,24852,3,0
4316,24852,4,1
4322,24852,1,1
4315,24964,4,0
4321,24964,4,1
4316,26209,5,0
4315,26620,6,0
4317,26620,2,1
4316,27845,1,0
4317,27845,1,1
4321,27845,1,1
4318,27966,4,0
4318,30489,7,0
4315,35221,2,0
4321,37710,5,0
4319,39275,4,0
4316,43352,6,0
4319,43352,5,1
4320,44632,3,0
4321,45007,2,0
4316,46979,7,0
4315,47209,5,0
4317,47209,4,1
4318,47209,3,1
4316,47626,3,0
4318,47626,6,1
4320,47766,1,0
4322,47766,2,1
4326,16797,1,0
4325,21137,4,0
4326,21137,2,1
4324,22935,2,0
4325,22935,1,1
4326,27966,3,0
4325,31717,3,0
4326,39275,4,0
4324,43352,1,0
4325,49235,2,0
4330,5077,4,0
4328,6184,3,0
4328,8518,1,0
4331,13176,2,0
4330,16797,1,0
4328,21137,5,0
4331,21137,3,1
4332,21137,1,1
4331,21288,1,0
4332,21709,8,0
4332,22825,5,0
4332,22935,4,0
4329,24852,1,0
4332,24852,3,1
4329,26209,3,0
4332,26620,6,0
4328,27104,4,0
4329,27845,5,0
4328,27966,2,0
4330,27966,3,1
4329,28842,6,0
4330,39275,2,0
4332,39275,7,1
4329,40706,7,0
4332,43352,2,0
4331,47209,4,0
4329,47626,2,0
4329,49683,4,0
4337,4605,5,0
4338,4605,2,1
4340,4605,5,1
4341,5077,6,0
4340,5876,6,0
4341,5876,3,1
4334,6184,1,0
4338,8518,1,0
4340,14947,2,0
4339,16797,2,0
4339,17794,7,0
4341,18523,5,0
4334,21137,6,0
4337,21137,6,1
4339,21288,3,0
4334,21709,4,0
4341,21709,1,1
4334,21903,2,0
4336,21903,3,1
4334,22825,3,0
4336,24852,1,0
4338,24852,3,1
4335,24964,5,0
4341,26209,2,0
4337,27845,1,0
4339,27845,1,1
4341,27845,7,1
4335,27966,6,0
4341,27966,9,1
4337,28204,3,0
4339,28204,6,1
4335,28842,3,0
4335,35221,1,0
4334,37710,5,0
4337,37710,8,1
4339,39275,4,0
4337,40706,2,0
4340,43154,4,0
4339,43352,5,0
4340,44632,1,0
4337,45007,7,0
4341,45007,8,1
4335,47626,4,0
4339,47626,8,1
4341,47626,4,1
4336,47766,2,0
4335,49235,2,0
4337,49235,4,1
4340,49235,3,1
4343,6184,2,0
4344,8518,7,0
4346,8518,1,1
4344,12341,2,0
4345,13176,1,0
4346,14233,2,0
4347,14233,5,1
4347,16797,1,0
4344,17794,9,0
4343,18523,3,0
4346,18523,4,1
4345,21137,2,0
4347,21288,2,0
4344,21709,4,0
4343,24852,1,0
4344,24964,3,0
4344,26620,8,0
4344,27086,6,0
4344,27845,1,0
4346,27845,3,1
4347,39275,3,0
4347,43352,4,0
4344,45007,5,0
4345,47209,3,0
4346,47626,5,0
4351,5077,3,0
4350,5876,2,0
4349,13176,1,0
4350,13176,1,1
4355,13176,3,1
4354,14233,1,0
4353,14947,1,0
4350,16797,4,0
4354,17794,3,0
4349,21137,2,0
4351,21288,1,0
4353,21709,2,0
4352,22825,2,0
4349,24852,4,0
4352,24964,4,0
4354,24964,2,1
4355,26620,2,0
4351,27086,4,0
4351,27845,2,0
4354,27966,4,0
4352,30489,3,0
4350,31717,5,0
4353,35221,3,0
4353,44632,4,0
4355,44632,5,1
4352,45007,1,0
4349,47209,3,0
4352,47209,5,1
4355,47209,1,1
4350,47766,6,0
4355,49235,4,0
4350,49683,3,0
4357,5077,2,0
4359,5077,2,1
4361,5077,2,1
4358,6184,2,0
4359,12341,6,0
4360,12341,8,1
4359,16797,4,0
4359,21709,5,0
4358,22935,4,0
4360,22935,2,1
4360,24964,3,0
4357,27086,3,0
4359,27086,3,1
4360,27086,1,1
4361,27086,3,1
4357,27845,1,0
4359,27845,1,1
4361,27845,1,1
4360,27966,6,0
4358,35221,5,0
4360,35951,9,0
4357,45007,4,0
4358,45007,3,1
4359,45007,7,1
4360,45007,4,1
4360,47209,7,0
4361,47626,4,0
4358,47766,6,0
4358,49235,1,0
4360,49683,5,0
4368,4605,5,0
4365,6184,1,0
4368,6184,4,1
4368,12341,7,0
4363,13176,1,0
4364,13176,8,1
4367,13176,1,1
4368,13176,1,1
4364,14947,2,0
4368,16797,6,0
4363,21137,2,0
4364,21137,1,1
4365,21137,2,1
4367,21137,4,1
4368,21137,3,1
4364,21709,3,0
4363,21903,6,0
4367,22825,3,0
4363,22935,4,0
4368,22935,2,1
4363,24184,5,0
4366,24964,4,0
4364,35221,4,0
4367,35221,2,1
4363,44632,7,0
4364,44632,5,1
4366,45007,3,0
4364,46979,7,0
4366,46979,2,1
4363,47209,3,0
4364,47766,6,0
4366,49235,1,0
4374,4605,6,0
4374,5077,2,0
4376,5077,3,1
4377,5876,2,0
4375,8518,7,0
4371,10749,1,0
4375,12341,8,0
4372,14233,7,0
4372,14947,1,0
4375,16797,2,0
4371,17794,3,0
4374,17794,7,1
4375,21288,3,0
4376,21288,1,1
4377,21288,5,1
4372,21709,2,0
4373,21709,1,1
4377,21903,6,0
4370,22935,2,0
4371,22935,2,1
4373,22935,7,1
4373,24852,6,0
4373,24964,2,0
4374,27086,3,0
4375,27086,1,1
4376,27086,4,1
4377,27086,1,1
4372,27104,5,0
4374,27845,1,0
4375,27845,6,1
4376,27845,2,1
4370,28204,3,0
4370,30489,6,0
4374,34126,5,0
4376,34126,5,1
4372,35221,3,0
4374,35221,4,1
4370,37710,5,0
4375,39275,4,0
4373,40706,5,0
4373,43352,3,0
4375,43352,5,1
4372,44632,4,0
4377,44632,3,1
4373,47209,4,0
4377,47626,4,0
4370,47766,4,0
4372,47766,8,1
4370,49235,1,0
4372,49235,6,1
4379,5077,2,0
4380,13176,2,0
4379,14947,5,0
4381,17794,4,0
4380,21137,3,0
4380,21709,1,0
4381,21903,3,0
4381,24852,1,0
4381,24964,6,0
4379,26209,4,0
4379,27086,3,0
4379,27845,1,0
4380,37710,5,0
4380,47209,4,0
4381,47209,5,1
4381,47766,2,0
4384,4605,7,0
4384,8518,8,0
4384,12341,6,0
4383,14947,1,0
4383,21709,2,0
4384,21709,1,1
4383,21903,7,0
4384,21903,4,1
4385,21903,3,1
4385,22935,4,0
4384,24852,2,0
4385,24852,1,1
4383,26620,4,0
4383,27104,5,0
4385,30489,5,0
4383,35221,3,0
4384,37710,5,0
4383,39275,8,0
4383,45007,6,0
4384,47766,3,0
4385,47766,2,1
4391,4605,2,0
4394,5077,8,0
4390,5876,3,0
4391,5876,7,1
4388,8518,3,0
4391,14233,6,0
4390,14947,2,0
4388,16797,7,0
4389,16797,1,1
4390,16797,5,1
4391,16797,3,1
4394,16797,1,1
4388,17794,8,0
4389,17794,7,1
4387,21137,3,0
4389,21137,2,1
4393,21137,4,1
4394,21288,2,0
4391,21709,1,0
4393,22935,1,0
4390,24184,7,0
4389,24852,6,0
4390,24852,6,1
4391,27845,5,0
4389,27966,3,0
4390,27966,4,1
4392,27966,3,1
4392,28204,2,0
4394,28842,7,0
4392,31717,4,0
4394,31717,5,1
4387,34126,2,0
4388,34126,6,1
4388,35221,5,0
4388,35951,1,0
4393,37710,3,0
4388,39275,2,0
4389,39275,4,1
4390,39275,1,1
4394,39275,3,1
4388,40706,4,0
4394,43352,4,0
4393,44632,2,0
4387,45007,4,0
4389,47209,5,0
4389,47626,8,0
4391,47626,4,1
4394,47626,6,1
4387,49235,1,0
4392,49235,1,1
4392,49683,5,0
4399,196,7,0
4399,5077,2,0
4396,5876,5,0
4396,6184,8,0
4397,6184,1,1
4401,10749,2,0
4401,13176,4,0
4396,14947,1,0
4401,14947,1,1
4401,16797,5,0
4396,21709,2,0
4399,21709,5,1
4400,21709,7,1
4397,21903,6,0
4400,22935,2,0
4398,24852,1,0
4396,24964,6,0
4399,24964,6,1
4400,24964,3,1
4398,26209,3,0
4400,26209,6,1
4399,27086,3,0
4400,27086,1,1
4399,27845,1,0
4400,27845,8,1
4397,27966,3,0
4398,27966,5,1
4401,27966,3,1
4399,28204,4,0
4401,28204,6,1
4397,30489,2,0
4396,35221,3,0
4398,35221,6,1
4397,40706,5,0
4396,44632,4,0
4397,45007,4,0
4400,45007,4,1
4396,47626,7,0
4398,47626,2,1
4398,47766,4,0
4400,49683,5,0
4406,196,1,0
4403,5077,2,0
4407,5077,2,1
4411,6184,2,0
4407,8518,7,0
4404,13176,2,0
4411,13176,3,1
4403,16797,6,0
4408,16797,2,1
4404,21137,3,0
4404,21288,1,0
4408,21288,3,1
4406,21903,2,0
4406,22935,3,0
4410,22935,1,1
4407,24852,5,0
4410,24964,2,0
4406,26620,4,0
4403,27086,3,0
4405,27086,3,1
4407,27086,3,1
4408,27086,1,1
4403,27845,1,0
4407,27845,1,1
4405,27966,2,0
4411,27966,5,1
4407,28204,6,0
4411,28204,6,1
4405,35221,1,0
4403,35951,5,0
4409,37710,2,0
4411,37710,4,1
4408,39275,4,0
4403,40706,4,0
4408,43352,5,0
4409,45007,3,0
4410,45007,3,1
4404,47209,4,0
4407,47209,4,1
4411,47209,1,1
4409,47766,1,0
4410,49683,4,0
4414,5077,2,0
4417,5077,6,1
4418,12341,4,0
4415,13176,1,0
4418,13176,7,1
4419,13176,1,1
4421,13176,6,1
4420,14233,6,0
4420,14947,2,0
4421,14947,2,1
4415,16797,4,0
4415,21137,2,0
4419,21137,2,1
4420,21137,1,1
4413,21709,1,0
4420,21709,3,1
4421,21709,1,1
4416,21903,3,0
4416,24852,1,0
4418,24852,5,1
4413,26620,2,0
4418,26620,2,1
4420,26620,5,1
4421,26620,4,1
4414,27086,3,0
4418,27086,1,1
4414,27845,1,0
4417,27845,1,1
4418,27845,6,1
4417,34126,2,0
4417,35221,5,0
4420,35221,4,1
4421,35221,3,1
4421,35951,5,0
4418,37710,3,0
4421,39275,8,0
4414,40706,4,0
4417,43352,4,0
4417,44632,7,0
4414,45007,5,0
4415,47209,3,0
4416,47209,4,1
4419,47209,3,1
4420,47209,7,1
4416,47766,2,0
4417,47766,3,1
4421,49235,7,0
4426,196,8,0
4428,5077,2,0
4427,5876,6,0
4428,5876,5,1
4424,8518,1,0
4423,13176,5,0
4426,14947,5,0
4423,18523,2,0
4426,21137,7,0
4423,21288,3,0
4427,21709,1,0
4423,22825,1,0
4425,22935,1,0
4427,22935,5,1
4428,24852,4,0
4423,24964,8,0
4425,24964,6,1
4427,24964,4,1
4423,26209,6,0
4424,26209,2,1
4425,26209,2,1
4423,26620,4,0
4425,26620,5,1
4426,27086,4,0
4428,27086,3,1
4428,27845,1,0
4425,27966,8,0
4426,27966,1,1
4426,28842,6,0
4424,37710,3,0
4427,39275,2,0
4426,40706,3,0
4423,43154,7,0
4425,43352,4,0
4425,47209,3,0
4427,47626,3,0
4426,47766,2,0
4427,49235,7,0
4425,49683,7,0
4430,10749,4,0
4431,12341,3,0
4433,13176,5,0
4431,14233,5,0
4433,14233,1,1
4438,14233,1,1
4433,14947,2,0
4434,14947,6,1
4438,14947,2,1
4432,17794,5,0
4433,17794,7,1
4430,18523,7,0
4434,21137,1,0
4435,21288,2,0
4430,21709,3,0
4433,21709,3,1
4434,21709,2,1
4438,21709,3,1
4436,21903,2,0
4431,22935,2,0
4432,22935,4,1
4437,24184,3,0
4431,24852,4,0
4432,24852,3,1
4436,24964,3,0
4433,26209,6,0
4430,26620,1,0
4432,27845,1,0
4437,27845,1,1
4431,27966,6,0
4438,27966,4,1
4430,28204,8,0
4434,28204,4,1
4437,35221,2,0
4434,39275,3,0
4435,39275,1,1
4431,39928,7,0
4436,39928,1,1
4432,40706,2,0
4434,40706,5,1
4430,43154,5,0
4430,44632,6,0
4430,46979,2,0
4431,47626,1,0
4433,49235,4,0
4434,49235,7,1
4443,196,3,0
4444,196,2,1
4441,5077,2,0
4441,5876,4,0
4440,6184,2,0
4440,8518,1,0
4444,10749,1,0
4441,13176,7,0
4445,13176,1,1
4446,14947,2,0
4447,14947,1,1
4442,21137,1,0
4445,21137,2,1
4446,21137,1,1
4443,21709,2,0
4446,21709,3,1
4447,21709,2,1
4444,21903,4,0
4446,24184,7,0
4442,24852,3,0
4447,24852,5,1
4442,26209,5,0
4446,26620,5,0
4441,27086,3,0
4442,27086,2,1
4441,27845,1,0
4443,27845,1,1
4443,28204,4,0
4442,30489,6,0
4447,30489,6,1
4446,35221,4,0
4447,35221,3,1
4445,43352,4,0
4446,43352,6,1
4441,44632,5,0
4447,44632,4,1
4441,45007,6,0
4445,47209,3,0
4442,47626,4,0
4444,47626,3,1
4453,196,3,0
4451,4605,2,0
4449,5077,5,0
4450,10749,5,0
4450,13176,1,0
4455,16797,2,0
4450,21137,2,0
4452,21137,5,1
4455,21288,3,0
4451,21903,3,0
4449,22935,1,0
4451,24184,5,0
4452,24852,1,0
4454,24852,1,1
4449,24964,2,0
4451,24964,1,1
4452,24964,4,1
4452,26209,3,0
4454,26209,3,1
4451,26620,4,0
4453,27086,4,0
4453,27845,1,0
4455,27845,1,1
4453,35221,2,0
4454,39275,6,0
4455,39275,4,1
4455,43352,5,0
4449,45007,3,0
4454,46979,4,0
4450,47209,3,0
4454,47209,5,1
4452,47626,2,0
4454,47626,2,1
4455,47626,6,1
4450,47766,4,0
4454,47766,7,1
4449,49683,4,0
4451,49683,6,1
4459,196,7,0
4458,5077,4,0
4458,6184,2,0
4460,12341,5,0
4457,13176,6,0
4457,14233,1,0
4458,14233,8,1
4461,14947,3,0
4458,21137,1,0
4457,21903,3,0
4459,21903,3,1
4459,22935,5,0
4460,24184,3,0
4459,24852,1,0
4461,26209,2,0
4459,27086,4,0
4460,27104,2,0
4458,27845,7,0
4460,27845,1,1
4457,27966,7,0
4461,28204,1,0
4458,28842,6,0
4457,30489,2,0
4460,39928,6,0
4458,43154,3,0
4457,43352,5,0
4460,44632,4,0
4459,46979,6,0
4457,47626,4,0
4458,47766,5,0
4459,47766,2,1
4465,5077,3,0
4464,14947,1,0
4466,16797,1,0
4466,21288,2,0
4464,21709,2,0
4465,21709,1,1
4463,24852,1,0
4465,24964,5,0
4463,26209,3,0
4464,26209,5,1
4465,26209,6,1
4465,27086,4,0
4465,27845,2,0
4464,35221,3,0
4466,37710,5,0
4466,39275,3,0
4466,43352,4,0
4464,44632,4,0
4463,45007,4,0
4463,47626,2,0
4470,196,4,0
4469,5077,5,0
4468,14947,5,0
4471,21288,5,0
4469,21903,4,0
4468,24852,1,0
4469,24852,2,1
4471,24852,1,1
4468,26209,3,0
4471,26209,3,1
4468,27086,4,0
4469,27845,1,0
4469,28204,6,0
4470,28204,5,1
4470,35221,3,0
4471,40706,4,0
4470,44632,2,0
4468,47626,2,0
4471,47626,2,1
4469,47766,3,0
4470,49683,1,0
4478,196,6,0
4476,4605,5,0
4477,5077,2,0
4476,5876,4,0
4473,8518,1,0
4475,13176,4,0
4474,14233,1,0
4475,14233,2,1
4474,14947,2,0
4475,14947,3,1
4477,14947,4,1
4474,17794,7,0
4476,17794,6,1
4476,21137,1,0
4474,21709,3,0
4475,21709,1,1
4474,21903,4,0
4478,24184,9,0
4478,24852,3,0
4473,24964,2,0
4478,24964,5,1
4478,26209,4,0
4478,26620,7,0
4477,27086,3,0
4478,27086,1,1
4477,27845,1,0
4475,39275,5,0
4478,39928,2,0
4478,40706,8,0
4474,43154,6,0
4474,47626,5,0
4476,47626,2,1
4476,49683,3,0
4483,5077,4,0
4481,5876,7,0
4482,5876,3,1
4483,6184,6,0
4482,8518,1,0
4482,13176,5,0
4481,14233,1,0
4481,14947,2,0
4484,14947,3,1
4481,17794,5,0
4484,21137,9,0
4481,21709,3,0
4484,21709,4,1
4483,21903,3,0
4480,22825,3,0
4484,22825,7,1
4480,22935,1,0
4480,24852,2,0
4483,24852,1,1
4484,27086,2,0
4484,27845,1,0
4482,30489,4,0
4480,31717,4,0
4481,34126,6,0
4484,35221,5,0
4484,37710,10,0
4483,39275,5,0
4482,39928,2,0
4484,44632,6,0
4481,47209,4,0
4484,47626,8,0
4483,47766,2,0
4487,5077,2,0
4492,5876,4,0
4491,6184,3,0
4487,13176,6,0
4493,16797,6,0
4492,17794,3,0
4489,21137,5,0
4493,21137,5,1
4486,21903,3,0
4488,21903,4,1
4489,21903,3,1
4486,22825,4,0
4488,22825,7,1
4489,22825,6,1
4492,22825,5,1
4486,24852,1,0
4487,24852,5,1
4488,24852,2,1
4489,24852,1,1
4493,24852,1,1
4489,26209,4,0
4493,26209,3,1
4487,27086,3,0
4488,27086,1,1
4490,27086,2,1
4490,27104,4,0
4487,27845,1,0
4488,27845,5,1
4490,27845,1,1
4487,27966,4,0
4491,27966,4,1
4486,28204,7,0
4491,28204,2,1
4486,31717,5,0
4492,35951,6,0
4491,39275,1,0
4492,40706,2,0
4487,43154,7,0
4488,44632,6,0
4493,44632,4,1
4490,45007,5,0
4492,45007,1,1
4491,47626,5,0
4493,47626,2,1
4486,47766,2,0
4488,47766,3,1
4489,47766,2,1
4486,49235,6,0
4490,49235,3,1
4499,5077,4,0
4500,5077,2,1
4495,6184,7,0
4498,6184,4,1
4497,8518,1,0
4503,13176,1,0
4495,14233,5,0
4498,14233,1,1
4495,16797,1,0
4501,16797,3,1
4501,17794,7,0
4496,18523,4,0
4497,18523,5,1
4496,21137,5,0
4501,21137,4,1
4503,21137,2,1
4495,21288,2,0
4496,21709,3,0
4495,21903,6,0
4497,21903,4,1
4499,21903,3,1
4498,22935,3,0
4499,24852,1,0
4500,24852,5,1
4502,24852,1,1
4499,26209,7,0
4500,26209,6,1
4501,26209,8,1
4502,26209,3,1
4501,26620,10,0
4497,27086,3,0
4500,27086,3,1
4501,27086,2,1
4498,27845,7,0
4500,27845,1,1
4501,27845,1,1
4498,27966,2,0
4501,27966,5,1
4501,28204,9,0
4500,31717,7,0
4496,35221,2,0
4495,39275,3,0
4496,39275,1,1
4501,39275,6,1
4502,43154,4,0
4495,43352,4,0
4498,43352,8,1
4498,47209,6,0
4503,47209,3,1
4502,47626,2,0
4499,47766,2,0
4497,49235,2,0
4499,49235,6,1
4500,49235,4,1
4498,49683,5,0
4499,49683,5,1
4506,4605,2,0
4508,8518,6,0
4505,14947,1,0
4508,14947,1,1
4509,14947,7,1
4510,14947,1,1
4507,16797,1,0
4507,21137,2,0
4508,21137,5,1
4506,21288,4,0
4505,21709,2,0
4508,21709,2,1
4509,21709,1,1
4510,21709,2,1
4509,21903,6,0
4505,22935,5,0
4509,22935,2,1
4509,24964,3,0
4507,26209,5,0
4510,26209,6,1
4507,26620,7,0
4507,27966,3,0
4508,28842,8,0
4505,35221,3,0
4506,35221,3,1
4508,35221,3,1
4510,35221,3,1
4506,35951,1,0
4507,39275,4,0
4506,43154,5,0
4510,43352,5,0
4505,44632,4,0
4508,44632,4,1
4510,44632,4,1
4508,45007,7,0
4509,45007,4,1
4507,47626,8,0
4509,47626,8,1
4507,47766,6,0
4509,49683,5,0
4520,196,5,0
4516,5077,2,0
4519,5077,5,1
4519,13176,2,0
4513,14233,5,0
4518,14947,1,0
4513,16797,1,0
4513,21137,7,0
4517,21137,4,1
4519,21137,3,1
4513,21288,2,0
4514,21288,1,1
4518,21709,2,0
4519,21709,1,1
4512,21903,3,0
4513,21903,6,1
4516,21903,7,1
4520,21903,3,1
4517,24184,6,0
4512,24852,1,0
4514,24852,5,1
4516,24852,4,1
4520,24852,1,1
4512,26620,4,0
4515,26620,1,1
4514,27086,3,0
4516,27086,3,1
4518,27104,6,0
4516,27845,1,0
4517,27845,1,1
4517,27966,5,0
4518,27966,5,1
4518,34126,7,0
4513,35221,8,0
4518,35221,3,1
4514,35951,6,0
4515,37710,2,0
4513,39275,3,0
4516,39928,6,0
4513,43352,4,0
4518,44632,4,0
4520,44632,4,1
4516,45007,5,0
4512,46979,5,0
4514,47209,4,0
4519,47209,4,1
4514,47626,2,0
4517,47626,3,1
4512,47766,2,0
4520,47766,2,1
4515,49235,3,0
4517,49235,2,1
4518,49235,8,1
4525,5876,6,0
4527,8518,4,0
4527,13176,2,0
4523,14233,4,0
4526,14947,2,0
4525,16797,1,0
4528,21137,2,0
4523,21288,3,0
4525,21288,2,1
4526,21288,1,1
4526,21709,3,0
4527,21709,1,1
4522,21903,3,0
4529,21903,3,1
4523,22825,5,0
4526,22825,8,1
4524,22935,1,0
4525,22935,5,1
4526,22935,7,1
4525,24184,8,0
4522,24852,1,0
4527,24852,3,1
4528,24852,3,1
4529,24852,1,1
4523,24964,1,0
4524,24964,2,1
4526,26209,6,0
4528,26209,5,1
4528,26620,6,0
4528,27845,1,0
4522,27966,4,0
4522,30489,5,0
4522,35221,6,0
4525,35221,7,1
4526,35221,4,1
4525,39275,3,0
4525,43352,4,0
4526,44632,5,0
4524,45007,3,0
4528,47626,4,0
4522,47766,2,0
4529,47766,2,1
4523,49683,2,0
4524,49683,4,1
4533,196,3,0
4534,196,3,1
4535,4605,3,0
4538,6184,1,0
4532,12341,5,0
4535,12341,1,1
4531,13176,1,0
4538,13176,7,1
4536,14233,5,0
4536,14947,1,0
4537,14947,1,1
4539,14947,1,1
4539,16797,6,0
4531,21137,2,0
4538,21137,2,1
4532,21709,1,0
4536,21709,2,1
4537,21709,2,1
4539,21709,2,1
4532,22935,4,0
4532,24852,3,0
4539,24852,7,1
4531,26209,4,0
4534,26620,1,0
4538,26620,6,1
4539,27104,5,0
4533,27845,1,0
4537,27845,5,1
4536,27966,6,0
4536,28204,7,0
4532,28842,6,0
4533,30489,4,0
4536,35221,3,0
4537,35221,3,1
4539,35221,3,1
4538,37710,3,0
4534,39275,5,0
4532,40706,2,0
4533,40706,5,1
4539,43154,8,0
4534,43352,4,0
4533,44632,2,0
4535,44632,4,1
4536,44632,4,1
4537,44632,4,1
4539,44632,4,1
4534,46979,2,0
4531,47209,3,0
4538,47626,4,0
4538,47766,8,0
4535,49235,2,0
4538,49683,5,0
4542,4605,3,0
4541,5077,2,0
4543,5077,2,1
4545,5077,6,1
4547,5876,3,0
4541,6184,4,0
4542,6184,4,1
4544,8518,7,0
4544,13176,2,0
4542,14233,2,0
4542,14947,5,0
4546,16797,2,0
4542,17794,1,0
4542,21137,6,0
4544,21137,3,1
4546,21288,3,0
4541,21709,6,0
4543,21709,1,1
4544,21709,5,1
4547,21903,1,0
4547,22825,2,0
4545,24852,1,0
4545,26209,3,0
4545,26620,4,0
4541,27086,3,0
4544,27086,1,1
4541,27845,1,0
4546,27845,1,1
4547,27966,4,0
4545,28842,5,0
4541,30489,5,0
4547,35951,5,0
4544,37710,6,0
4546,39275,4,0
4546,43352,5,0
4543,45007,4,0
4544,47209,4,0
4545,47626,2,0
4543,49235,3,0
4550,5077,7,0
4556,5876,1,0
4551,8518,8,0
4549,12341,2,0
4552,13176,5,0
4557,13176,1,1
4555,14233,7,0
4557,14233,4,1
4550,14947,1,0
4554,14947,1,1
4551,16797,2,0
4553,16797,2,1
4550,18523,6,0
4549,21137,3,0
4551,21137,3,1
4553,21137,1,1
4556,21137,5,1
4557,21137,2,1
4552,21288,1,0
4553,21288,3,1
4550,21709,2,0
4551,21709,1,1
4554,21709,2,1
4555,21709,1,1
4552,21903,2,0
4552,22935,3,0
4555,24852,2,0
4555,24964,6,0
4555,26209,4,0
4549,26620,1,0
4550,26620,5,1
4551,27966,4,0
4551,28842,7,0
4550,30489,8,0
4551,30489,9,1
4550,35221,3,0
4554,35221,3,1
4552,37710,4,0
4555,37710,8,1
4551,39275,5,0
4553,39275,4,1
4551,43154,6,0
4549,43352,4,0
4553,43352,5,1
4556,43352,7,1
4550,44632,4,0
4553,44632,6,1
4554,44632,4,1
4555,45007,5,0
4556,45007,2,1
4556,46979,3,0
4556,47209,8,0
4557,47209,3,1
4555,47626,3,0
4556,47766,6,0
4556,49683,4,0
4559,13176,1,0
4563,14233,1,0
4562,14947,4,0
4563,14947,2,1
4566,14947,1,1
4560,16797,3,0
4565,16797,2,1
4567,18523,4,0
4559,21137,2,0
4560,21137,1,1
4562,21137,1,1
4565,21137,3,1
4567,21288,5,0
4559,21709,5,0
4560,21709,7,1
4563,21709,3,1
4564,21709,1,1
4566,21709,2,1
4567,21709,1,1
4567,21903,7,0
4564,22825,2,0
4567,22825,6,1
4561,22935,1,0
4564,24852,3,0
4561,24964,2,0
4562,24964,2,1
4567,26209,8,0
4565,27845,1,0
4565,27966,4,0
4567,30489,2,0
4567,34126,3,0
4566,35221,3,0
4559,35951,4,0
4562,39275,3,0
4565,39275,5,1
4560,40706,2,0
4566,44632,4,0
4560,45007,5,0
4561,45007,3,1
4560,46979,6,0
4562,46979,5,1
4559,47209,3,0
4560,47626,4,0
4561,49683,4,0
4570,5077,4,0
4570,8518,3,0
4569,13176,3,0
4571,14947,2,0
4572,16797,1,0
4569,17794,1,0
4572,21137,2,0
4571,21709,3,0
4572,21709,7,1
4570,24852,2,0
4570,26209,1,0
4571,26620,5,0
4569,27845,4,0
4571,27845,1,1
4569,27966,7,0
4572,27966,3,1
4572,28842,5,0
4569,30489,5,0
4569,31717,2,0
4571,35221,4,0
4572,39275,4,0
4569,49683,6,0
4572,49683,6,1
4576,5077,4,0
4581,8518,7,0
4575,13176,4,0
4581,13176,6,1
4577,14947,1,0
4574,16797,1,0
4576,16797,3,1
4579,16797,6,1
4581,16797,1,1
4578,17794,7,0
4575,21137,1,0
4576,21137,1,1
4581,21137,2,1
4576,21288,7,0
4577,21709,2,0
4578,21709,2,1
4575,21903,5,0
4576,21903,6,1
4578,21903,5,1
4581,22825,5,0
4574,22935,2,0
4575,24184,3,0
4574,24852,3,0
4577,24852,7,1
4578,24852,3,1
4576,24964,5,0
4578,26209,6,0
4580,26209,2,1
4576,27845,2,0
4578,27845,1,1
4579,27845,1,1
4577,27966,5,0
4579,27966,4,1
4580,27966,5,1
4581,27966,3,1
4579,28204,5,0
4575,28842,2,0
4579,28842,3,1
4577,34126,6,0
4577,35221,3,0
4579,37710,2,0
4581,39275,4,0
4580,43154,3,0
4577,44632,4,0
4580,45007,4,0
4578,47766,4,0
4580,47766,1,1
4584,196,7,0
4584,5077,6,0
4586,5876,5,0
4585,14947,2,0
4586,14947,1,1
4584,16797,1,0
4584,21137,5,0
4584,21288,2,0
4585,21288,1,1
4585,21709,3,0
4586,21709,2,1
4583,24184,2,0
4585,26620,5,0
4585,35221,4,0
4586,35221,3,1
4584,35951,8,0
4584,39275,3,0
4584,43352,4,0
4586,44632,4,0
4583,45007,1,0
4588,14233,5,0
4590,14233,1,1
4588,14947,2,0
4590,14947,2,1
4589,18523,8,0
4589,21137,7,0
4589,21709,1,0
4590,21709,3,1
4589,24184,9,0
4588,26209,8,0
4588,26620,3,0
4588,30489,6,0
4590,30489,4,1
4589,35221,2,0
4589,35951,6,0
4588,37710,4,0
4590,37710,5,1
4589,40706,5,0
4588,45007,1,0
4590,47209,6,0
4588,49235,7,0
4589,49235,3,1
4589,49683,4,0
4595,196,7,0
4593,4605,2,0
4592,5077,5,0
4596,5077,6,1
4596,5876,4,0
4594,8518,8,0
4596,8518,2,1
4595,14947,1,0
4592,16797,1,0
4595,21137,6,0
4592,21288,2,0
4594,21288,2,1
4596,21288,3,1
4594,21709,3,0
4595,21709,2,1
4596,21709,1,1
4596,22825,5,0
4594,24852,4,0
4595,26620,4,0
4593,27086,1,0
4594,27966,7,0
4594,31717,1,0
4595,35221,3,0
4596,35221,7,1
4593,35951,3,0
4592,39275,3,0
4593,39275,4,1
4595,40706,5,0
4592,43154,6,0
4592,43352,4,0
4594,47626,5,0
4594,47766,6,0
4598,196,4,0
4598,5077,2,0
4601,13176,2,0
4599,14947,1,0
4602,14947,1,1
4599,21709,2,0
4602,21709,2,1
4601,24964,4,0
4600,26209,1,0
4598,27086,3,0
4601,27086,3,1
4598,27845,1,0
4601,27966,1,0
4599,35221,3,0
4600,35221,5,1
4602,35221,3,1
4598,37710,5,0
4599,44632,4,0
4602,44632,4,1
4598,45007,6,0
4600,45007,3,1
4600,47209,6,0
4600,47626,4,0
4600,49683,2,0
4606,5077,2,0
4608,5077,5,1
4610,10749,4,0
4609,16797,1,0
4608,18523,2,0
4607,21137,2,0
4609,21288,2,0
4605,21903,2,0
4608,21903,4,1
4610,22935,2,0
4605,24852,4,0
4608,24964,3,0
4606,27086,3,0
4604,27845,3,0
4606,27845,1,1
4610,28842,1,0
4605,31717,1,0
4605,34126,3,0
4607,34126,3,1
4604,35951,1,0
4608,35951,1,1
4607,39275,1,0
4609,39275,3,1
4605,39928,5,0
4610,43154,5,0
4604,43352,4,0
4609,43352,4,1
4610,44632,3,0
4606,45007,4,0
4605,46979,6,0
4604,47209,2,0
4614,5876,4,0
4612,6184,6,0
4614,6184,2,1
4613,8518,3,0
4615,8518,5,1
4616,14233,2,0
4617,14233,8,1
4618,14947,6,0
4612,16797,1,0
4613,16797,8,1
4615,16797,4,1
4617,17794,5,0
4618,18523,3,0
4612,21288,2,0
4613,21288,1,1
4613,22825,9,0
4615,22935,3,0
4617,22935,1,1
4618,22935,4,1
4616,24184,5,0
4617,24964,2,0
4613,26209,4,0
4616,26209,4,1
4613,27086,7,0
4613,27104,6,0
4614,27104,3,1
4616,27104,3,1
4615,27845,1,0
4613,27966,2,0
4615,28842,2,0
4616,30489,1,0
4617,30489,7,1
4612,39275,3,0
4618,39275,7,1
4614,40706,1,0
4612,43352,4,0
4617,43352,6,1
4618,43352,5,1
4612,44632,5,0
4618,44632,1,1
4617,45007,3,0
4612,46979,7,0
4616,47209,6,0
4618,47626,2,0
4613,49683,5,0
4617,49683,4,1
4618,49683,8,1
4620,5077,2,0
4622,5077,2,1
4620,5876,4,0
4625,6184,1,0
4625,8518,2,0
4625,13176,4,0
4625,14233,5,0
4627,14947,1,0
4628,14947,1,1
4624,16797,1,0
4624,21137,2,0
4627,21709,2,0
4628,21709,2,1
4624,24964,6,0
4626,24964,3,1
4628,24964,6,1
4628,26209,7,0
4628,26620,5,0
4620,27086,3,0
4621,27086,1,1
4622,27086,3,1
4623,27086,1,1
4620,27845,1,0
4622,27845,1,1
4621,27966,3,0
4623,27966,2,1
4624,27966,3,1
4623,30489,5,0
4625,35221,3,0
4627,35221,3,1
4628,35221,3,1
4623,37710,4,0
4624,39275,4,0
4621,43154,2,0
4620,44632,5,0
4627,44632,4,1
4628,44632,4,1
4620,47209,7,0
4623,47209,6,1
4624,47209,5,1
4626,47209,4,1
4620,47766,6,0
4623,49235,3,0
4626,49235,1,1
4626,49683,2,0
4635,196,7,0
4631,13176,1,0
4633,13176,4,1
4635,14947,1,0
4632,16797,1,0
4634,17794,4,0
4631,21137,2,0
4634,21137,1,1
4635,21137,6,1
4632,21288,2,0
4633,21288,1,1
4635,21709,2,0
4633,24184,2,0
4630,24852,1,0
4630,26209,3,0
4633,27966,3,0
4635,27966,8,1
4634,35221,3,0
4635,35221,3,1
4632,39275,3,0
4632,43352,4,0
4635,44632,4,0
4635,45007,5,0
4631,47209,3,0
4630,47626,2,0
4631,47766,4,0
4634,47766,2,1
4640,196,5,0
4641,5077,2,0
4639,6184,4,0
4637,14947,1,0
4638,14947,6,1
4642,14947,6,1
4640,16797,2,0
4637,21709,2,0
4639,21903,1,0
4638,22935,1,0
4642,22935,1,1
4640,24852,1,0
4638,24964,2,0
4642,24964,2,1
4637,26620,4,0
4638,26620,5,1
4638,27086,7,0
4642,27104,7,0
4640,27845,4,0
4639,28204,2,0
4641,28842,4,0
4637,35221,3,0
4639,35221,5,1
4641,35221,3,1
4638,39275,8,0
4641,39275,5,1
4639,43352,6,0
4641,43352,1,1
4638,45007,3,0
4642,45007,3,1
4640,47209,6,0
4642,47209,8,1
4642,47626,5,0
4639,49235,3,0
4638,49683,4,0
4640,49683,3,1
4642,49683,4,1
4644,5077,2,0
4649,5077,2,1
4647,6184,6,0
4646,10749,4,0
4650,13176,2,0
4645,16797,5,0
4644,21137,4,0
4648,21137,7,1
4650,21137,3,1
4644,21288,6,0
4648,21709,6,0
4644,21903,5,0
4645,21903,2,1
4647,21903,5,1
4647,22935,1,0
4646,24852,1,0
4648,24852,1,1
4647,24964,2,0
4646,26209,3,0
4648,26209,3,1
4644,27086,3,0
4645,27086,1,1
4649,27086,3,1
4650,27086,1,1
4644,27845,1,0
4649,27845,1,1
4646,27966,6,0
4644,28204,7,0
4645,35221,6,0
4646,35951,5,0
4648,35951,4,1
4648,40706,5,0
4646,43154,7,0
4645,43352,4,0
4645,45007,3,0
4647,45007,3,1
4650,47209,4,0
4646,47626,2,0
4648,47626,2,1
4647,49683,4,0
4654,16797,5,0
4655,16797,2,1
4657,16797,1,1
4652,17794,3,0
4654,21137,3,0
4657,21137,5,1
4655,21288,1,0
4656,21288,1,1
4657,21288,2,1
4652,21903,6,0
4656,21903,4,1
4657,22825,6,0
4652,24852,2,0
4653,24852,1,1
4656,24852,2,1
4653,26209,3,0
4652,27086,5,0
4656,27086,5,1
4654,27104,1,0
4654,28204,2,0
4656,28842,6,0
4652,30489,4,0
4654,31717,4,0
4652,37710,1,0
4655,39275,3,0
4657,39275,3,1
4655,43352,4,0
4657,43352,4,1
4654,45007,6,0
4655,45007,6,1
4653,46979,4,0
4655,47209,5,0
4653,47626,2,0
4655,47766,7,0
4656,47766,3,1
4666,4605,7,0
4659,5077,1,0
4662,5077,2,1
4666,6184,5,0
4661,10749,2,0
4665,13176,5,0
4659,14947,5,0
4666,21137,2,0
4660,21709,1,0
4660,21903,4,0
4663,21903,3,1
4659,24852,4,0
4660,24852,2,1
4663,24852,1,1
4665,24852,1,1
4661,24964,3,0
4664,24964,4,1
4665,26209,3,0
4662,27086,3,0
4664,27104,7,0
4662,27845,1,0
4664,27845,1,1
4665,27845,6,1
4666,27845,1,1
4659,35221,2,0
4661,37710,1,0
4664,37710,2,1
4664,39275,3,0
4659,44632,3,0
4664,44632,6,1
4666,44632,6,1
4666,45007,4,0
4666,46979,3,0
4660,47209,5,0
4665,47626,2,0
4660,47766,3,0
4663,47766,2,1
4664,49235,5,0
4665,49683,4,0
4668,196,6,0
4670,196,4,1
4668,4605,7,0
4672,13176,3,0
4673,13176,2,1
4668,14947,1,0
4671,14947,1,1
4669,16797,2,0
4673,21137,1,0
4674,21137,1,1
4669,21288,3,0
4670,21288,1,1
4668,21709,2,0
4669,21709,1,1
4671,21709,2,1
4669,21903,7,0
4672,22935,5,0
4668,24184,8,0
4670,24184,8,1
4670,24964,6,0
4672,24964,7,1
4670,26209,3,0
4672,26209,4,1
4674,26209,4,1
4668,26620,4,0
4669,27086,6,0
4672,27845,2,0
4670,27966,7,0
4673,27966,4,1
4674,34126,2,0
4668,35221,3,0
4671,35221,3,1
4674,35221,6,1
4669,39275,4,0
4674,43154,3,0
4669,43352,5,0
4672,43352,1,1
4671,44632,4,0
4670,45007,5,0
4673,47209,3,0
4672,47766,6,0
4668,49683,5,0
4670,49683,2,1
4674,49683,5,1
4676,5077,2,0
4680,12341,2,0
4678,14947,1,0
4679,14947,2,1
4677,16797,1,0
4679,21137,6,0
4677,21288,2,0
4680,21288,6,1
4678,21709,2,0
4679,21709,1,1
4680,21709,1,1
4677,24964,5,0
4679,24964,5,1
4680,26209,3,0
4679,26620,4,0
4680,26620,4,1
4676,27086,3,0
4676,27845,1,0
4676,28204,5,0
4676,30489,4,0
4678,35221,3,0
4679,35221,3,1
4679,35951,7,0
4678,37710,5,0
4677,39275,3,0
4677,43352,4,0
4678,44632,4,0
4680,45007,5,0
4676,47766,6,0
4683,5876,7,0
4687,12341,2,0
4684,14233,6,0
4688,14947,2,0
4684,16797,2,0
4684,17794,9,0
4685,17794,3,1
4684,21137,3,0
4688,21137,6,1
4687,21709,7,0
4688,21709,3,1
4682,21903,3,0
4684,22935,7,0
4682,24852,1,0
4683,24852,4,1
4686,24852,1,1
4687,24852,3,1
4683,24964,3,0
4686,26209,3,0
4688,26620,5,0
4683,27845,1,0
4684,27845,1,1
4687,27845,1,1
4688,27845,1,1
4684,27966,4,0
4687,28204,4,0
4685,35221,1,0
4688,35221,4,1
4683,37710,5,0
4684,39275,5,0
4687,40706,6,0
4683,43154,2,0
4682,45007,4,0
4687,45007,8,1
4687,46979,5,0
4683,47626,6,0
4684,47626,8,1
4686,47626,2,1
4682,47766,2,0
4685,49683,2,0
4693,196,3,0
4694,5077,6,0
4691,5876,4,0
4694,5876,7,1
4691,14233,7,0
4690,14947,1,0
4694,16797,1,0
4694,21137,5,0
4694,21288,2,0
4690,21709,2,0
4692,21903,4,0
4691,24852,6,0
4692,24852,2,1
4693,24852,4,1
4691,26620,2,0
4692,27845,1,0
4690,31717,5,0
4690,35221,3,0
4693,35221,2,1
4694,39275,3,0
4691,43154,1,0
4691,43352,5,0
4694,43352,4,1
4690,44632,4,0
4691,47766,3,0
4692,47766,3,1
4693,49683,1,0
4697,5876,4,0
4699,5876,2,1
4704,5876,5,1
4704,6184,3,0
4699,10749,4,0
4699,13176,6,0
4701,14947,5,0
4700,16797,1,0
4704,16797,1,1
4702,17794,5,0
4700,21137,2,0
4699,21709,5,0
4697,21903,5,0
4701,21903,3,1
4702,21903,3,1
4697,24184,3,0
4696,24852,1,0
4698,24852,1,1
4701,24852,1,1
4702,24852,1,1
4697,24964,6,0
4696,26209,3,0
4698,26209,3,1
4700,27086,5,0
4699,27845,1,0
4703,27845,1,1
4700,27966,3,0
4698,31717,4,0
4702,31717,4,1
4701,35951,4,0
4700,39275,4,0
4702,40706,6,0
4704,43352,2,0
4697,47209,2,0
4703,47209,3,1
4696,47626,2,0
4697,47626,1,1
4698,47626,2,1
4701,47766,2,0
4702,47766,2,1
4703,47766,2,1
4704,47766,4,1
4699,49235,3,0
4713,196,3,0
4710,6184,2,0
4706,8518,5,0
4706,12341,6,0
4709,13176,1,0
4707,14233,6,0
4713,14233,9,1
4706,16797,1,0
4707,16797,2,1
4708,16797,2,1
4711,16797,1,1
4712,16797,2,1
4713,18523,6,0
4706,21137,2,0
4708,21137,3,1
4709,21137,2,1
4711,21137,2,1
4708,21288,1,0
4712,21288,1,1
4713,21288,1,1
4710,21709,4,0
4709,24852,4,0
4707,24964,7,0
4712,24964,5,1
4706,26209,7,0
4713,26209,2,1
4713,27086,7,0
4707,27104,8,0
4710,27845,1,0
4712,27845,6,1
4706,27966,3,0
4708,27966,4,1
4711,27966,3,1
4709,30489,5,0
4707,37710,3,0
4706,39275,4,0
4707,39275,1,1
4708,39275,5,1
4710,39275,3,1
4711,39275,4,1
4713,44632,4,0
4708,45007,7,0
4712,46979,4,0
4707,47209,5,0
4709,47209,3,1
4713,47626,5,0
4707,49235,4,0
4708,49235,6,1
4709,49235,6,1
4712,49683,3,0
4713,49683,8,1
4719,196,5,0
4718,5077,3,0
4718,8518,5,0
4715,13176,3,0
4722,13176,1,1
4716,14233,5,0
4717,14233,1,1
4719,14233,1,1
4717,14947,2,0
4719,14947,2,1
4715,16797,4,0
4718,16797,6,1
4716,21137,1,0
4722,21137,2,1
4723,21137,1,1
4723,21288,6,0
4717,21709,3,0
4718,21709,1,1
4719,21709,3,1
4721,21903,3,0
4720,22935,1,0
4716,24852,2,0
4720,24964,2,0
4716,26209,4,0
4723,26620,3,0
4716,27086,6,0
4718,27086,4,1
4715,27845,7,0
4718,27845,2,1
4722,27845,4,1
4719,27966,6,0
4715,30489,6,0
4721,31717,1,0
4719,35951,4,0
4723,40706,2,0
4715,43154,1,0
4720,45007,3,0
4722,47209,3,0
4715,47626,2,0
4716,47626,3,1
4723,47626,4,1
4715,49683,5,0
4720,49683,4,1
4721,49683,2,1
4723,49683,5,1
4726,196,5,0
4727,4605,5,0
4731,5077,2,0
4730,5876,4,0
4729,8518,2,0
4725,13176,5,0
4725,14947,1,0
4727,21137,2,0
4729,21288,3,0
4725,21709,2,0
4729,21709,4,1
4730,21709,5,1
4727,21903,4,0
4726,24852,1,0
4728,24852,1,1
4730,24852,3,1
4726,26209,3,0
4728,26209,3,1
4729,26620,5,0
4731,27086,3,0
4728,27104,4,0
4727,27845,1,0
4729,27845,1,1
4731,27845,1,1
4727,27966,7,0
4730,28204,1,0
4730,28842,2,0
4725,35221,3,0
4725,44632,4,0
4726,44632,4,1
4725,46979,6,0
4726,47626,2,0
4728,47626,2,1
4727,49235,6,0
4727,49683,3,0
4733,14947,1,0
4734,16797,1,0
4735,17794,6,0
4734,21137,2,0
4733,21709,2,0
4734,21903,7,0
4733,22935,5,0
4735,22935,3,1
4735,24852,2,0
4734,24964,5,0
4735,26620,5,0
4734,27966,3,0
4733,35221,3,0
4734,35951,8,0
4735,35951,1,1
4734,39275,4,0
4735,39928,4,0
4734,40706,6,0
4733,44632,4,0
4735,47766,7,0
4739,12341,6,0
4738,14947,2,0
4739,14947,3,1
4739,21137,2,0
4738,21709,3,0
4737,21903,3,0
4737,24852,1,0
4737,27845,5,0
4738,27845,1,1
4739,27966,5,0
4739,30489,8,0
4738,35221,4,0
4739,35951,4,0
4738,44632,5,0
4739,47209,1,0
4737,47766,2,0
4739,49235,7,0
4737,49683,4,0
4742,13176,2,0
4743,14233,2,0
4743,14947,1,0
4741,16797,1,0
4742,18523,7,0
4741,21137,2,0
4742,21288,1,0
4742,21709,5,0
4744,21709,1,1
4741,22935,5,0
4743,22935,3,1
4744,24964,3,0
4741,27966,3,0
4742,37710,4,0
4744,37710,2,1
4741,39275,4,0
4742,44632,3,0
4741,47626,6,0
4742,49683,6,0
4747,4605,3,0
4747,5876,2,0
4750,13176,1,0
4751,14233,4,0
4752,14947,1,0
4748,16797,1,0
4753,16797,2,1
4747,21137,4,0
4750,21137,2,1
4751,21137,1,1
4748,21288,2,0
4753,21288,3,1
4752,21709,2,0
4746,21903,3,0
4749,21903,3,1
4746,24852,1,0
4749,24852,1,1
4752,24852,6,1
4752,24964,5,0
4748,26209,5,0
4747,27845,1,0
4753,27845,1,1
4751,28204,2,0
4749,28842,4,0
4752,30489,7,0
4751,34126,3,0
4752,35221,3,0
4752,37710,8,0
4748,39275,3,0
4753,39275,4,1
4748,43154,6,0
4748,43352,4,0
4753,43352,5,1
4752,44632,4,0
4750,47209,3,0
4746,47766,2,0
4749,47766,2,1
4756,4605,5,0
4757,14947,1,0
4755,16797,1,0
4755,21288,2,0
4757,21709,2,0
4756,22935,2,0
4755,27966,6,0
4756,27966,6,1
4757,30489,7,0
4757,35221,3,0
4757,37710,8,0
4755,39275,3,0
4757,40706,6,0
4756,43154,4,0
4755,43352,4,0
4756,44632,3,0
4757,44632,4,1
4755,45007,7,0
4757,47209,5,0
4755,49683,5,0
4756,49683,1,1
4761,4605,1,0
4759,14947,1,0
4761,21137,2,0
4759,21709,2,0
4760,22935,2,0
4759,24852,6,0
4760,24964,3,0
4760,27845,1,0
4760,27966,6,0
4761,27966,3,1
4759,35221,3,0
4760,35221,8,1
4759,37710,5,0
4759,44632,4,0
4760,45007,4,0
4760,46979,7,0
4761,46979,4,1
4760,49683,5,0
4763,14947,1,0
4764,14947,1,1
4763,21709,2,0
4764,21709,2,1
4765,22935,1,0
4765,24964,2,0
4763,26620,4,0
4765,27086,7,0
4765,28204,5,0
4763,35221,3,0
4764,35221,3,1
4764,44632,4,0
4765,45007,3,0
4765,47209,6,0
4763,49235,5,0
4765,49683,4,0
4767,5876,5,0
4771,13176,2,0
4767,16797,1,0
4767,21137,2,0
4771,21137,6,1
4772,21137,1,1
4768,21288,1,0
4772,21288,3,1
4769,21903,3,0
4770,21903,4,1
4771,22935,3,0
4769,24852,1,0
4770,24852,2,1
4767,26209,6,0
4769,26620,6,0
4772,26620,4,1
4768,27086,5,0
4769,27104,5,0
4770,27845,1,0
4771,27845,1,1
4767,27966,3,0
4771,27966,5,1
4768,35221,4,0
4771,37710,7,0
4767,39275,4,0
4772,39928,5,0
4768,43352,3,0
4768,44632,2,0
4769,44632,7,1
4771,46979,4,0
4769,47626,4,0
4769,47766,2,0
4770,47766,3,1
4772,47766,2,1
4774,4605,3,0
4777,4605,5,1
4782,5077,5,0
4775,5876,5,0
4780,5876,2,1
4775,6184,6,0
4778,6184,2,1
4782,10749,4,0
4776,12341,4,0
4779,13176,1,0
4781,14233,1,0
4782,14233,7,1
4781,14947,2,0
4775,16797,1,0
4777,16797,1,1
4782,16797,3,1
4774,21137,4,0
4777,21137,2,1
4775,21288,2,0
4781,21288,4,1
4776,21709,1,0
4781,21709,3,1
4782,21709,1,1
4780,22935,4,0
4781,22935,6,1
4777,24184,7,0
4776,24964,2,0
4777,24964,6,1
4779,24964,2,1
4780,24964,7,1
4776,26620,3,0
4780,27086,1,0
4782,27086,6,1
4774,27845,5,0
4777,27966,3,0
4778,27966,1,1
4781,27966,5,1
4780,30489,5,0
4781,35221,7,0
4775,39275,3,0
4777,39275,4,1
4774,39928,1,0
4780,40706,6,0
4775,43352,4,0
4782,43352,2,1
4780,45007,3,0
4776,49235,5,0
4774,49683,2,0
4785,4605,1,0
4784,5876,8,0
4784,8518,6,0
4787,8518,7,1
4786,13176,5,0
4790,13176,3,1
4786,14233,2,0
4788,14233,2,1
4785,14947,3,0
4787,14947,2,1
4788,14947,3,1
4784,16797,1,0
4786,16797,3,1
4784,21137,2,0
4787,21137,1,1
4787,21709,3,0
4788,21709,1,1
4789,24852,1,0
4787,24964,6,0
4787,26209,8,0
4789,26209,3,1
4787,26620,5,0
4789,27104,4,0
4784,27966,3,0
4790,27966,1,1
4787,35221,4,0
4784,35951,5,0
4784,39275,4,0
4785,39275,4,1
4786,39275,4,1
4787,40706,9,0
4790,40706,4,1
4785,43352,2,0
4789,47626,2,0
4784,47766,7,0
4786,49683,1,0
4790,49683,2,1
4795,196,5,0
4792,5077,6,0
4794,5077,3,1
4799,6184,6,0
4799,8518,5,0
4795,12341,4,0
4793,13176,7,0
4794,13176,5,1
4795,13176,7,1
4799,13176,1,1
4797,14233,1,0
4800,14233,2,1
4793,14947,2,0
4797,14947,2,1
4800,14947,3,1
4795,16797,3,0
4792,17794,2,0
4795,17794,6,1
4794,21137,1,0
4800,21137,1,1
4796,21288,1,0
4793,21709,3,0
4797,21709,3,1
4798,21709,2,1
4800,21709,4,1
4792,21903,3,0
4796,21903,4,1
4796,24852,2,0
4795,24964,1,0
4797,26209,4,0
4792,27086,7,0
4793,27086,1,1
4794,27086,4,1
4794,27845,2,0
4793,28204,6,0
4799,28204,2,1
4798,30489,3,0
4793,35221,4,0
4799,37710,3,0
4792,39928,4,0
4792,44632,5,0
4793,44632,5,1
4798,44632,1,1
4792,47209,1,0
4795,47209,2,1
4796,47766,3,0
4799,47766,4,1
4802,5077,2,0
4803,5876,7,0
4805,5876,2,1
4802,14233,7,0
4803,14233,6,1
4803,14947,2,0
4804,14947,1,1
4805,14947,1,1
4807,14947,1,1
4808,14947,1,1
4803,21709,3,0
4804,21709,2,1
4806,21709,1,1
4807,21709,2,1
4808,21709,2,1
4804,26209,5,0
4806,26209,2,1
4804,26620,4,0
4806,26620,4,1
4802,27086,3,0
4803,27086,1,1
4802,27845,1,0
4805,27966,3,0
4805,28204,4,0
4806,31717,3,0
4808,34126,5,0
4803,35221,4,0
4804,35221,3,1
4807,35221,3,1
4808,35221,3,1
4802,43154,5,0
4803,44632,5,0
4807,44632,4,1
4808,44632,4,1
4802,47209,6,0
4802,49683,4,0
4807,49683,5,1
4811,5876,5,0
4814,17794,3,0
4812,21137,6,0
4812,21288,8,0
4810,21709,4,0
4813,21709,5,1
4814,21709,2,1
4810,21903,3,0
4812,21903,5,1
4812,22935,1,0
4813,22935,1,1
4810,24852,1,0
4812,24964,2,0
4813,24964,2,1
4811,27845,1,0
4812,28204,7,0
4811,30489,4,0
4812,45007,3,0
4813,45007,3,1
4811,47209,2,0
4810,47766,2,0
4811,47766,3,1
4814,47766,1,1
4812,49683,4,0
4813,49683,4,1
4816,5077,2,0
4816,12341,4,0
4817,13176,3,0
4818,13176,3,1
4818,14233,4,0
4816,16797,5,0
4817,21137,4,0
4817,21288,1,0
4816,22825,6,0
4817,26209,6,0
4816,27086,3,0
4817,27086,2,1
4816,27845,1,0
4818,39275,5,0
4816,46979,7,0
4817,47209,5,0
4818,47209,1,1
4818,47766,2,0
4822,4605,1,0
4823,4605,3,1
4825,5077,3,0
4823,6184,5,0
4823,12341,1,0
4823,13176,6,0
4824,13176,5,1
4821,14233,6,0
4820,14947,1,0
4822,14947,8,1
4826,14947,1,1
4827,14947,1,1
4820,21137,6,0
4824,21137,1,1
4825,21137,1,1
4822,21288,4,0
4827,21288,5,1
4820,21709,2,0
4821,21709,1,1
4826,21709,2,1
4827,21709,2,1
4822,21903,2,0
4824,21903,4,1
4823,22935,4,0
4824,24852,2,0
4823,26209,2,0
4820,26620,4,0
4823,26620,7,1
4826,26620,4,1
4820,27086,7,0
4825,27086,4,1
4825,27845,2,0
4821,27966,5,0
4822,27966,7,1
4820,28204,5,0
4821,28204,3,1
4821,28842,4,0
4822,30489,3,0
4820,35221,3,0
4826,35221,3,1
4827,35221,3,1
4821,37710,2,0
4822,39275,6,0
4821,44632,7,0
4822,44632,5,1
4827,44632,4,1
4824,47766,3,0
4824,49683,6,0
4833,6184,4,0
4836,10749,8,0
4834,12341,1,0
4836,12341,6,1
4833,13176,1,0
4835,14233,4,0
4830,14947,1,0
4832,16797,1,0
4835,16797,6,1
4833,18523,5,0
4832,21137,2,0
4833,21137,2,1
4830,21709,2,0
4831,21709,1,1
4835,21903,3,0
4829,22935,1,0
4830,22935,5,1
4836,22935,5,1
4835,24852,1,0
4836,24852,2,1
4829,24964,2,0
4831,26209,6,0
4832,26209,7,1
4833,26209,7,1
4835,26209,7,1
4836,26209,4,1
4829,26620,6,0
4831,27086,3,0
4834,27086,4,1
4831,27104,5,0
4836,27845,1,0
4832,27966,3,0
4831,30489,4,0
4836,30489,7,1
4830,35221,3,0
4832,39275,4,0
4830,44632,4,0
4833,44632,6,1
4829,45007,3,0
4832,45007,6,1
4835,45007,5,1
4834,46979,3,0
4832,47209,5,0
4833,47209,3,1
4829,47626,5,0
4830,47626,6,1
4831,47626,2,1
4834,47626,5,1
4836,47626,3,1
4834,47766,2,0
4835,47766,2,1
4829,49683,4,0
4843,196,2,0
4846,4605,6,0
4840,5876,5,0
4845,5876,3,1
4844,13176,3,0
4846,13176,4,1
4839,14947,5,0
4838,16797,1,0
4841,16797,1,1
4841,21137,2,0
4845,21137,7,1
4846,21137,1,1
4838,21288,2,0
4840,21288,6,1
4844,21288,1,1
4842,21903,3,0
4844,21903,2,1
4843,22825,4,0
4839,22935,1,0
4840,22935,1,1
4842,24852,1,0
4839,24964,2,0
4840,24964,2,1
4846,26620,3,0
4841,27966,3,0
4843,27966,6,1
4846,27966,5,1
4845,28204,2,0
4845,28842,6,0
4839,35221,6,0
4843,37710,1,0
4838,39275,3,0
4841,39275,4,1
4842,39275,4,1
4843,39275,3,1
4838,43352,4,0
4839,45007,3,0
4840,45007,3,1
4845,46979,1,0
4843,47209,7,0
4844,47209,4,1
4842,47766,2,0
4843,47766,5,1
4842,49235,5,0
4845,49235,4,1
4846,49235,2,1
4839,49683,4,0
4840,49683,4,1
4845,49683,5,1
4853,196,5,0
4853,5077,2,0
4848,12341,3,0
4854,14947,2,0
4849,16797,2,0
4850,16797,1,1
4851,16797,3,1
4852,16797,2,1
4849,21137,3,0
4850,21288,2,0
4852,21288,1,1
4854,21709,3,0
4851,22825,4,0
4848,24852,4,0
4853,26209,6,0
4853,26620,4,0
4854,26620,5,1
4848,27086,1,0
4853,27086,3,1
4854,27086,1,1
4849,27845,1,0
4853,27845,1,1
4849,27966,4,0
4851,27966,1,1
4852,30489,5,0
4854,35221,4,0
4849,39275,5,0
4850,39275,3,1
4852,39275,3,1
4848,43154,2,0
4850,43352,4,0
4852,43352,4,1
4851,47209,2,0
4858,4605,2,0
4856,5077,2,0
4859,5077,5,1
4857,5876,2,0
4860,5876,6,1
4863,5876,2,1
4856,8518,6,0
4857,14233,1,0
4861,14233,3,1
4860,16797,7,0
4856,17794,5,0
4862,21137,5,0
4863,21137,6,1
4861,21288,1,0
4862,21288,7,1
4863,21709,5,0
4862,21903,3,0
4863,21903,7,1
4858,24852,1,0
4859,24852,7,1
4860,24852,2,1
4862,24852,1,1
4860,26209,4,0
4862,26209,6,1
4856,27086,3,0
4863,27104,3,0
4856,27845,1,0
4860,27845,1,1
4863,27845,1,1
4859,28204,6,0
4861,28842,6,0
4856,39275,4,0
4861,39275,5,1
4859,44632,3,0
4863,46979,4,0
4857,47209,4,0
4859,47209,1,1
4860,47209,5,1
4859,47626,2,0
4860,47626,3,1
4861,47626,2,1
4862,47626,4,1
4861,47766,4,0
4862,47766,2,1
4857,49235,3,0
4859,49235,4,1
4869,4605,2,0
4868,6184,2,0
4866,12341,2,0
4865,14233,6,0
4867,14947,1,0
4865,21137,2,0
4866,21137,1,1
4865,21288,4,0
4867,21709,2,0
4866,21903,4,0
4869,21903,5,1
4865,26620,5,0
4869,26620,4,1
4869,27845,1,0
4866,28204,3,0
4868,28204,4,1
4867,35221,3,0
4869,35221,3,1
4866,35951,6,0
4866,39928,5,0
4865,43352,1,0
4867,44632,4,0
4868,45007,1,0
4869,45007,7,1
4868,47626,3,0
4865,49235,3,0
4869,49683,6,0
4873,196,1,0
4871,4605,7,0
4877,4605,3,1
4875,5876,6,0
4877,5876,6,1
4872,13176,5,0
4874,13176,2,1
4871,14233,2,0
4876,14947,2,0
4875,16797,5,0
4876,18523,1,0
4871,21137,4,0
4874,21137,3,1
4875,21137,1,1
4875,21709,3,0
4872,24852,1,0
4873,24852,3,1
4876,24964,3,0
4872,26209,3,0
4873,26209,2,1
4871,27845,1,0
4874,27845,1,1
4872,27966,4,0
4875,28204,7,0
4871,30489,6,0
4871,34126,3,0
4877,34126,1,1
4875,35221,8,0
4876,35221,4,1
4877,35951,5,0
4871,40706,5,0
4875,40706,4,1
4875,43154,9,0
4873,44632,4,0
4872,47209,6,0
4874,47209,4,1
4872,47626,2,0
4875,47626,2,1
4877,47766,2,0
4877,49683,4,0
4880,4605,4,0
4879,5077,3,0
4882,5077,2,1
4883,10749,1,0
4879,12341,2,0
4881,12341,4,1
4883,16797,2,0
4881,21137,2,0
4883,21903,3,0
4883,22825,4,0
4883,22935,5,0
4880,26620,3,0
4880,27086,2,0
4882,27086,3,1
4882,27845,1,0
4879,31717,1,0
4880,35951,1,0
4881,45007,1,0
4880,47209,5,0
4881,47626,3,0
4887,6184,5,0
4889,12341,8,0
4889,13176,3,0
4885,14947,2,0
4887,14947,1,1
4886,16797,1,0
4888,16797,1,1
4889,16797,6,1
4890,18523,6,0
4886,21137,2,0
4888,21137,8,1
4889,21137,4,1
4890,21137,1,1
4888,21288,2,0
4889,21288,2,1
4887,21709,2,0
4888,21903,5,0
4886,24852,5,0
4888,24852,6,1
4890,24852,2,1
4890,26209,4,0
4890,27104,5,0
4888,27845,7,0
4889,27845,1,1
4886,27966,3,0
4885,28842,5,0
4887,31717,6,0
4885,35221,6,0
4887,35221,3,1
4886,39275,4,0
4888,39275,3,1
4889,39275,9,1
4885,40706,4,0
4888,43352,4,0
4887,44632,4,0
4885,47209,3,0
4889,47209,5,1
4890,47626,3,0
4889,47766,7,0
4885,49683,1,0
4894,14233,1,0
4894,14947,2,0
4894,21709,3,0
4892,21903,3,0
4893,21903,2,1
4892,24852,1,0
4893,26209,5,0
4894,26620,6,0
4893,28204,4,0
4894,44632,5,0
4894,45007,4,0
4893,46979,1,0
4893,47209,3,0
4892,47766,2,0
4897,196,4,0
4900,5077,8,0
4901,5876,6,0
4900,6184,6,0
4896,13176,1,0
4899,13176,8,1
4899,14233,3,0
4896,14947,6,0
4898,14947,1,1
4900,14947,4,1
4900,16797,2,0
4899,17794,2,0
4901,17794,2,1
4896,21137,2,0
4899,21137,1,1
4900,21137,1,1
4901,21137,7,1
4897,21288,1,0
4898,21709,2,0
4900,22935,5,0
4899,24184,4,0
4897,24964,3,0
4899,26209,6,0
4896,27845,4,0
4896,27966,7,0
4900,27966,7,1
4896,28204,5,0
4901,34126,4,0
4898,35221,3,0
4897,35951,2,0
4901,39275,5,0
4901,39928,1,0
4898,44632,4,0
4899,44632,7,1
4900,45007,9,0
4896,47209,3,0
4900,47209,3,1
4899,47766,5,0
4901,49683,3,0
4911,5077,3,0
4910,6184,5,0
4907,8518,6,0
4909,8518,7,1
4904,10749,4,0
4904,13176,1,0
4906,13176,5,1
4908,13176,1,1
4910,13176,2,1
4907,14233,4,0
4908,14233,4,1
4905,17794,4,0
4904,21137,2,0
4905,21137,3,1
4908,21137,2,1
4909,21137,1,1
4911,21137,2,1
4909,21709,6,0
4903,21903,3,0
4910,21903,4,1
4905,22935,1,0
4907,22935,2,1
4909,22935,2,1
4903,24852,1,0
4905,24852,5,1
4910,24852,3,1
4906,24964,4,0
4907,24964,1,1
4908,24964,7,1
4909,24964,3,1
4908,26620,5,0
4907,27086,3,0
4911,27086,4,1
4906,27845,1,0
4911,27845,1,1
4911,27966,6,0
4905,28204,6,0
4906,31717,2,0
4906,35221,3,0
4910,37710,1,0
4903,39275,4,0
4908,39275,6,1
4905,43352,2,0
4909,45007,4,0
4904,47209,3,0
4907,47209,5,1
4908,47209,3,1
4911,47209,5,1
4903,47766,2,0
4909,49683,5,0
4914,196,6,0
4918,5876,7,0
4917,10749,5,0
4913,12341,6,0
4913,13176,1,0
4914,14947,7,0
4916,14947,6,1
4918,14947,5,1
4914,16797,2,0
4913,21137,2,0
4914,21137,1,1
4916,21137,4,1
4914,21288,3,0
4915,21288,2,1
4915,21709,1,0
4917,21709,4,1
4917,21903,3,0
4918,21903,4,1
4916,22825,3,0
4913,24852,5,0
4917,24852,1,1
4918,24852,2,1
4918,24964,6,0
4914,26209,9,0
4915,27104,5,0
4913,27845,7,0
4914,27845,8,1
4918,27845,1,1
4915,28204,4,0
4916,37710,2,0
4914,39275,4,0
4916,39275,1,1
4914,43352,5,0
4913,45007,4,0
4913,47209,3,0
4915,47766,3,0
4917,47766,2,1
4918,47766,3,1
4916,49683,5,0
4924,5077,2,0
4925,5077,7,1
4927,5077,3,1
4920,5876,1,0
4922,8518,6,0
4921,12341,4,0
4921,13176,1,0
4925,13176,2,1
4924,14947,4,0
4921,21137,2,0
4922,21137,1,1
4925,21137,3,1
4926,21137,1,1
4923,21288,1,0
4925,21709,1,0
4927,21709,2,1
4927,21903,1,0
4920,22935,2,0
4927,22935,5,1
4926,24184,3,0
4926,24964,4,0
4922,26209,3,0
4924,27086,3,0
4926,27086,5,1
4922,27845,7,0
4924,27845,1,1
4925,27966,6,0
4922,30489,2,0
4926,35221,7,0
4926,35951,2,0
4926,39928,6,0
4921,43154,5,0
4922,43154,5,1
4923,43154,2,1
4925,44632,5,0
4921,47209,3,0
4925,47209,4,1
4927,47626,4,0
4922,49683,4,0
4931,5876,3,0
4934,5876,6,1
4935,5876,2,1
4933,6184,3,0
4929,10749,4,0
4931,10749,5,1
4937,10749,5,1
4929,13176,5,0
4932,13176,1,1
4934,14947,1,0
4930,16797,1,0
4934,16797,5,1
4929,17794,3,0
4936,18523,1,0
4937,18523,4,1
4930,21137,2,0
4932,21137,2,1
4934,21709,2,0
4929,21903,2,0
4930,21903,6,1
4931,21903,6,1
4933,21903,2,1
4937,21903,2,1
4936,22825,6,0
4931,22935,2,0
4933,22935,1,1
4932,24852,4,0
4936,24964,8,0
4937,24964,6,1
4936,26209,3,0
4931,27845,4,0
4930,27966,3,0
4937,30489,3,0
4934,31717,8,0
4934,35221,3,0
4936,37710,4,0
4930,39275,4,0
4930,39928,5,0
4929,40706,1,0
4936,40706,5,1
4934,44632,4,0
4937,45007,1,0
4931,47209,1,0
4932,47209,3,1
4935,47209,1,1
4934,47626,7,0
4936,47626,2,1
4936,47766,7,0
4942,5077,2,0
4941,13176,2,0
4939,14947,1,0
4940,14947,3,1
4941,21137,3,0
4939,21709,4,0
4940,21709,1,1
4941,21709,1,1
4943,21903,3,0
4940,22935,2,0
4940,24852,4,0
4943,24852,1,1
4939,26209,2,0
4939,27086,3,0
4942,27086,3,1
4942,27845,1,0
4940,43154,5,0
4941,45007,5,0
4941,47209,4,0
4943,47766,2,0
4939,49683,5,0
4948,4605,4,0
4946,5077,3,0
4947,5077,1,1
4948,5077,2,1
4948,8518,5,0
4949,10749,3,0
4945,13176,1,0
4949,13176,1,1
4949,16797,5,0
4945,21137,2,0
4946,21137,1,1
4950,21137,1,1
4946,24852,6,0
4947,24964,2,0
4950,24964,5,1
4946,27086,4,0
4948,27086,3,1
4950,27086,2,1
4946,27845,2,0
4948,27845,1,1
4946,27966,5,0
4950,27966,3,1
4947,35221,3,0
4948,35951,6,0
4949,37710,4,0
4950,40706,4,0
4950,43352,7,0
4945,47209,3,0
4950,47209,6,1
4945,47626,5,0
4945,47766,4,0
4947,49235,4,0
4949,49683,2,0
4957,4605,6,0
4952,12341,4,0
4955,14947,1,0
4956,14947,2,1
4953,16797,1,0
4957,16797,8,1
4953,21137,2,0
4955,21709,2,0
4956,21709,1,1
4957,21709,1,1
4954,21903,3,0
4957,21903,4,1
4954,24184,5,0
4954,24852,1,0
4957,24852,2,1
4953,27966,3,0
4955,27966,5,1
4957,28204,7,0
4952,30489,5,0
4952,35221,3,0
4955,35221,3,1
4956,35221,3,1
4952,35951,1,0
4953,39275,4,0
4953,39928,6,0
4952,43154,6,0
4953,43352,5,0
4955,44632,4,0
4956,44632,4,1
4957,45007,5,0
4954,47209,6,0
4954,47766,2,0
4957,47766,3,1
4954,49235,4,0
4952,49683,2,0
4962,196,2,0
4960,4605,6,0
4963,14233,1,0
4959,14947,1,0
4960,14947,1,1
4961,14947,2,1
4960,17794,7,0
4959,21709,2,0
4960,21709,2,1
4961,21709,1,1
4962,21903,4,0
4963,24852,2,0
4963,24964,3,0
4960,26620,4,0
4962,28204,1,0
4962,30489,5,0
4959,35221,3,0
4960,35221,3,1
4961,35221,3,1
4959,44632,4,0
4961,44632,4,1
4960,46979,5,0
4962,49235,3,0
4969,5077,2,0
4966,13176,2,0
4965,14947,1,0
4966,21137,3,0
4965,21709,2,0
4966,21709,1,1
4968,21903,3,0
4967,22935,1,0
4968,24852,1,0
4967,24964,2,0
4966,26209,5,0
4969,27086,3,0
4969,27845,1,0
4968,28842,4,0
4969,34126,4,0
4965,35221,3,0
4965,40706,5,0
4965,44632,4,0
4967,45007,3,0
4966,47209,4,0
4968,47766,2,0
4967,49683,4,0
4972,21903,2,0
4973,21903,3,1
4971,22935,1,0
4973,24852,1,0
4971,24964,2,0
4973,24964,4,1
4971,28204,5,0
4971,45007,3,0
4972,47766,1,0
4973,47766,2,1
4972,49235,3,0
4971,49683,4,0
4977,13176,1,0
4975,14233,1,0
4975,14947,5,0
4976,21137,2,0
4976,21709,1,0
4976,22935,3,0
4977,27966,4,0
4977,35221,2,0
4975,35951,4,0
4975,39275,2,0
4976,40706,4,0
4976,45007,5,0
4975,47626,3,0
4977,49235,3,0
4979,5876,2,0
4980,6184,6,0
4981,13176,1,0
4982,13176,7,1
4980,16797,1,0
4979,21137,3,0
4981,21137,2,1
4980,21288,2,0
4980,21903,5,0
4982,21903,1,1
4980,22825,7,0
4982,26620,2,0
4982,27966,4,0
4981,28204,4,0
4982,30489,8,0
4979,35221,1,0
4980,39275,3,0
4982,40706,3,0
4980,43352,4,0
4982,44632,5,0
4982,46979,6,0
4981,47209,3,0
4986,4605,8,0
4984,5876,1,0
4987,8518,3,0
4984,12341,6,0
4987,12341,2,1
4984,13176,4,0
4986,14947,1,0
4987,21137,6,0
4987,21288,5,0
4986,21709,2,0
4987,21709,1,1
4985,22825,3,0
4986,22935,5,0
4987,24852,7,0
4987,27086,4,0
4984,28204,5,0
4986,28204,6,1
4986,35221,3,0
4987,39928,8,0
4985,40706,2,0
4986,40706,7,1
4984,44632,3,0
4986,44632,4,1
4984,45007,2,0
4985,47626,1,0
4985,49235,4,0
4989,5077,2,0
4993,5077,4,1
4991,8518,3,0
4995,10749,4,0
4990,12341,8,0
4996,13176,1,0
4996,14233,4,0
4990,14947,1,0
4992,14947,1,1
4996,21137,2,0
4990,21709,2,0
4992,21709,2,1
4995,21903,3,0
4991,22935,1,0
4995,22935,2,1
4990,24964,5,0
4995,24964,1,1
4990,26620,4,0
4989,27086,3,0
4989,27845,1,0
4990,28204,6,0
4993,28204,2,1
4991,31717,2,0
4990,35221,3,0
4992,35221,3,1
4992,44632,4,0
4992,45007,5,0
4994,45007,3,1
4991,47209,4,0
4993,47209,1,1
4994,47209,1,1
4996,47209,3,1
4994,47626,2,0
4994,49235,4,0
4996,49235,5,1
4990,49683,7,0
4993,49683,3,1
4999,5077,2,0
5002,5077,2,1
5004,5077,7,1
4998,13176,2,0
5001,13176,2,1
4998,14233,1,0
5000,14233,7,1
5000,14947,2,0
5004,16797,2,0
5005,16797,4,1
4999,17794,3,0
4999,21137,5,0
5004,21288,3,0
5000,21709,3,0
5001,21709,1,1
5006,21709,2,1
5005,21903,3,0
4999,22825,4,0
5001,22935,3,0
5003,22935,6,1
5006,24184,3,0
5000,24852,9,0
5003,24852,2,1
5004,24852,9,1
5005,24852,1,1
4998,24964,5,0
5005,24964,5,1
5003,26209,4,0
5003,26620,7,0
5000,27086,1,0
5002,27086,3,1
5003,27086,1,1
5002,27845,1,0
5004,27845,1,1
5004,27966,6,0
4999,28204,1,0
4999,35221,7,0
5000,35221,4,1
4998,35951,4,0
5006,37710,1,0
5004,39275,4,0
5004,40706,8,0
4999,43154,6,0
5004,43352,5,0
5005,43352,6,1
5000,44632,5,0
4998,45007,3,0
5000,45007,8,1
5003,47209,5,0
5000,47626,6,0
5003,47626,3,1
5005,47626,7,1
5006,47626,4,1
5003,47766,8,0
5005,47766,2,1
5001,49235,4,0
5009,4605,2,0
5008,12341,3,0
5008,13176,4,0
5011,14947,1,0
5010,16797,1,0
5009,21137,1,0
5010,21288,2,0
5011,21709,2,0
5012,21903,3,0
5009,24184,3,0
5012,24852,1,0
5009,26209,4,0
5011,26620,4,0
5010,27966,7,0
5011,35221,3,0
5008,39275,1,0
5010,39275,3,1
5010,40706,6,0
5012,40706,4,1
5010,43352,4,0
5008,46979,2,0
5010,47209,5,0
5012,47766,2,0
5010,49235,8,0
5017,5876,1,0
5019,5876,1,1
5021,8518,4,0
5016,10749,3,0
5020,13176,1,0
5014,14233,7,0
5021,14233,1,1
5022,14233,5,1
5015,14947,2,0
5022,16797,1,0
5021,17794,3,0
5021,18523,2,0
5020,21137,2,0
5022,21137,2,1
5015,21288,6,0
5015,21709,3,0
5014,21903,3,0
5016,21903,2,1
5020,21903,4,1
5021,21903,5,1
5019,22935,2,0
5014,24852,1,0
5018,24964,2,0
5018,26209,6,0
5019,26209,3,1
5020,27086,5,0
5015,27845,1,0
5019,27845,6,1
5018,27966,5,0
5022,27966,3,1
5016,28204,4,0
5017,28204,4,1
5014,28842,4,0
5018,34126,7,0
5015,35221,4,0
5016,35221,1,1
5020,35951,6,0
5017,37710,3,0
5018,39275,4,0
5019,39275,5,1
5022,39275,4,1
5017,40706,2,0
5014,43352,6,0
5015,44632,5,0
5019,44632,4,1
5014,45007,5,0
5018,45007,1,1
5019,47209,7,0
5020,47209,3,1
5017,47626,5,0
5018,47626,3,1
5014,47766,2,0
5017,49235,6,0
5025,4605,5,0
5024,8518,7,0
5032,13176,1,0
5030,14233,2,0
5031,14947,1,0
5026,16797,6,0
5027,16797,2,1
5031,16797,3,1
5027,21137,6,0
5025,21288,4,0
5027,21288,3,1
5028,21709,3,0
5025,21903,3,0
5029,21903,3,1
5024,22935,5,0
5027,22935,8,1
5024,24852,1,0
5025,24852,1,1
5026,24852,2,1
5029,24852,1,1
5024,26209,3,0
5026,26209,4,1
5027,26209,7,1
5028,26209,2,1
5029,26209,6,1
5032,26209,2,1
5028,26620,4,0
5029,26620,5,1
5024,27845,4,0
5026,27845,1,1
5027,27845,1,1
5029,27845,4,1
5024,28204,6,0
5028,28204,1,1
5030,30489,4,0
5025,35221,6,0
5031,37710,4,0
5027,39275,4,0
5030,39275,1,1
5027,43352,5,0
5030,43352,3,1
5031,44632,2,0
5027,45007,9,0
5024,47626,2,0
5026,47626,3,1
5025,47766,2,0
5029,47766,2,1
5026,49683,5,0
5038,5077,2,0
5039,5876,3,0
5037,6184,5,0
5039,13176,8,0
5036,14233,2,0
5035,14947,3,0
5036,14947,3,1
5038,14947,4,1
5037,16797,1,0
5039,16797,4,1
5035,17794,4,0
5039,17794,2,1
5038,18523,6,0
5034,21137,3,0
5035,21137,6,1
5039,21137,6,1
5041,21137,7,1
5037,21288,2,0
5040,21288,1,1
5041,21288,5,1
5034,21709,1,0
5036,21709,4,1
5039,21709,1,1
5039,21903,5,0
5040,21903,4,1
5035,24852,5,0
5036,24852,6,1
5040,24852,2,1
5039,24964,7,0
5041,26620,2,0
5038,27086,3,0
5040,27086,5,1
5036,27845,1,0
5038,27845,1,1
5041,27845,1,1
5035,27966,2,0
5040,27966,7,1
5041,28204,6,0
5038,30489,5,0
5035,31717,1,0
5041,35951,3,0
5037,39275,3,0
5036,39928,5,0
5040,39928,8,1
5040,40706,6,0
5041,40706,4,1
5037,43352,4,0
5034,47766,2,0
5040,47766,3,1
5046,4605,6,0
5044,5876,2,0
5048,6184,4,0
5046,12341,4,0
5047,12341,5,1
5046,13176,1,0
5043,14947,1,0
5047,14947,1,1
5048,16797,3,0
5046,21137,2,0
5044,21288,4,0
5043,21709,2,0
5047,21709,2,1
5048,21709,1,1
5043,21903,5,0
5045,21903,3,1
5045,24852,1,0
5043,24964,7,0
5044,26209,3,0
5047,26209,6,1
5044,27845,5,0
5043,35221,3,0
5046,35221,5,1
5047,35221,3,1
5048,35221,5,1
5048,37710,2,0
5048,39275,6,0
5044,43352,1,0
5043,44632,4,0
5047,44632,4,1
5043,46979,6,0
5046,47209,3,0
5045,47766,2,0
5048,47766,7,1
5050,196,8,0
5054,4605,3,0
5051,8518,7,0
5052,8518,5,1
5051,12341,3,0
5052,12341,7,1
5055,12341,7,1
5051,13176,6,0
5053,13176,3,1
5050,14233,5,0
5054,14233,4,1
5050,16797,1,0
5051,16797,8,1
5052,16797,1,1
5055,16797,1,1
5057,16797,2,1
5055,21137,2,0
5050,21288,2,0
5051,21288,1,1
5052,21288,2,1
5053,21288,1,1
5056,21288,1,1
5053,22825,2,0
5055,22935,5,0
5050,24184,7,0
5056,24852,6,0
5056,24964,2,0
5055,26209,6,0
5056,26209,7,1
5057,26209,4,1
5051,26620,4,0
5054,27845,1,0
5057,27845,1,1
5051,27966,9,0
5055,27966,3,1
5051,30489,2,0
5052,30489,6,1
5053,34126,4,0
5050,39275,3,0
5052,39275,3,1
5055,39275,4,1
5054,40706,5,0
5050,43352,4,0
5052,43352,4,1
5057,44632,3,0
5054,45007,2,0
5056,45007,4,1
5056,46979,5,0
5050,47209,6,0
5056,47626,3,0
5051,49235,5,0
5060,4605,3,0
5061,4605,2,1
5065,6184,2,0
5061,10749,1,0
5063,10749,3,1
5060,12341,4,0
5062,12341,3,1
5067,13176,3,0
5065,14947,6,0
5059,16797,1,0
5059,21137,2,0
5067,21288,1,0
5061,21709,3,0
5066,21903,4,0
5062,22825,6,0
5065,24852,1,0
5066,24852,2,1
5063,24964,2,0
5063,26620,4,0
5060,27086,1,0
5065,27086,4,1
5060,27845,2,0
5065,27845,7,1
5066,27845,1,1
5059,27966,3,0
5062,28204,2,0
5065,28204,3,1
5067,28842,5,0
5064,30489,3,0
5064,31717,1,0
5064,34126,2,0
5065,35221,5,0
5059,39275,4,0
5067,39275,2,1
5062,39928,1,0
5064,39928,4,1
5066,40706,5,0
5067,40706,4,1
5062,43154,4,0
5062,43352,5,0
5066,43352,7,1
5065,45007,8,0
5063,46979,1,0
5066,47766,3,0
5066,49235,6,0
5060,49683,5,0
5067,49683,6,1
5071,4605,3,0
5071,8518,2,0
5069,13176,3,0
5071,14947,5,0
5072,14947,2,1
5069,21137,7,0
5070,21137,1,1
5072,21709,1,0
5070,22825,3,0
5071,22825,4,1
5072,26620,4,0
5069,27086,5,0
5069,27966,1,0
5071,28204,1,0
5069,31717,2,0
5072,35221,3,0
5069,35951,4,0
5070,35951,2,1
5071,40706,6,0
5069,44632,6,0
5070,47626,5,0
5070,47766,4,0
5074,5077,3,0
5082,5876,5,0
5082,6184,8,0
5082,8518,1,0
5075,12341,6,0
5075,13176,1,0
5078,13176,6,1
5081,14233,5,0
5076,14947,1,0
5078,14947,1,1
5075,16797,4,0
5077,16797,2,1
5079,16797,2,1
5080,16797,1,1
5075,21137,2,0
5079,21137,1,1
5077,21288,3,0
5079,21288,3,1
5081,21288,1,1
5076,21709,2,0
5077,21709,1,1
5078,21709,2,1
5074,21903,1,0
5077,21903,6,1
5078,21903,7,1
5081,22825,3,0
5074,22935,2,0
5082,24964,3,0
5078,26209,8,0
5078,26620,4,0
5077,27086,8,0
5074,27104,4,0
5079,27104,7,1
5077,28842,7,0
5079,31717,8,0
5076,35221,3,0
5078,35221,3,1
5079,37710,6,0
5077,39275,4,0
5079,39275,4,1
5081,39275,2,1
5078,40706,5,0
5077,43352,5,0
5079,43352,5,1
5075,44632,5,0
5076,44632,4,1
5082,46979,4,0
5075,47209,3,0
5077,47209,9,1
5080,47209,3,1
5081,47626,4,0
5082,47626,6,1
5080,47766,2,0
5082,49235,2,0
5080,49683,4,0
5082,49683,7,1
5086,4605,2,0
5090,5077,2,0
5088,5876,6,0
5089,5876,2,1
5085,13176,1,0
5090,13176,4,1
5091,13176,2,1
5086,14233,4,0
5087,14947,1,0
5090,16797,1,0
5085,21137,2,0
5086,21137,1,1
5091,21137,3,1
5089,21288,7,0
5091,21288,1,1
5085,21709,7,0
5087,21709,2,1
5088,21709,4,1
5084,21903,3,0
5088,22935,2,0
5084,24184,5,0
5084,24852,1,0
5084,24964,4,0
5085,24964,6,1
5089,26209,6,0
5088,26620,1,0
5090,27086,6,0
5089,27845,4,0
5088,28204,5,0
5087,35221,3,0
5086,35951,3,0
5088,35951,3,1
5089,35951,5,1
5085,40706,5,0
5090,40706,3,1
5090,43154,5,0
5087,44632,4,0
5085,45007,4,0
5089,45007,3,1
5085,47209,3,0
5087,47209,5,1
5091,47209,4,1
5084,47766,2,0
5089,47766,1,1
5096,4605,7,0
5093,8518,4,0
5095,12341,6,0
5094,13176,1,0
5095,14233,1,0
5095,16797,4,0
5094,21137,2,0
5096,21288,1,0
5096,21709,2,0
5093,21903,3,0
5095,24184,3,0
5093,24852,1,0
5095,24852,2,1
5097,24852,1,1
5096,24964,3,0
5097,26209,3,0
5093,27966,5,0
5096,30489,5,0
5094,39928,4,0
5094,43352,6,0
5095,43352,5,1
5096,45007,6,0
5094,47209,3,0
5097,47626,2,0
5093,47766,2,0
5096,47766,4,1
5094,49235,7,0
5094,49683,5,0
5101,196,5,0
5099,14947,1,0
5100,14947,1,1
5099,16797,5,0
5101,21137,2,0
5101,21288,3,0
5099,21709,2,0
5100,21709,2,1
5101,24964,6,0
5100,27086,5,0
5099,35221,3,0
5100,35221,3,1
5101,37710,4,0
5099,44632,4,0
5100,44632,4,1
5101,44632,1,1
5105,8518,6,0
5105,14947,3,0
5106,14947,2,1
5103,16797,4,0
5104,16797,1,1
5107,16797,1,1
5103,17794,2,0
5103,21137,5,0
5104,21137,2,1
5105,21137,5,1
5106,21137,6,1
5107,21137,5,1
5107,21288,2,0
5106,21709,1,0
5103,24964,7,0
5106,26620,4,0
5107,26620,6,1
5103,27966,1,0
5104,27966,3,1
5103,28204,6,0
5106,35221,3,0
5104,39275,4,0
5105,39275,1,1
5107,39275,3,1
5103,39928,3,0
5106,39928,7,1
5107,43154,8,0
5107,43352,4,0
5107,46979,7,0
5106,47209,5,0
5105,47626,4,0
5105,49235,2,0
5113,196,2,0
5116,196,4,1
5111,8518,5,0
5117,14233,2,0
5115,14947,2,0
5109,16797,1,0
5113,18523,4,0
5112,21137,5,0
5109,21288,2,0
5111,21709,2,0
5116,21709,1,1
5110,21903,3,0
5112,22935,4,0
5110,24852,1,0
5112,24852,1,1
5114,24964,3,0
5112,26209,3,0
5117,26209,3,1
5117,27086,1,0
5111,27845,3,0
5113,27845,1,1
5112,27966,6,0
5114,27966,5,1
5114,28204,2,0
5115,34126,1,0
5111,35951,1,0
5109,39275,3,0
5113,40706,3,0
5116,40706,2,1
5109,43352,4,0
5116,44632,5,0
5111,45007,6,0
5115,45007,3,1
5111,46979,4,0
5114,46979,1,1
5114,47209,4,0
5115,47209,4,1
5116,47209,3,1
5112,47626,2,0
5110,47766,2,0
5112,47766,7,1
5120,196,4,0
5124,196,1,1
5120,4605,5,0
5119,5077,2,0
5124,5876,2,0
5121,12341,4,0
5122,12341,2,1
5123,12341,2,1
5123,18523,3,0
5121,21288,8,0
5124,21288,5,1
5120,21903,3,0
5125,21903,3,1
5121,24184,6,0
5124,24184,4,1
5120,24852,1,0
5125,24852,1,1
5119,26620,5,0
5122,26620,4,1
5119,27086,3,0
5121,27104,7,0
5122,27104,1,1
5119,27845,1,0
5121,27845,1,1
5124,28204,3,0
5121,39275,2,0
5121,39928,3,0
5125,39928,4,1
5119,43154,6,0
5119,43352,4,0
5123,44632,1,0
5122,47209,3,0
5125,47209,5,1
5121,47626,5,0
5120,47766,2,0
5125,47766,2,1
5123,49683,4,0
5127,4605,6,0
5131,4605,1,1
5127,8518,4,0
5129,10749,4,0
5131,10749,4,1
5128,12341,2,0
5129,13176,2,0
5131,14233,2,0
5130,17794,6,0
5128,21137,1,0
5130,21137,1,1
5128,21288,3,0
5129,21709,3,0
5130,21903,4,0
5128,22935,4,0
5130,24852,2,0
5127,26209,2,0
5127,27104,1,0
5129,27845,1,0
5131,27845,3,1
5132,30489,2,0
5130,31717,7,0
5127,35221,5,0
5127,39275,3,0
5128,39928,5,0
5132,40706,3,0
5129,45007,5,0
5132,47209,4,0
5130,47626,5,0
5130,47766,3,0
5132,47766,6,1
5132,49235,1,0
5132,49683,5,0
5142,4605,2,0
5135,5876,5,0
5140,5876,6,1
5141,5876,1,1
5137,6184,7,0
5134,12341,6,0
5142,12341,4,1
5139,14233,6,0
5140,14233,3,1
5134,14947,1,0
5136,14947,1,1
5142,14947,1,1
5137,16797,2,0
5141,16797,3,1
5137,21137,3,0
5134,21709,2,0
5135,21709,1,1
5136,21709,2,1
5137,21709,1,1
5140,21709,7,1
5142,21709,3,1
5139,21903,3,0
5141,21903,4,1
5138,22935,1,0
5142,22935,6,1
5139,24852,1,0
5138,24964,2,0
5140,24964,4,1
5138,26209,5,0
5139,26620,4,0
5140,27845,1,0
5134,27966,7,0
5136,27966,5,1
5137,27966,4,1
5134,28204,5,0
5137,28204,8,1
5140,28204,2,1
5140,28842,8,0
5135,30489,2,0
5134,35221,3,0
5136,35221,3,1
5139,35221,5,1
5134,39275,8,0
5137,39275,5,1
5135,43154,4,0
5139,43352,7,0
5142,43352,5,1
5134,44632,4,0
5136,44632,4,1
5137,44632,9,1
5138,45007,3,0
5137,47209,6,0
5135,47626,3,0
5139,47766,2,0
5141,47766,2,1
5136,49235,6,0
5140,49235,5,1
5138,49683,4,0
5144,196,2,0
5146,4605,5,0
5146,6184,4,0
5146,21137,7,0
5147,21903,4,0
5147,22935,5,0
5146,24852,1,0
5147,24852,2,1
5146,26209,3,0
5144,27104,1,0
5147,27845,1,0
5144,27966,4,0
5145,31717,1,0
5144,34126,3,0
5145,45007,3,0
5146,47209,6,0
5146,47626,2,0
5145,47766,2,0
5147,47766,3,1
5147,49235,6,0
5151,4605,4,0
5151,5077,9,0
5151,8518,3,0
5154,8518,1,1
5151,10749,5,0
5151,13176,8,0
5149,14947,6,0
5150,14947,4,1
5151,14947,7,1
5153,14947,5,1
5155,14947,1,1
5152,16797,2,0
5155,17794,6,0
5154,18523,5,0
5149,21137,4,0
5152,21288,3,0
5150,21709,2,0
5151,21709,1,1
5152,21709,1,1
5153,21709,4,1
5154,21709,4,1
5155,21709,2,1
5152,21903,6,0
5149,24852,5,0
5150,26209,7,0
5155,26620,8,0
5150,27845,1,0
5150,27966,5,0
5152,27966,8,1
5153,27966,1,1
5154,27966,7,1
5150,28204,6,0
5153,28204,7,1
5151,31717,2,0
5153,31717,2,1
5155,35221,3,0
5149,39275,3,0
5152,39275,4,1
5153,39275,6,1
5149,40706,2,0
5152,43352,5,0
5155,44632,4,0
5151,45007,6,0
5154,45007,6,1
5153,46979,3,0
5149,47209,1,0
5155,47626,7,0
5154,47766,2,0
5154,49235,3,0
5150,49683,3,0
5152,49683,7,1
5155,49683,5,1
5158,4605,7,0
5161,13176,1,0
5159,14233,1,0
5160,14233,2,1
5157,14947,7,0
5159,14947,2,1
5157,16797,1,0
5161,16797,2,1
5159,18523,6,0
5157,21137,2,0
5157,21288,5,0
5158,21709,1,0
5159,21709,3,1
5160,21709,1,1
5158,22935,2,0
5159,24184,5,0
5157,24852,8,0
5157,24964,6,0
5158,24964,3,1
5158,27845,6,0
5157,27966,3,0
5161,28204,3,0
5158,34126,9,0
5157,39275,4,0
5158,45007,4,0
5158,47209,8,0
5160,47209,4,1
5159,47626,4,0
5160,47766,3,0
5158,49683,5,0
5164,5077,2,0
5165,6184,4,0
5163,13176,5,0
5163,14947,1,0
5166,14947,2,1
5168,14947,1,1
5163,21709,2,0
5164,21709,1,1
5166,21709,3,1
5168,21709,2,1
5167,21903,5,0
5165,22825,6,0
5167,22935,1,0
5165,24852,1,0
5167,24964,2,0
5165,26209,3,0
5166,27845,1,0
5165,27966,7,0
5166,30489,6,0
5164,34126,3,0
5165,34126,5,1
5163,35221,3,0
5166,35221,4,1
5167,35221,7,1
5168,35221,3,1
5167,37710,8,0
5163,39275,6,0
5164,43154,5,0
5167,43352,6,0
5163,44632,4,0
5166,44632,5,1
5168,44632,4,1
5167,45007,3,0
5165,47626,2,0
5164,49683,4,0
5167,49683,4,1
5174,6184,1,0
5174,12341,2,0
5170,13176,2,0
5174,13176,3,1
5175,13176,1,1
5171,14947,6,0
5170,21137,4,0
5171,21137,1,1
5175,21137,2,1
5171,21903,5,0
5172,21903,5,1
5173,21903,4,1
5173,22935,3,0
5171,26209,4,0
5172,26209,4,1
5170,27086,1,0
5171,27104,3,0
5171,27966,2,0
5172,27966,2,1
5173,27966,7,1
5170,28204,3,0
5172,30489,3,0
5170,35221,5,0
5173,35221,2,1
5172,35951,1,0
5173,40706,6,0
5175,40706,4,1
5175,46979,5,0
5175,47209,3,0
5170,47766,6,0
5173,47766,5,1
5172,49683,6,0
5173,49683,1,1
5177,13176,1,0
5178,14233,2,0
5179,14233,1,1
5180,17794,1,0
5177,21137,2,0
5178,22825,4,0
5178,24964,3,0
5180,27966,2,0
5178,35221,7,0
5178,37710,1,0
5179,37710,2,1
5179,39275,3,0
5177,47209,3,0
5178,47209,6,1
5178,47766,5,0
5186,6184,4,0
5184,14233,2,0
5185,14233,8,1
5183,14947,2,0
5184,14947,3,1
5182,16797,4,0
5186,16797,3,1
5185,17794,5,0
5182,21137,2,0
5185,21709,1,0
5185,21903,4,0
5186,22935,5,0
5184,24184,1,0
5185,24852,2,0
5186,24964,6,0
5186,27845,1,0
5183,37710,3,0
5185,39275,7,0
5186,39275,2,1
5182,40706,3,0
5183,43154,1,0
5185,43352,6,0
5186,44632,7,0
5182,47626,1,0
5185,47766,3,0
5184,49235,4,0
5190,10749,8,0
5188,12341,2,0
5189,14947,1,0
5189,21709,2,0
5190,21709,1,1
5190,22935,2,0
5190,24964,3,0
5189,26620,4,0
5188,27845,4,0
5188,28204,5,0
5188,28842,7,0
5189,35221,3,0
5188,35951,3,0
5188,37710,6,0
5190,39275,7,0
5190,39928,6,0
5190,45007,4,0
5189,47766,5,0
5188,49683,1,0
5190,49683,5,1
5196,196,6,0
5199,196,2,1
5198,5876,4,0
5193,13176,2,0
5195,14233,3,0
5192,14947,1,0
5194,14947,5,1
5195,14947,4,1
5199,16797,5,0
5196,18523,9,0
5193,21137,4,0
5194,21137,1,1
5199,21137,4,1
5192,21709,2,0
5193,21709,1,1
5195,21709,2,1
5196,21709,1,1
5194,21903,4,0
5198,21903,3,1
5192,22935,7,0
5196,22935,2,1
5194,24852,2,0
5198,24852,1,1
5199,24852,6,1
5196,24964,3,0
5192,26620,4,0
5195,27845,1,0
5192,35221,3,0
5197,37710,2,0
5199,39275,3,0
5196,40706,8,0
5197,40706,1,1
5192,43154,5,0
5196,45007,4,0
5192,46979,6,0
5193,46979,3,1
5198,47209,5,0
5192,47766,8,0
5194,47766,3,1
5198,47766,2,1
5196,49235,7,0
5199,49235,1,1
5196,49683,5,0
5207,4605,4,0
5207,5077,6,0
5205,5876,7,0
5204,12341,2,0
5205,12341,6,1
5204,14233,5,0
5201,14947,1,0
5202,14947,4,1
5205,16797,1,0
5206,16797,2,1
5202,21137,3,0
5206,21137,3,1
5202,21288,6,0
5204,21288,3,1
5205,21288,2,1
5206,21288,1,1
5207,21288,1,1
5201,21709,2,0
5203,21709,1,1
5203,21903,4,0
5202,22825,5,0
5206,22825,7,1
5205,22935,5,0
5203,24852,2,0
5202,26209,1,0
5201,26620,4,0
5206,27086,6,0
5204,27845,1,0
5206,27966,4,0
5204,28204,4,0
5207,28842,3,0
5201,35221,3,0
5204,37710,6,0
5202,39275,2,0
5205,39275,3,1
5206,39275,5,1
5203,40706,5,0
5201,43154,5,0
5207,43154,2,1
5205,43352,4,0
5207,43352,7,1
5203,47766,3,0
5207,49683,5,0
5211,6184,5,0
5212,12341,3,0
5209,13176,3,0
5211,13176,2,1
5212,14947,2,0
5209,17794,2,0
5211,21137,3,0
5212,21137,1,1
5210,24852,1,0
5210,26209,3,0
5212,26209,5,1
5209,27104,4,0
5211,27845,1,0
5211,39275,6,0
5209,43154,1,0
5212,43352,4,0
5210,47209,4,0
5211,47209,4,1
5210,47626,2,0
5209,49235,5,0
5218,196,4,0
5220,5077,3,0
5217,13176,2,0
5218,13176,3,1
5215,14947,4,0
5216,14947,1,1
5214,16797,1,0
5218,16797,1,1
5218,18523,2,0
5215,21137,6,0
5217,21137,3,1
5214,21288,2,0
5216,21288,6,1
5216,21709,2,0
5217,21709,1,1
5220,22825,2,0
5217,22935,5,0
5216,24852,5,0
5219,24852,1,1
5215,26209,1,0
5219,26209,3,1
5218,26620,5,0
5215,27966,7,0
5220,27966,4,1
5215,34126,5,0
5216,35221,3,0
5214,39275,3,0
5220,39275,1,1
5214,43352,4,0
5215,43352,8,1
5216,44632,4,0
5215,47209,2,0
5217,47209,4,1
5219,47626,2,0
5215,47766,3,0
5217,49683,6,0
5228,5077,5,0
5229,14233,2,0
5226,14947,2,0
5229,14947,3,1
5222,16797,4,0
5226,21288,7,0
5226,21709,3,0
5227,21709,1,1
5229,21709,4,1
5230,21709,1,1
5230,21903,4,0
5228,24184,2,0
5222,24852,1,0
5223,24852,2,1
5225,24852,1,1
5227,24852,2,1
5230,24852,2,1
5227,24964,6,0
5230,24964,7,1
5222,26209,3,0
5224,26209,1,1
5225,26209,3,1
5227,26209,4,1
5226,27086,8,0
5229,27086,1,1
5223,27845,1,0
5226,27845,1,1
5228,27845,1,1
5227,28204,8,0
5223,34126,3,0
5226,35221,4,0
5230,35951,8,0
5230,39275,5,0
5227,40706,5,0
5222,43154,5,0
5226,44632,5,0
5227,45007,7,0
5228,45007,3,1
5222,47209,6,0
5223,47209,4,1
5226,47209,6,1
5228,47209,4,1
5222,47626,2,0
5225,47626,2,1
5227,47626,3,1
5230,47626,6,1
5224,47766,2,0
5230,47766,3,1
5232,5077,2,0
5234,14233,6,0
5234,14947,2,0
5233,18523,7,0
5234,21137,7,0
5234,21709,3,0
5233,21903,6,0
5233,24852,4,0
5232,27086,3,0
5233,27086,1,1
5232,27845,1,0
5233,27845,5,1
5234,27845,1,1
5232,31717,4,0
5233,34126,3,0
5234,35221,4,0
5233,39275,2,0
5234,44632,5,0
5232,47626,5,0
5234,47626,9,1
5234,47766,8,0
5240,5077,2,0
5238,5876,5,0
5242,5876,2,1
5236,12341,2,0
5239,13176,4,0
5241,13176,1,1
5242,13176,4,1
5237,14233,3,0
5236,16797,4,0
5238,16797,1,1
5238,21137,2,0
5239,21137,2,1
5241,21137,2,1
5236,21288,1,0
5237,21288,1,1
5236,21903,7,0
5241,21903,4,1
5242,22825,1,0
5237,24184,4,0
5238,24852,6,0
5236,24964,6,0
5237,24964,7,1
5241,24964,5,1
5240,27086,3,0
5240,27845,1,0
5238,27966,3,0
5236,28842,5,0
5237,30489,6,0
5237,31717,5,0
5239,31717,6,1
5242,35221,3,0
5237,39275,2,0
5238,39275,4,1
5242,39928,5,0
5239,47209,3,0
5241,47209,3,1
5236,47626,3,0
5239,47626,5,1
5239,49235,1,0
5240,49235,4,1
5246,14233,4,0
5248,14233,5,1
5245,14947,5,0
5249,14947,1,1
5246,21137,5,0
5244,21288,6,0
5246,21709,1,0
5249,21709,2,1
5244,21903,3,0
5248,21903,3,1
5244,24852,1,0
5247,24852,1,1
5248,24852,1,1
5247,26209,3,0
5246,27845,3,0
5245,28204,2,0
5244,30489,5,0
5246,35221,6,0
5248,35221,4,1
5249,35221,3,1
5245,39928,4,0
5246,40706,2,0
5249,44632,4,0
5249,47209,5,0
5244,47626,4,0
5247,47626,2,1
5244,47766,2,0
5245,47766,3,1
5248,47766,2,1
5245,49683,1,0
5251,5077,2,0
5255,5077,8,1
5256,5876,7,0
5253,13176,2,0
5255,13176,7,1
5256,13176,5,1
5252,16797,4,0
5255,16797,1,1
5256,16797,6,1
5251,18523,8,0
5251,21137,7,0
5253,21137,3,1
5254,21137,1,1
5253,21288,1,0
5255,21288,2,1
5256,21288,1,1
5255,21709,5,0
5251,21903,3,0
5255,21903,6,1
5254,22935,6,0
5254,24852,2,0
5252,24964,3,0
5256,24964,4,1
5254,26209,4,0
5254,26620,5,0
5252,27086,1,0
5252,27104,2,0
5256,27966,3,0
5251,28204,5,0
5251,37710,4,0
5255,39275,3,0
5255,43352,4,0
5256,46979,2,0
5251,47209,1,0
5253,47209,4,1
5254,47626,3,0
5251,47766,6,0
5259,5077,2,0
5259,5876,5,0
5260,5876,7,1
5260,13176,2,0
5259,14233,7,0
5258,16797,7,0
5260,21137,3,0
5258,21709,3,0
5259,21903,4,0
5258,22825,2,0
5258,24964,4,0
5259,27086,3,0
5260,27086,1,1
5259,27845,1,0
5258,30489,6,0
5259,31717,6,0
5260,35221,5,0
5258,39928,1,0
5260,45007,6,0
5258,46979,5,0
5260,47209,4,0
5264,196,9,0
5267,5077,2,0
5265,6184,2,0
5264,14947,2,0
5262,16797,1,0
5264,18523,7,0
5262,21137,2,0
5263,21288,1,0
5264,21709,3,0
5265,21709,1,1
5263,21903,4,0
5265,21903,4,1
5263,24852,2,0
5266,24852,1,1
5264,26620,5,0
5267,27086,3,0
5264,27845,1,0
5267,27845,1,1
5262,27966,3,0
5266,30489,2,0
5264,35221,4,0
5266,37710,3,0
5262,39275,4,0
5266,40706,4,0
5262,44632,5,0
5265,45007,3,0
5264,46979,6,0
5264,47626,8,0
5263,47766,3,0
5272,4605,5,0
5275,4605,7,1
5269,5876,1,0
5275,8518,5,0
5269,12341,6,0
5275,13176,6,0
5273,16797,1,0
5274,16797,1,1
5275,16797,3,1
5269,21137,5,0
5273,21137,2,1
5274,21288,2,0
5269,21709,3,0
5272,21903,3,0
5271,22935,1,0
5272,24852,1,0
5274,24852,5,1
5275,24852,2,1
5269,26209,4,0
5270,26209,4,1
5271,26620,2,0
5275,27845,1,0
5272,27966,4,0
5273,27966,3,1
5269,28204,2,0
5270,30489,1,0
5273,30489,6,1
5270,31717,7,0
5271,39275,3,0
5273,39275,4,1
5274,39275,3,1
5270,43154,2,0
5275,43154,8,1
5274,43352,4,0
5273,45007,5,0
5275,46979,4,0
5270,47209,8,0
5270,47626,6,0
5272,47766,2,0
5270,49235,3,0
5270,49683,5,0
5278,12341,6,0
5280,13176,2,0
5278,14233,2,0
5278,14947,3,0
5280,21137,3,0
5278,21709,4,0
5279,21709,1,1
5277,21903,4,0
5279,21903,4,1
5277,24852,6,0
5279,24852,2,1
5277,27845,5,0
5278,27845,1,1
5280,27845,1,1
5277,28204,2,0
5280,44632,5,0
5280,47209,4,0
5277,47626,1,0
5277,47766,7,0
5279,47766,3,1
5277,49235,3,0
5278,49683,5,0
5286,6184,4,0
5284,10749,7,0
5286,14233,5,0
5287,16797,6,0
5288,16797,1,1
5283,21137,3,0
5288,21137,2,1
5284,21288,5,0
5285,21288,3,1
5284,21903,6,0
5285,21903,2,1
5282,22935,2,0
5284,22935,1,1
5288,24184,5,0
5282,24852,3,0
5284,24964,2,0
5287,26620,3,0
5285,27966,4,0
5287,27966,4,1
5288,27966,3,1
5285,34126,1,0
5286,34126,3,1
5283,39275,4,0
5288,39275,4,1
5286,39928,1,0
5287,43154,2,0
5283,43352,2,0
5283,44632,1,0
5287,44632,5,1
5284,45007,3,0
5286,45007,6,1
5287,45007,7,1
5286,46979,7,0
5288,47209,6,0
5282,49235,1,0
5286,49235,2,1
5287,49235,1,1
5284,49683,4,0
5290,4605,5,0
5290,12341,6,0
5290,14947,1,0
5291,14947,2,1
5293,14947,1,1
5291,16797,8,0
5290,21709,2,0
5291,21709,1,1
5292,21709,1,1
5293,21709,2,1
5291,21903,7,0
5292,24852,4,0
5290,26620,4,0
5292,26620,3,1
5293,26620,4,1
5291,27086,6,0
5291,27966,5,0
5290,35221,3,0
5291,35221,3,1
5293,35221,3,1
5290,43154,7,0
5291,44632,4,0
5290,49235,8,0
5292,49235,2,1
5296,4605,1,0
5296,13176,5,0
5297,13176,6,1
5298,13176,7,1
5301,13176,5,1
5297,14947,2,0
5300,14947,2,1
5301,14947,1,1
5297,16797,5,0
5299,16797,1,1
5298,21137,2,0
5296,21288,2,0
5298,21288,4,1
5299,21288,2,1
5300,21288,1,1
5301,21288,7,1
5297,21709,4,0
5298,21709,3,1
5300,21709,3,1
5301,21709,2,1
5296,21903,7,0
5297,21903,7,1
5297,24852,1,0
5295,26209,2,0
5297,26209,3,1
5301,26620,4,0
5296,27086,3,0
5298,27845,1,0
5295,27966,1,0
5298,27966,8,1
5298,30489,6,0
5300,35221,4,0
5301,35221,3,1
5299,39275,3,0
5300,39275,6,1
5299,43352,4,0
5300,44632,5,0
5296,45007,6,0
5301,45007,6,1
5296,47626,4,0
5298,49683,5,0
5305,6184,3,0
5303,13176,3,0
5306,14947,1,0
5305,21288,4,0
5303,21709,2,0
5306,21709,2,1
5303,22825,1,0
5304,26209,3,0
5306,26620,4,0
5305,27966,2,0
5305,31717,1,0
5306,35221,3,0
5304,35951,1,0
5306,35951,6,1
5304,46979,2,0
5303,47209,4,0
5306,47626,5,0
5303,49235,5,0
5310,14947,1,0
5310,21709,2,0
5309,21903,3,0
5309,24852,1,0
5308,24964,3,0
5308,26620,1,0
5308,28204,4,0
5310,35221,3,0
5310,44632,4,0
5309,47766,2,0
5308,49683,2,0
5312,8518,1,0
5314,13176,2,0
5315,21137,1,0
5313,22935,1,0
5313,24964,2,0
5314,26209,1,0
5314,26620,5,0
5312,27086,3,0
5313,27086,6,1
5315,28842,3,0
5315,40706,4,0
5312,43154,2,0
5313,43352,5,0
5313,45007,3,0
5314,46979,4,0
5314,47766,3,0
5312,49683,4,0
5313,49683,4,1
5315,49683,2,1
5319,8518,2,0
5318,13176,5,0
5319,14233,6,0
5317,14947,1,0
5318,17794,6,0
5317,21709,2,0
5319,21709,5,1
5317,21903,7,0
5318,24852,1,0
5318,26209,3,0
5319,27845,1,0
5317,27966,5,0
5319,27966,3,1
5319,34126,4,0
5317,35221,3,0
5317,44632,4,0
5317,47209,6,0
5318,47626,2,0
5318,49235,4,0
5321,5077,2,0
5322,5077,2,1
5324,5876,1,0
5324,6184,3,0
5324,13176,7,0
5322,16797,5,0
5321,21137,4,0
5323,21137,5,1
5324,21903,5,0
5321,27086,3,0
5322,27086,3,1
5323,27086,1,1
5321,27845,1,0
5322,27845,1,1
5322,27966,4,0
5324,28204,6,0
5324,30489,4,0
5323,35221,6,0
5323,43154,2,0
5323,47626,4,0
5323,47766,3,0
5324,47766,2,1
5331,5876,5,0
5328,6184,6,0
5329,8518,5,0
5330,8518,4,1
5330,12341,2,0
5330,14233,1,0
5327,14947,2,0
5326,16797,1,0
5326,21137,2,0
5327,21288,1,0
5327,21709,3,0
5328,21709,1,1
5331,21903,3,0
5330,22825,7,0
5328,22935,2,0
5329,22935,1,1
5331,22935,6,1
5331,24852,1,0
5328,24964,3,0
5329,24964,2,1
5330,26209,3,0
5326,27966,3,0
5326,28204,5,0
5326,28842,7,0
5327,35221,4,0
5331,35951,4,0
5326,39275,4,0
5329,39275,7,1
5330,39275,5,1
5330,40706,6,0
5329,43352,6,0
5327,44632,5,0
5328,45007,4,0
5329,45007,3,1
5326,47626,6,0
5328,47766,7,0
5331,47766,2,1
5328,49683,5,0
5329,49683,4,1
5334,13176,2,0
5334,21137,3,0
5333,21903,3,0
5335,22935,1,0
5333,24852,1,0
5335,24964,2,0
5334,27845,1,0
5335,45007,3,0
5334,47209,4,0
5333,47766,2,0
5335,49683,4,0
5338,5077,2,0
5341,13176,1,0
5341,14947,6,0
5342,14947,2,1
5344,14947,7,1
5338,16797,4,0
5339,16797,2,1
5341,21137,2,0
5342,21137,1,1
5337,21288,3,0
5339,21288,3,1
5340,21288,1,1
5337,21709,2,0
5342,21709,3,1
5341,21903,5,0
5343,21903,4,1
5344,21903,4,1
5338,22935,5,0
5340,24852,3,0
5342,24852,7,1
5343,24852,2,1
5344,24852,2,1
5337,24964,1,0
5342,26620,6,0
5344,26620,5,1
5338,27086,3,0
5339,27086,1,1
5344,27104,8,0
5338,27845,1,0
5343,27845,1,1
5344,27845,1,1
5338,30489,6,0
5342,35221,4,0
5339,39275,4,0
5342,39275,8,1
5339,43352,5,0
5344,43352,6,1
5340,44632,4,0
5342,44632,5,1
5341,46979,7,0
5341,47209,3,0
5341,47626,4,0
5343,47766,3,0
5344,47766,3,1
5340,49683,2,0
5346,196,6,0
5352,196,2,1
5351,4605,4,0
5351,5876,2,0
5351,6184,6,0
5349,8518,7,0
5351,8518,8,1
5346,14947,1,0
5348,14947,1,1
5353,14947,1,1
5346,16797,5,0
5350,16797,6,1
5352,16797,4,1
5353,16797,5,1
5349,21137,3,0
5350,21137,1,1
5351,21137,3,1
5347,21288,2,0
5349,21288,6,1
5351,21288,1,1
5354,21288,2,1
5346,21709,2,0
5347,21709,1,1
5348,21709,2,1
5349,21709,1,1
5353,21709,2,1
5354,21709,1,1
5350,22935,4,0
5354,24852,9,0
5351,26209,7,0
5354,26209,5,1
5353,26620,6,0
5354,26620,6,1
5351,27966,9,0
5354,27966,7,1
5353,34126,7,0
5346,35221,3,0
5348,35221,3,1
5352,35221,3,1
5353,35221,3,1
5354,35221,8,1
5347,35951,5,0
5354,35951,4,1
5348,39275,5,0
5353,39275,8,1
5347,40706,3,0
5346,44632,4,0
5348,44632,4,1
5353,44632,4,1
5354,44632,3,1
5346,45007,8,0
5347,45007,4,1
5349,45007,5,1
5349,46979,4,0
5352,47209,1,0
5346,47626,7,0
5350,47766,5,0
5350,49235,2,0
5349,49683,2,0
5350,49683,3,1
5351,49683,5,1
5357,14233,2,0
5356,14947,1,0
5357,14947,3,1
5358,16797,1,0
5357,21137,4,0
5358,21288,2,0
5356,21709,2,0
5357,21709,1,1
5356,26620,4,0
5356,35221,3,0
5358,39275,3,0
5358,43352,4,0
5360,8518,5,0
5361,13176,6,0
5361,14233,1,0
5360,14947,1,0
5361,14947,2,1
5360,16797,6,0
5360,21709,2,0
5361,21709,3,1
5361,21903,5,0
5362,24852,1,0
5360,24964,7,0
5362,26209,3,0
5360,35221,3,0
5361,43352,4,0
5360,44632,4,0
5361,44632,7,1
5362,47626,2,0
5369,5077,7,0
5364,5876,2,0
5367,8518,6,0
5367,10749,5,0
5367,14947,1,0
5368,14947,1,1
5369,16797,2,0
5368,17794,5,0
5369,21288,3,0
5370,21288,1,1
5367,21709,2,0
5368,21709,2,1
5369,21709,1,1
5364,21903,3,0
5365,21903,2,1
5366,21903,1,1
5370,21903,4,1
5368,24852,8,0
5370,24852,2,1
5366,24964,3,0
5365,26209,4,0
5366,26209,2,1
5367,26620,4,0
5366,27086,5,0
5368,27086,6,1
5365,27966,1,0
5368,27966,7,1
5369,27966,6,1
5366,28842,4,0
5365,34126,5,0
5367,35221,3,0
5368,35221,3,1
5369,39275,4,0
5365,39928,3,0
5369,43352,5,0
5364,44632,1,0
5368,44632,4,1
5370,47766,3,0
5375,196,5,0
5375,12341,4,0
5372,13176,4,0
5373,13176,3,1
5374,14947,3,0
5376,16797,2,0
5376,18523,8,0
5374,21137,1,0
5376,21137,3,1
5376,21709,9,0
5376,21903,6,0
5375,22935,6,0
5372,24852,1,0
5375,24852,1,1
5372,26209,3,0
5375,26209,3,1
5376,27104,7,0
5373,27845,1,0
5376,27845,1,1
5376,27966,4,0
5374,28204,5,0
5373,35221,2,0
5376,39275,5,0
5374,40706,4,0
5374,45007,2,0
5372,47626,2,0
5375,47626,2,1
5378,5876,6,0
5385,5876,8,1
5381,13176,1,0
5384,13176,2,1
5378,14233,5,0
5380,14233,1,1
5378,14947,1,0
5380,14947,2,1
5382,14947,5,1
5383,14947,3,1
5381,21137,2,0
5382,21137,1,1
5378,21709,2,0
5380,21709,3,1
5383,21709,2,1
5384,21709,1,1
5382,21903,4,0
5383,22825,8,0
5379,24852,1,0
5382,24852,2,1
5384,24852,3,1
5385,24852,2,1
5379,26209,3,0
5385,26209,4,1
5383,27845,1,0
5385,27845,1,1
5383,27966,7,0
5378,35221,3,0
5383,35221,4,1
5381,35951,4,0
5380,39275,4,0
5385,39928,5,0
5383,40706,6,0
5378,44632,4,0
5383,44632,5,1
5381,47209,3,0
5385,47209,6,1
5378,47626,7,0
5379,47626,2,1
5385,47626,3,1
5382,47766,3,0
5385,49235,7,0
5388,4605,7,0
5387,5876,5,0
5388,5876,9,1
5388,6184,8,0
5387,13176,6,0
5388,16797,2,0
5388,21137,3,0
5388,21288,6,0
5390,21288,1,1
5391,21709,7,0
5387,21903,3,0
5391,21903,3,1
5392,21903,3,1
5392,22935,4,0
5387,24852,1,0
5391,24852,1,1
5392,24852,1,1
5392,24964,6,0
5391,27104,5,0
5388,27845,1,0
5388,27966,4,0
5389,30489,3,0
5388,39275,5,0
5389,39928,5,0
5389,40706,1,0
5391,40706,6,1
5390,44632,2,0
5391,44632,4,1
5387,46979,4,0
5389,47626,2,0
5387,47766,2,0
5391,47766,2,1
5392,47766,2,1
5389,49235,4,0
5392,49683,5,0
5394,5077,2,0
5399,5876,5,0
5399,6184,4,0
5398,14233,5,0
5397,14947,1,0
5398,14947,1,1
5399,14947,2,1
5400,14947,2,1
5395,17794,1,0
5397,21137,7,0
5397,21709,2,0
5398,21709,2,1
5400,21709,1,1
5395,22935,3,0
5395,24852,2,0
5396,24964,2,0
5397,26209,5,0
5394,27086,3,0
5396,27104,4,0
5394,27845,1,0
5396,27845,1,1
5399,27845,7,1
5395,27966,4,0
5395,28204,5,0
5398,30489,6,0
5399,31717,3,0
5397,35221,3,0
5398,35221,3,1
5400,35221,3,1
5396,39275,5,0
5399,39928,1,0
5397,40706,6,0
5397,44632,4,0
5398,44632,4,1
5400,44632,4,1
5396,47209,3,0
5394,47766,4,0
5399,49235,6,0
5395,49683,6,0
5403,196,4,0
5404,196,2,1
5403,4605,2,0
5404,5876,7,0
5405,10749,7,0
5402,13176,4,0
5403,14233,5,0
5403,21137,1,0
5405,21288,5,0
5405,21903,6,0
5404,22935,6,0
5403,24852,3,0
5404,24964,3,0
5405,26620,1,0
5402,27104,3,0
5405,27104,3,1
5402,27966,2,0
5405,27966,2,1
5404,34126,5,0
5402,40706,1,0
5404,43352,4,0
5404,45007,1,0
5402,47209,5,0
5403,49683,6,0
5405,49683,4,1
5408,13176,1,0
5407,16797,1,0
5409,16797,6,1
5407,21137,2,0
5408,21137,2,1
5409,21137,1,1
5409,21903,4,0
5408,22935,5,0
5409,24852,2,0
5407,27966,3,0
5408,35951,4,0
5407,39275,4,0
5410,43154,2,0
5409,43352,5,0
5407,47209,5,0
5408,47209,3,1
5410,47626,1,0
5409,47766,3,0
5418,5876,2,0
5416,13176,6,0
5418,14233,8,0
5412,14947,4,0
5415,14947,1,1
5418,14947,3,1
5416,16797,8,0
5417,21288,1,0
5415,21709,2,0
5416,21903,3,0
5417,22935,2,0
5417,24184,6,0
5418,24184,4,1
5412,24852,3,0
5417,24964,3,0
5413,26209,4,0
5413,27086,3,0
5414,27086,2,1
5413,27845,1,0
5418,27966,5,0
5414,28204,4,0
5416,28204,7,1
5412,28842,1,0
5415,35221,3,0
5414,35951,5,0
5412,37710,5,0
5413,39275,2,0
5414,39928,3,0
5412,40706,2,0
5414,40706,1,1
5416,43352,4,0
5415,44632,4,0
5413,45007,5,0
5417,45007,4,1
5418,46979,7,0
5417,47209,7,0
5418,47209,1,1
5416,47626,2,0
5416,47766,5,0
5418,47766,6,1
5416,49235,1,0
5417,49683,5,0
5422,196,6,0
5420,5876,2,0
5423,6184,4,0
5424,8518,6,0
5421,13176,1,0
5424,16797,1,0
5422,18523,5,0
5421,21137,2,0
5424,21137,2,1
5423,21903,3,0
5422,22935,1,0
5423,24852,1,0
5424,24852,5,1
5422,24964,2,0
5421,26209,5,0
5423,27086,7,0
5424,27104,8,0
5424,27845,7,0
5424,27966,3,0
5421,28842,4,0
5421,39275,6,0
5424,39275,4,1
5420,39928,5,0
5423,43154,6,0
5420,44632,4,0
5423,44632,5,1
5420,45007,1,0
5422,45007,3,1
5421,47209,3,0
5420,47626,3,0
5423,47766,2,0
5422,49683,4,0
5427,4605,5,0
5428,4605,3,1
5428,5876,2,0
5428,12341,5,0
5429,12341,5,1
5427,13176,1,0
5429,13176,1,1
5427,21137,2,0
5428,21137,1,1
5429,21137,2,1
5426,22935,1,0
5426,24964,2,0
5429,39928,4,0
5426,45007,3,0
5428,45007,4,1
5427,47209,3,0
5429,47209,3,1
5427,47766,4,0
5426,49683,4,0
5436,5876,6,0
5437,5876,5,1
5438,5876,3,1
5431,13176,1,0
5434,13176,1,1
5437,13176,1,1
5438,14233,4,0
5432,16797,5,0
5434,21137,2,0
5437,21137,2,1
5433,21288,1,0
5437,21288,4,1
5435,21903,3,0
5439,21903,3,1
5432,22935,2,0
5433,22935,2,1
5436,22935,7,1
5438,22935,2,1
5435,24852,1,0
5439,24852,1,1
5436,27845,4,0
5432,27966,3,0
5436,34126,5,0
5434,40706,4,0
5438,40706,6,1
5431,43352,4,0
5433,45007,3,0
5436,45007,2,1
5436,46979,1,0
5438,46979,1,1
5431,47209,3,0
5434,47209,3,1
5436,47209,3,1
5437,47209,3,1
5432,47626,1,0
5432,47766,4,0
5435,47766,2,1
5438,47766,5,1
5439,47766,2,1
5431,49235,2,0
5433,49235,4,1
5441,14947,1,0
5443,14947,1,1
5442,21137,1,0
5443,21288,5,0
5441,21709,2,0
5443,21709,2,1
5443,26620,4,0
5442,34126,3,0
5441,35221,3,0
5443,35221,3,1
5441,44632,4,0
5442,45007,4,0
5442,49235,2,0
5448,14947,1,0
5449,14947,2,1
5445,16797,1,0
5445,17794,6,0
5445,21288,2,0
5447,21288,3,1
5448,21709,2,0
5449,21709,1,1
5445,21903,5,0
5446,24852,1,0
5446,26209,3,0
5449,26620,4,0
5446,28204,4,0
5447,35221,2,0
5448,35221,3,1
5449,35221,3,1
5445,39275,3,0
5449,39928,5,0
5445,43352,4,0
5448,44632,4,0
5447,45007,1,0
5446,47626,2,0
5454,4605,1,0
5455,5077,6,0
5456,5876,7,0
5454,12341,5,0
5451,13176,5,0
5456,13176,3,1
5451,14947,1,0
5453,16797,1,0
5454,18523,6,0
5452,21137,1,0
5451,21709,2,0
5452,21709,2,1
5456,22935,6,0
5456,24184,4,0
5452,24852,3,0
5454,24852,2,1
5455,24852,2,1
5452,26209,5,0
5455,26209,4,1
5451,26620,4,0
5452,26620,8,1
5454,26620,4,1
5456,27086,2,0
5455,27845,1,0
5456,27845,1,1
5452,30489,7,0
5455,30489,5,1
5451,35221,3,0
5454,39275,3,0
5453,43154,2,0
5456,46979,5,0
5452,47209,6,0
5452,47626,4,0
5455,47626,3,1
5453,49683,3,0
5459,196,4,0
5460,196,6,1
5461,5077,2,0
5462,5077,3,1
5461,5876,5,0
5461,6184,4,0
5458,8518,6,0
5459,10749,6,0
5462,13176,2,0
5463,14233,5,0
5462,14947,6,0
5458,21137,3,0
5459,21137,5,1
5463,21709,1,0
5460,21903,7,0
5462,21903,4,1
5460,24852,1,0
5463,24964,4,0
5460,26209,3,0
5459,26620,2,0
5461,27086,3,0
5462,27086,1,1
5463,27086,7,1
5461,27845,1,0
5458,27966,1,0
5463,34126,3,0
5459,35221,1,0
5463,35951,6,0
5463,37710,2,0
5458,43154,2,0
5458,43352,5,0
5458,44632,4,0
5460,44632,5,1
5462,45007,5,0
5460,47626,2,0
5459,47766,3,0
5460,49235,4,0
5465,4605,4,0
5466,5876,7,0
5465,13176,1,0
5468,14947,1,0
5466,17794,8,0
5465,21137,2,0
5468,21709,2,0
5467,21903,3,0
5466,22935,1,0
5467,22935,4,1
5467,24852,1,0
5466,24964,2,0
5467,24964,7,1
5468,26620,4,0
5465,27086,5,0
5466,27845,6,0
5467,30489,6,0
5466,34126,5,0
5468,35221,3,0
5467,40706,5,0
5466,45007,3,0
5465,47209,3,0
5467,47766,2,0
5466,49683,4,0
5472,4605,2,0
5472,12341,6,0
5470,14233,5,0
5471,16797,2,0
5471,21288,3,0
5472,21288,1,1
5470,21903,3,0
5472,22935,4,0
5470,24852,1,0
5472,27086,3,0
5471,27845,1,0
5472,35951,5,0
5471,39275,4,0
5471,43352,5,0
5470,47626,4,0
5470,47766,2,0
5472,49683,7,0
5478,4605,5,0
5475,5077,5,0
5478,12341,6,0
5477,13176,7,0
5475,14233,6,0
5477,14947,2,0
5478,16797,1,0
5479,16797,1,1
5479,17794,7,0
5475,21288,3,0
5478,21288,2,1
5479,21288,2,1
5477,21709,3,0
5478,24184,7,0
5474,24852,1,0
5476,24852,1,1
5476,26209,3,0
5477,26620,5,0
5474,27086,4,0
5475,27845,1,0
5477,27845,1,1
5475,31717,2,0
5474,34126,2,0
5477,35221,4,0
5479,35951,5,0
5478,39275,3,0
5479,39275,3,1
5474,40706,3,0
5477,40706,6,1
5479,40706,6,1
5478,43352,4,0
5479,43352,4,1
5476,47626,2,0
5475,49235,4,0
5485,5077,3,0
5484,13176,1,0
5483,14233,1,0
5482,14947,2,0
5483,14947,2,1
5481,16797,1,0
5485,17794,5,0
5484,21137,2,0
5485,21137,2,1
5481,21288,2,0
5482,21288,1,1
5482,21709,3,0
5483,21709,3,1
5482,24852,6,0
5484,24852,4,1
5481,24964,5,0
5485,24964,8,1
5485,27086,4,0
5485,27845,1,0
5482,35221,4,0
5485,35221,7,1
5481,39275,3,0
5481,43352,4,0
5482,44632,5,0
5485,45007,6,0
5484,47209,3,0
5488,5077,3,0
5490,5876,4,0
5492,5876,5,1
5489,6184,2,0
5487,8518,4,0
5491,8518,6,1
5490,13176,1,0
5492,13176,2,1
5487,14233,2,0
5493,14233,1,1
5491,16797,1,0
5488,21137,2,0
5490,21137,2,1
5491,21137,2,1
5492,21137,3,1
5492,21288,1,0
5487,22935,3,0
5487,24184,1,0
5488,24184,7,1
5489,24964,6,0
5488,26620,4,0
5489,27086,1,0
5488,27845,6,0
5491,27845,5,1
5493,27845,3,1
5487,27966,5,0
5489,27966,4,1
5491,27966,3,1
5489,28204,3,0
5493,35221,2,0
5489,35951,5,0
5491,37710,7,0
5491,39275,4,0
5488,44632,5,0
5490,47209,3,0
5492,47209,4,1
5488,49683,1,0
5497,5077,3,0
5496,6184,1,0
5496,13176,4,0
5498,14947,1,0
5495,16797,1,0
5496,21137,5,0
5497,21137,1,1
5498,21709,2,0
5495,22825,3,0
5496,26209,3,0
5498,26209,5,1
5497,27086,4,0
5497,27845,2,0
5495,27966,4,0
5496,27966,6,1
5498,35221,3,0
5495,44632,2,0
5498,44632,4,1
5496,49683,2,0
5505,5077,2,0
5501,13176,2,0
5503,14233,2,0
5503,14947,3,0
5507,14947,1,1
5500,16797,1,0
5502,16797,1,1
5504,16797,4,1
5506,16797,1,1
5500,17794,5,0
5501,21137,3,0
5502,21137,2,1
5500,21288,2,0
5501,21288,1,1
5503,21288,1,1
5505,21288,4,1
5506,21288,2,1
5503,21709,4,0
5504,21709,1,1
5506,21709,6,1
5507,21709,2,1
5507,22935,5,0
5507,24964,8,0
5507,26620,7,0
5505,27086,3,0
5505,27845,1,0
5502,27966,3,0
5507,35221,3,0
5500,39275,3,0
5502,39275,4,1
5506,39275,3,1
5506,39928,5,0
5504,40706,2,0
5505,43154,5,0
5500,43352,4,0
5504,43352,5,1
5506,43352,4,1
5507,44632,4,0
5501,47209,4,0
5504,47626,3,0
5507,49235,6,0
5500,49683,6,0
5514,196,1,0
5512,5077,7,0
5513,8518,3,0
5510,12341,4,0
5511,13176,1,0
5512,13176,8,1
5512,14947,1,0
5515,16797,1,0
5514,18523,5,0
5511,21137,2,0
5513,21137,1,1
5515,21137,2,1
5509,21288,2,0
5512,21709,2,0
5514,21903,3,0
5513,24964,2,0
5509,26209,4,0
5512,26209,6,1
5513,26620,4,0
5515,26620,6,1
5511,27845,4,0
5515,27966,3,0
5514,30489,4,0
5512,35221,3,0
5510,39275,1,0
5515,39275,4,1
5509,40706,1,0
5514,43154,7,0
5514,43352,2,0
5512,44632,4,0
5510,45007,3,0
5509,46979,3,0
5511,47209,3,0
5511,47626,5,0
5512,47766,5,0
5515,47766,5,1
5510,49683,2,0
5514,49683,6,1
5521,4605,6,0
5517,5077,3,0
5522,12341,6,0
5522,13176,5,0
5523,13176,3,1
5520,14947,3,0
5521,14947,1,1
5522,14947,1,1
5524,14947,2,1
5520,16797,1,0
5524,16797,4,1
5523,21137,1,0
5524,21137,1,1
5518,21288,1,0
5521,21709,2,0
5522,21709,2,1
5523,21709,2,1
5517,22935,4,0
5521,24184,8,0
5517,27086,5,0
5523,27086,6,1
5520,27104,2,0
5519,27966,1,0
5520,28842,4,0
5517,35221,1,0
5521,35221,3,1
5522,35221,3,1
5518,37710,3,0
5524,39275,5,0
5518,39928,2,0
5524,40706,6,0
5524,43154,3,0
5517,44632,2,0
5519,44632,2,1
5521,44632,4,1
5522,44632,4,1
5523,45007,5,0
5521,47209,5,0
5523,47209,4,1
5521,47626,7,0
5518,49683,4,0
5526,14947,1,0
5528,21288,6,0
5526,21709,2,0
5527,21709,1,1
5527,22935,6,0
5528,22935,1,1
5528,24964,2,0
5527,27845,7,0
5527,27966,3,0
5527,28204,2,0
5528,31717,5,0
5526,35221,3,0
5527,43352,5,0
5526,44632,4,0
5527,44632,4,1
5526,45007,5,0
5528,45007,3,1
5528,49683,4,0
5530,5876,6,0
5531,10749,7,0
5533,13176,1,0
5530,16797,1,0
5532,17794,1,0
5530,21137,2,0
5531,21137,5,1
5533,21137,2,1
5531,21288,1,0
5533,21903,4,0
5530,22825,5,0
5531,22935,2,0
5530,27966,3,0
5530,39275,4,0
5531,40706,4,0
5532,40706,3,1
5532,44632,4,0
5531,46979,6,0
5533,47209,3,0
5531,47626,3,0
5532,49683,2,0
5538,4605,3,0
5535,5876,6,0
5539,13176,4,0
5536,14947,5,0
5536,16797,1,0
5537,21137,4,0
5536,21288,2,0
5535,21709,4,0
5539,21903,3,0
5535,22935,1,0
5538,22935,2,1
5537,24852,1,0
5538,24852,1,1
5539,24852,1,1
5537,24964,6,0
5535,26209,7,0
5537,26209,3,1
5535,27966,3,0
5538,27966,4,1
5536,39275,3,0
5535,39928,2,0
5538,40706,5,0
5536,43352,4,0
5537,47209,5,0
5537,47626,2,0
5535,47766,5,0
5539,47766,2,1
5544,196,3,0
5544,6184,4,0
5544,10749,7,0
5541,13176,1,0
5543,13176,7,1
5544,13176,6,1
5545,14233,4,0
5542,14947,1,0
5543,14947,2,1
5545,16797,5,0
5543,21137,5,0
5542,21709,2,0
5543,21709,1,1
5545,21709,1,1
5541,22935,2,0
5544,26620,2,0
5545,27086,2,0
5544,30489,8,0
5542,35221,3,0
5543,35221,3,1
5544,39928,5,0
5542,44632,4,0
5543,44632,4,1
5545,47766,3,0
5543,49235,6,0
5544,49235,1,1
5549,4605,5,0
5553,5876,5,0
5551,6184,2,0
5548,13176,1,0
5553,13176,7,1
5550,14233,3,0
5547,14947,1,0
5552,14947,5,1
5554,14947,2,1
5552,16797,6,0
5549,18523,7,0
5548,21137,2,0
5549,21137,1,1
5552,21137,2,1
5547,21709,2,0
5554,21709,3,1
5553,21903,3,0
5551,22935,4,0
5553,22935,6,1
5549,24852,2,0
5553,24852,1,1
5550,24964,2,0
5551,24964,3,1
5549,26209,4,0
5552,26209,4,1
5547,26620,4,0
5554,26620,5,1
5550,27104,4,0
5550,27845,1,0
5554,27845,1,1
5547,35221,3,0
5549,35221,6,1
5552,35221,3,1
5554,35221,4,1
5551,40706,1,0
5550,44632,5,0
5554,46979,6,0
5548,47209,3,0
5549,47626,3,0
5552,47766,1,0
5553,47766,2,1
5553,49683,4,0
5562,196,4,0
5560,4605,4,0
5562,4605,3,1
5563,5876,6,0
5564,5876,6,1
5556,8518,6,0
5561,12341,1,0
5558,13176,4,0
5559,14233,5,0
5556,14947,1,0
5557,16797,1,0
5562,16797,1,1
5563,16797,8,1
5564,16797,2,1
5559,17794,6,0
5558,21137,2,0
5564,21137,3,1
5558,21288,1,0
5559,21288,7,1
5563,21288,1,1
5556,21709,2,0
5558,21903,3,0
5561,21903,4,1
5563,21903,4,1
5559,22935,1,0
5560,24852,2,0
5563,24852,2,1
5556,24964,7,0
5559,24964,2,1
5557,26620,2,0
5561,26620,2,1
5563,27086,7,0
5556,27104,5,0
5564,27845,1,0
5564,27966,4,0
5561,34126,6,0
5556,35221,3,0
5561,37710,7,0
5564,39275,5,0
5561,39928,3,0
5562,40706,5,0
5563,43352,5,0
5556,44632,4,0
5558,44632,5,1
5560,44632,1,1
5559,45007,3,0
5560,45007,3,1
5562,45007,2,1
5560,46979,5,0
5561,47766,5,0
5563,47766,3,1
5559,49683,4,0
5564,49683,7,1
5566,14947,1,0
5568,14947,2,1
5567,17794,2,0
5566,21709,2,0
5567,24964,3,0
5567,26620,1,0
5568,27845,5,0
5569,27845,2,1
5569,27966,3,0
5567,30489,4,0
5566,35221,3,0
5567,39275,7,0
5568,39928,1,0
5569,39928,1,1
5569,43154,4,0
5566,44632,4,0
5567,44632,8,1
5568,44632,3,1
5567,47209,5,0
5566,47766,5,0
5567,49235,6,0
5568,49683,4,0
5574,4605,4,0
5573,5077,2,0
5574,12341,1,0
5572,14947,1,0
5572,16797,5,0
5572,21709,2,0
5571,22935,1,0
5571,24964,2,0
5573,27086,3,0
5574,27086,7,1
5573,27845,1,0
5571,28842,5,0
5574,31717,5,0
5572,35221,3,0
5572,39928,6,0
5572,44632,4,0
5574,44632,6,1
5571,45007,3,0
5574,45007,3,1
5574,47626,2,0
5571,49683,4,0
5577,196,1,0
5580,8518,8,0
5577,14233,2,0
5578,14947,5,0
5580,14947,7,1
5580,16797,5,0
5578,21137,6,0
5579,21709,1,0
5580,21903,3,0
5578,22935,1,0
5579,24852,2,0
5578,24964,2,0
5579,24964,5,1
5579,26209,4,0
5576,27086,1,0
5580,27845,1,0
5580,28842,2,0
5579,30489,7,0
5578,35221,7,0
5579,37710,6,0
5580,39275,4,0
5578,40706,8,0
5580,43154,6,0
5576,43352,4,0
5578,45007,3,0
5579,47626,3,0
5576,47766,3,0
5576,49683,2,0
5578,49683,4,1
5584,4605,5,0
5584,5077,2,0
5584,8518,6,0
5585,14947,2,0
5583,21137,2,0
5585,21709,3,0
5582,22935,1,0
5582,24852,5,0
5582,24964,2,0
5583,24964,3,1
5585,26620,5,0
5585,27086,1,0
5584,27104,3,0
5583,27845,1,0
5585,35221,4,0
5582,40706,6,0
5584,43154,1,0
5582,45007,3,0
5584,49235,4,0
5582,49683,4,0
5592,196,7,0
5589,5077,2,0
5587,5876,4,0
5592,5876,6,1
5593,5876,3,1
5593,12341,5,0
5591,13176,1,0
5588,14947,2,0
5592,14947,2,1
5587,16797,5,0
5591,21137,2,0
5592,21137,1,1
5588,21709,3,0
5592,21709,3,1
5593,21709,1,1
5591,24184,5,0
5587,24852,3,0
5593,24852,8,1
5588,26209,9,0
5589,27086,3,0
5588,27845,1,0
5589,27845,1,1
5587,28842,1,0
5588,30489,7,0
5590,30489,3,1
5592,30489,9,1
5588,31717,8,0
5592,34126,8,0
5588,35221,4,0
5592,35221,4,1
5590,39275,2,0
5591,39275,4,1
5593,39275,4,1
5593,43154,2,0
5588,44632,5,0
5592,44632,5,1
5593,44632,7,1
5591,47209,3,0
5587,47766,2,0
5593,49235,6,0
5588,49683,6,0
5590,49683,1,1
5595,5077,2,0
5595,5876,1,0
5596,5876,2,1
5595,10749,7,0
5598,10749,6,1
5595,12341,4,0
5597,14947,1,0
5597,16797,6,0
5598,16797,4,1
5598,17794,8,0
5598,21137,5,0
5598,21288,2,0
5597,21709,2,0
5598,21709,1,1
5596,22825,4,0
5596,22935,6,0
5596,26209,5,0
5598,26209,7,1
5595,26620,3,0
5597,26620,4,1
5596,27086,1,0
5595,27845,5,0
5596,27845,7,1
5595,35221,6,0
5597,35221,3,1
5598,37710,3,0
5596,39275,3,0
5596,49235,8,0
5597,49235,5,1
5600,5876,5,0
5601,16797,5,0
5602,16797,1,1
5602,21137,2,0
5601,21903,3,0
5600,22935,3,0
5602,22935,5,1
5601,24852,1,0
5600,26209,2,0
5601,27845,6,0
5600,27966,1,0
5602,27966,3,1
5602,39275,4,0
5600,40706,6,0
5601,43154,7,0
5601,44632,4,0
5601,47766,2,0
5600,49235,4,0
5608,4605,4,0
5604,5077,2,0
5606,10749,7,0
5610,13176,3,0
5606,14233,6,0
5608,14233,1,1
5612,14233,2,1
5606,14947,2,0
5612,14947,3,1
5610,18523,1,0
5608,21137,3,0
5609,21137,4,1
5606,21709,3,0
5612,21709,4,1
5605,21903,3,0
5611,21903,3,1
5612,22825,5,0
5608,22935,2,0
5605,24852,1,0
5609,24852,1,1
5610,24852,4,1
5611,24852,1,1
5609,26209,3,0
5604,27086,3,0
5604,27845,1,0
5606,27845,1,1
5607,27845,2,1
5612,27845,1,1
5611,27966,7,0
5612,28204,6,0
5607,30489,4,0
5611,31717,5,0
5607,34126,3,0
5606,35221,4,0
5607,39275,1,0
5610,43154,5,0
5606,44632,5,0
5609,46979,5,0
5611,47209,4,0
5609,47626,2,0
5605,47766,2,0
5610,47766,2,1
5611,47766,2,1
5610,49235,6,0
5611,49683,6,0
5614,5876,1,0
5617,6184,4,0
5615,13176,1,0
5616,14233,2,0
5616,14947,3,0
5614,21137,3,0
5615,21137,2,1
5616,21137,1,1
5614,21709,2,0
5616,21709,4,1
5617,21709,1,1
5617,35951,5,0
5615,37710,4,0
5616,44632,6,0
5616,45007,7,0
5617,46979,2,0
5614,47209,5,0
5615,47209,3,1
5616,47209,5,1
5614,47626,4,0
5617,49683,3,0
5619,14233,1,0
5619,14947,2,0
5622,14947,1,1
5619,17794,5,0
5619,21709,3,0
5620,21709,1,1
5622,21709,2,1
5620,24852,2,0
5621,24852,3,1
5620,26209,4,0
5622,26209,5,1
5622,26620,4,0
5620,27966,5,0
5621,28204,2,0
5622,35221,3,0
5619,45007,4,0
5621,47209,4,0
5620,47626,3,0
5621,49235,1,0
5631,5876,8,0
5624,10749,5,0
5625,12341,4,0
5628,13176,7,0
5624,14947,1,0
5627,14947,1,1
5631,14947,2,1
5626,16797,1,0
5627,16797,5,1
5629,16797,3,1
5626,21137,2,0
5629,21137,2,1
5628,21288,1,0
5629,21288,4,1
5624,21709,2,0
5627,21709,2,1
5631,21709,3,1
5632,21709,1,1
5630,21903,3,0
5632,21903,4,1
5627,22825,7,0
5628,24184,6,0
5628,24852,8,0
5630,24852,1,1
5632,24852,2,1
5629,24964,7,0
5632,24964,6,1
5629,26209,8,0
5632,26620,5,0
5629,27845,1,0
5631,27845,1,1
5626,27966,3,0
5628,27966,2,1
5625,28204,1,0
5628,28204,5,1
5624,35221,3,0
5627,35221,3,1
5631,35221,4,1
5625,35951,3,0
5626,35951,5,1
5626,39275,4,0
5629,39275,5,1
5625,40706,2,0
5627,40706,6,1
5632,43154,7,0
5629,43352,6,0
5624,44632,4,0
5627,44632,4,1
5631,44632,5,1
5628,45007,4,0
5631,45007,6,1
5624,47209,6,0
5628,47626,3,0
5630,47766,2,0
5631,47766,7,1
5632,47766,3,1
5635,5077,2,0
5634,13176,6,0
5634,16797,1,0
5634,21288,2,0
5636,21288,5,1
5635,21903,4,0
5636,24852,2,0
5637,24852,7,1
5637,24964,5,0
5636,26209,4,0
5637,26620,2,0
5635,27086,3,0
5636,27086,1,1
5635,27845,1,0
5637,27845,4,1
5635,35951,5,0
5634,39275,3,0
5636,39275,6,1
5634,43352,4,0
5637,43352,6,1
5637,47209,1,0
5636,47626,3,0
5634,47766,5,0
5637,47766,3,1
5644,4605,6,0
5639,5876,5,0
5644,5876,1,1
5639,8518,3,0
5644,12341,5,0
5642,13176,1,0
5643,13176,3,1
5639,14233,6,0
5641,14233,6,1
5646,14233,7,1
5641,14947,5,0
5642,14947,7,1
5645,14947,1,1
5641,17794,7,0
5641,18523,3,0
5642,18523,5,1
5642,21137,2,0
5643,21137,4,1
5640,21709,4,0
5643,21709,2,1
5645,21709,2,1
5646,21709,1,1
5640,22825,1,0
5641,22825,4,1
5644,22825,7,1
5646,22935,2,0
5642,24852,6,0
5646,24964,3,0
5639,27845,7,0
5642,27845,3,1
5643,27845,1,1
5640,28842,3,0
5641,28842,1,1
5644,28842,2,1
5644,31717,4,0
5639,34126,1,0
5643,35221,6,0
5645,35221,3,1
5643,37710,7,0
5642,39275,4,0
5644,39275,3,1
5646,40706,6,0
5639,43154,4,0
5641,43352,2,0
5640,44632,2,0
5645,44632,4,1
5646,45007,4,0
5639,47209,2,0
5643,47209,5,1
5646,47209,9,1
5646,47626,8,0
5643,49235,8,0
5646,49683,5,0
5652,8518,4,0
5652,12341,2,0
5653,13176,1,0
5652,14233,3,0
5651,14947,2,0
5652,18523,1,0
5648,21137,1,0
5649,21137,4,1
5653,21137,2,1
5648,21709,3,0
5651,21709,3,1
5652,21709,5,1
5654,21903,3,0
5648,22935,2,0
5650,24852,2,0
5654,24852,1,1
5654,24964,4,0
5649,27104,6,0
5651,27845,1,0
5649,27966,3,0
5650,27966,3,1
5653,27966,4,1
5653,30489,5,0
5651,35221,4,0
5654,35221,5,1
5652,35951,6,0
5649,37710,1,0
5651,44632,5,0
5650,45007,1,0
5653,47209,3,0
5649,47626,5,0
5654,47766,2,0
5649,49235,2,0
5656,4605,6,0
5656,13176,7,0
5657,13176,2,1
5656,14233,3,0
5658,14947,2,0
5660,16797,1,0
5659,18523,2,0
5657,21137,1,0
5658,21137,1,1
5660,21288,2,0
5658,21709,3,0
5659,26209,3,0
5658,26620,5,0
5656,27086,2,0
5660,27086,6,1
5658,35221,4,0
5660,39275,3,0
5656,40706,4,0
5660,40706,5,1
5660,43352,4,0
5656,46979,1,0
5657,47209,3,0
5656,49235,5,0
5659,49683,1,0
5664,5077,2,0
5665,5077,6,1
5666,12341,3,0
5663,13176,1,0
5666,13176,2,1
5665,14233,3,0
5663,21137,2,0
5663,21709,5,0
5665,21709,7,1
5663,22825,7,0
5662,22935,3,0
5665,24964,5,0
5664,27086,3,0
5665,27086,1,1
5666,27086,1,1
5664,27845,1,0
5665,28204,4,0
5665,40706,2,0
5665,43154,8,0
5662,44632,2,0
5663,46979,6,0
5662,47209,1,0
5663,47209,3,1
5663,49683,4,0
5669,4605,4,0
5670,5077,3,0
5670,8518,4,0
5668,16797,1,0
5668,21288,2,0
5669,21288,1,1
5669,22825,5,0
5670,24964,2,0
5670,26620,1,0
5669,28204,3,0
5670,30489,5,0
5668,39275,3,0
5668,43352,4,0
5668,47626,5,0
5669,47626,2,1
5677,4605,6,0
5675,5077,1,0
5672,5876,6,0
5675,12341,7,0
5676,14947,2,0
5672,16797,1,0
5673,16797,2,1
5674,16797,2,1
5677,16797,2,1
5672,18523,5,0
5674,21137,3,0
5672,21288,2,0
5673,21288,1,1
5674,21288,1,1
5677,21288,3,1
5676,21709,3,0
5677,21709,1,1
5678,21903,3,0
5675,22825,3,0
5678,24852,1,0
5675,26209,2,0
5677,26209,8,1
5676,27086,1,0
5674,27966,4,0
5675,27966,5,1
5675,35221,6,0
5676,35221,4,1
5672,39275,3,0
5673,39275,3,1
5674,39275,5,1
5677,39275,4,1
5677,43154,7,0
5672,43352,4,0
5673,43352,4,1
5677,43352,5,1
5676,44632,5,0
5674,47209,6,0
5678,47766,2,0
5675,49235,4,0
5680,4605,2,0
5682,5077,5,0
5684,5077,1,1
5687,5876,8,0
5681,6184,5,0
5685,8518,7,0
5681,12341,4,0
5684,12341,5,1
5681,16797,1,0
5683,16797,3,1
5680,21137,6,0
5681,21137,6,1
5680,21288,3,0
5683,21288,1,1
5687,21288,5,1
5682,21903,6,0
5686,21903,4,1
5681,22825,3,0
5685,22935,2,0
5687,22935,1,1
5682,24184,4,0
5687,24184,6,1
5684,24852,3,0
5685,24852,6,1
5686,24852,2,1
5685,24964,3,0
5687,24964,2,1
5683,26209,4,0
5684,26209,4,1
5685,26620,8,0
5682,27086,3,0
5685,27086,1,1
5686,27845,1,0
5687,27845,7,1
5680,30489,1,0
5683,40706,2,0
5682,43154,2,0
5680,43352,4,0
5684,44632,6,0
5680,45007,5,0
5685,45007,4,1
5687,45007,3,1
5684,47626,2,0
5681,47766,2,0
5686,47766,3,1
5682,49235,1,0
5685,49683,5,0
5687,49683,4,1
5690,4605,5,0
5689,5077,2,0
5690,12341,7,0
5693,16797,4,0
5690,21137,3,0
5690,21709,6,0
5692,22935,1,0
5691,24852,1,0
5692,24964,2,0
5691,26209,3,0
5689,27086,3,0
5689,27845,1,0
5690,30489,2,0
5693,31717,1,0
5692,45007,3,0
5690,47626,1,0
5691,47626,2,1
5690,49235,4,0
5693,49235,2,1
5692,49683,4,0
5693,49683,3,1
5695,196,6,0
5700,4605,2,0
5695,5876,5,0
5698,6184,5,0
5695,8518,1,0
5699,13176,2,0
5698,14233,2,0
5698,14947,3,0
5699,21137,3,0
5698,21709,4,0
5699,21709,1,1
5695,21903,4,0
5696,21903,3,1
5698,22825,6,0
5697,24184,3,0
5696,24852,1,0
5697,24852,7,1
5697,24964,2,0
5700,26209,1,0
5695,26620,3,0
5697,26620,6,1
5697,27845,1,0
5698,27845,1,1
5697,28204,8,0
5698,37710,7,0
5697,40706,4,0
5698,40706,8,1
5697,43352,5,0
5695,47209,2,0
5699,47209,4,1
5695,47766,7,0
5696,47766,2,1
5702,6184,6,0
5702,24184,4,0
5702,24852,1,0
5703,24852,2,1
5704,24852,1,1
5702,26209,3,0
5703,26209,4,1
5704,26209,3,1
5703,27845,1,0
5702,30489,5,0
5703,37710,6,0
5702,47626,2,0
5703,47626,3,1
5704,47626,2,1
5703,47766,5,0
5710,196,3,0
5706,4605,6,0
5707,5077,4,0
5709,8518,1,0
5707,10749,7,0
5707,12341,1,0
5708,14233,5,0
5706,14947,1,0
5709,14947,6,1
5710,14947,7,1
5708,16797,2,0
5710,16797,8,1
5706,21137,5,0
5707,21137,2,1
5709,21137,3,1
5706,21709,2,0
5708,21709,4,1
5709,21709,2,1
5710,21709,1,1
5710,21903,4,0
5710,22935,2,0
5709,24852,4,0
5711,24852,2,1
5709,27966,5,0
5707,30489,3,0
5710,30489,5,1
5707,31717,5,0
5708,34126,1,0
5706,35221,3,0
5711,35221,1,1
5706,39928,8,0
5708,40706,3,0
5710,40706,6,1
5706,44632,4,0
5706,45007,7,0
5707,47626,6,0
5718,196,7,0
5714,5077,7,0
5717,5876,6,0
5717,10749,5,0
5714,13176,1,0
5717,13176,2,1
5716,14947,1,0
5713,16797,2,0
5714,16797,6,1
5713,18523,1,0
5714,21137,2,0
5715,21137,1,1
5717,21137,4,1
5718,21137,1,1
5715,21288,2,0
5716,21709,2,0
5717,21709,1,1
5713,22935,4,0
5715,24184,5,0
5715,26209,4,0
5717,26209,3,1
5718,26209,2,1
5716,26620,4,0
5715,27086,3,0
5718,27966,5,0
5718,34126,4,0
5716,35221,3,0
5714,37710,4,0
5718,37710,3,1
5714,39275,5,0
5718,43154,6,0
5713,44632,3,0
5714,47209,3,0
5717,47209,8,1
5718,47626,8,0
5717,49235,7,0
5720,5077,2,0
5721,5077,2,1
5725,5077,2,1
5724,12341,2,0
5722,13176,1,0
5725,14233,4,0
5723,14947,4,0
5722,17794,5,0
5723,17794,2,1
5722,21137,2,0
5721,21288,4,0
5724,21288,4,1
5724,21709,1,0
5722,22825,4,0
5721,24964,5,0
5720,27086,3,0
5721,27086,3,1
5725,27086,3,1
5724,27104,7,0
5720,27845,1,0
5721,27845,1,1
5723,27845,3,1
5724,27845,3,1
5725,27845,1,1
5724,28204,6,0
5723,35221,1,0
5724,39928,8,0
5725,43352,5,0
5724,45007,5,0
5722,47209,3,0
5730,5077,2,0
5729,8518,3,0
5727,13176,1,0
5727,21137,2,0
5728,21137,1,1
5728,21903,4,0
5729,24184,6,0
5728,24852,2,0
5730,27086,3,0
5729,27845,1,0
5730,27845,1,1
5729,35951,4,0
5727,43154,4,0
5728,45007,6,0
5729,46979,5,0
5727,47209,3,0
5729,47209,7,1
5727,47626,5,0
5729,47626,2,1
5728,47766,3,0
5728,49683,5,0
5733,4605,4,0
5734,5876,4,0
5732,6184,8,0
5732,13176,5,0
5733,14947,1,0
5734,16797,5,0
5734,21137,2,0
5732,21709,4,0
5733,21709,3,1
5734,21709,1,1
5733,22935,5,0
5732,24964,3,0
5732,26620,1,0
5733,40706,2,0
5732,46979,7,0
5732,47209,6,0
5732,49235,2,0
5734,49683,3,0
5741,196,7,0
5736,5876,4,0
5739,6184,2,0
5742,6184,7,1
5743,8518,4,0
5744,12341,3,0
5739,13176,1,0
5742,13176,6,1
5743,13176,1,1
5740,14947,1,0
5744,14947,2,1
5737,16797,1,0
5744,18523,5,0
5737,21137,2,0
5738,21137,6,1
5739,21137,8,1
5740,21137,5,1
5743,21137,2,1
5736,21709,2,0
5739,21709,6,1
5740,21709,2,1
5741,22825,5,0
5740,22935,7,0
5742,22935,4,1
5744,22935,4,1
5741,24852,2,0
5737,24964,5,0
5742,24964,3,1
5736,26209,5,0
5738,26209,2,1
5739,26620,4,0
5740,26620,4,1
5738,27845,5,0
5742,27845,1,1
5737,27966,3,0
5741,27966,6,1
5741,34126,4,0
5738,35221,1,0
5740,35221,3,1
5742,35221,5,1
5738,37710,4,0
5739,37710,3,1
5737,39275,4,0
5739,39275,7,1
5739,40706,5,0
5741,40706,3,1
5736,43352,1,0
5741,43352,1,1
5738,44632,3,0
5736,45007,6,0
5742,45007,2,1
5744,45007,1,1
5736,46979,3,0
5743,47209,3,0
5740,47626,6,0
5748,4605,5,0
5746,6184,3,0
5748,13176,4,0
5749,13176,2,1
5750,13176,2,1
5747,14947,1,0
5748,16797,3,0
5747,21137,5,0
5749,21137,3,1
5750,21137,1,1
5749,21288,1,0
5746,21709,1,0
5747,21709,2,1
5748,21709,2,1
5748,22935,7,0
5747,24852,7,0
5750,24852,5,1
5747,24964,6,0
5748,27845,1,0
5746,28842,2,0
5747,35221,3,0
5748,37710,8,0
5746,40706,4,0
5747,44632,4,0
5748,47209,6,0
5749,47209,4,1
5750,47209,3,1
5750,47626,4,0
5757,5077,3,0
5754,5876,2,0
5754,10749,1,0
5755,13176,1,0
5758,13176,6,1
5752,14947,1,0
5755,14947,5,1
5756,14947,2,1
5753,16797,1,0
5755,21137,2,0
5753,21288,2,0
5755,21288,4,1
5752,21709,2,0
5756,21709,1,1
5757,21709,1,1
5758,21903,4,0
5754,22935,3,0
5757,22935,7,1
5758,24852,2,0
5757,24964,6,0
5752,26620,4,0
5756,26620,4,1
5754,27086,4,0
5757,27086,4,1
5758,27086,1,1
5757,27845,2,0
5755,34126,6,0
5758,34126,7,1
5752,35221,3,0
5756,35221,3,1
5753,39275,3,0
5758,40706,5,0
5753,43352,4,0
5754,46979,5,0
5753,47209,5,0
5755,47209,3,1
5757,47209,5,1
5758,47766,3,0
5762,5077,2,0
5764,5077,4,1
5765,5077,1,1
5761,5876,8,0
5766,8518,4,0
5762,12341,3,0
5766,13176,1,0
5760,14947,1,0
5768,14947,1,1
5761,16797,2,0
5762,16797,1,1
5767,16797,1,1
5761,21137,3,0
5765,21137,3,1
5766,21137,2,1
5761,21288,7,0
5763,21288,1,1
5767,21288,2,1
5760,21709,2,0
5761,21709,1,1
5765,21709,4,1
5768,21709,2,1
5762,21903,4,0
5763,21903,5,1
5764,21903,3,1
5765,21903,5,1
5763,24852,3,0
5764,24852,1,1
5768,24852,7,1
5768,24964,6,0
5761,26620,9,0
5763,27086,2,0
5761,27966,4,0
5760,35221,3,0
5765,35221,2,1
5768,35221,3,1
5767,37710,5,0
5761,39275,5,0
5767,39275,3,1
5768,39275,5,1
5760,43154,5,0
5767,43352,4,0
5760,44632,4,0
5768,44632,4,1
5766,47209,3,0
5763,47766,4,0
5764,47766,2,1
5761,49683,6,0
5771,8518,6,0
5772,13176,3,0
5774,13176,1,1
5770,14947,4,0
5772,14947,5,1
5771,18523,5,0
5770,21137,6,0
5772,21137,4,1
5774,21137,2,1
5771,21903,7,0
5770,24852,1,0
5771,24852,2,1
5774,24852,5,1
5773,24964,2,0
5770,26209,3,0
5771,26209,4,1
5771,27845,1,0
5772,27966,1,0
5770,28842,5,0
5773,28842,1,1
5771,30489,8,0
5774,31717,4,0
5773,34126,4,0
5772,44632,2,0
5774,47209,3,0
5770,47626,2,0
5771,47626,3,1
5773,49235,3,0
5776,5077,2,0
5777,21137,1,0
5778,21903,3,0
5779,21903,3,1
5778,24852,1,0
5779,24852,1,1
5777,24964,2,0
5776,27086,3,0
5778,27086,4,1
5776,27845,1,0
5776,39928,4,0
5777,44632,3,0
5778,47766,2,0
5779,47766,2,1
5781,8518,6,0
5782,12341,3,0
5781,16797,1,0
5781,21137,2,0
5782,21288,1,0
5783,22935,1,0
5783,24964,2,0
5781,27966,3,0
5781,39275,4,0
5782,39928,2,0
5783,45007,3,0
5781,46979,5,0
5783,49683,4,0
5785,5876,5,0
5786,13176,1,0
5785,16797,4,0
5788,16797,3,1
5785,17794,6,0
5787,17794,2,1
5786,21137,2,0
5786,21709,4,0
5788,21709,2,1
5785,27086,1,0
5787,28842,1,0
5787,39275,3,0
5785,39928,3,0
5785,40706,2,0
5788,45007,4,0
5786,47209,3,0
5788,49235,1,0
5793,4605,1,0
5790,5077,6,0
5791,8518,5,0
5791,13176,2,0
5795,13176,2,1
5794,14947,1,0
5792,16797,2,0
5794,16797,5,1
5791,21137,6,0
5795,21137,3,1
5792,21288,3,0
5795,21288,1,1
5794,21709,2,0
5790,22935,4,0
5790,24852,1,0
5791,24852,7,1
5793,24964,4,0
5790,26209,3,0
5795,26209,5,1
5791,27086,1,0
5791,27845,3,0
5792,27845,1,1
5791,30489,8,0
5793,31717,5,0
5790,34126,5,0
5791,35221,4,0
5794,35221,3,1
5792,39275,4,0
5792,43352,5,0
5793,44632,3,0
5794,44632,4,1
5793,45007,2,0
5795,47209,4,0
5790,47626,2,0
5797,14233,1,0
5797,14947,2,0
5797,21709,3,0
5797,21903,4,0
5798,21903,3,1
5799,22935,1,0
5798,24852,1,0
5799,24964,2,0
5798,26209,4,0
5799,45007,3,0
5798,47766,2,0
5799,49683,4,0
5805,196,1,0
5806,196,2,1
5809,5077,2,0
5801,5876,8,0
5806,5876,3,1
5804,14947,4,0
5807,14947,1,1
5808,14947,2,1
5809,14947,4,1
5801,16797,1,0
5803,16797,1,1
5801,21288,2,0
5803,21288,2,1
5804,21709,5,0
5807,21709,2,1
5808,21709,1,1
5802,21903,1,0
5805,21903,5,1
5802,22935,4,0
5801,24964,7,0
5802,26209,3,0
5806,26209,1,1
5805,26620,4,0
5808,26620,4,1
5804,27086,1,0
5809,27086,3,1
5803,27845,5,0
5804,27845,3,1
5806,27845,4,1
5809,27845,1,1
5804,27966,6,0
5805,27966,2,1
5802,28204,5,0
5805,28204,3,1
5805,34126,7,0
5801,35221,5,0
5807,35221,3,1
5808,35221,3,1
5805,35951,6,0
5801,39275,3,0
5803,39275,3,1
5803,40706,6,0
5801,43352,4,0
5802,43352,2,1
5803,43352,4,1
5801,44632,6,0
5804,44632,7,1
5807,44632,4,1
5804,47626,2,0
5812,4605,5,0
5812,5077,3,0
5813,6184,4,0
5811,14947,1,0
5811,16797,2,0
5813,21137,7,0
5812,21709,1,0
5813,21903,1,0
5812,22935,6,0
5811,24964,6,0
5811,26620,4,0
5812,27086,4,0
5813,27086,5,1
5812,27845,2,0
5813,27966,3,0
5811,43352,5,0
5813,43352,6,1
5813,44632,2,0
5811,45007,3,0
5812,47209,7,0
5815,5077,2,0
5820,13176,4,0
5817,16797,1,0
5816,17794,4,0
5815,21137,4,0
5817,21137,2,1
5819,21137,1,1
5818,21288,1,0
5820,21288,3,1
5816,21709,3,0
5819,22825,4,0
5815,24852,6,0
5816,26209,5,0
5818,26209,2,1
5815,27086,3,0
5816,27086,2,1
5815,27845,1,0
5816,27845,1,1
5818,27845,4,1
5817,27966,3,0
5819,28204,3,0
5818,31717,5,0
5820,31717,2,1
5818,35221,6,0
5817,39275,4,0
5818,39275,3,1
5820,39275,1,1
5820,39928,5,0
5815,45007,5,0
5816,47626,7,0
5816,49235,6,0
5817,49235,5,1
5819,49235,2,1
5828,4605,1,0
5829,6184,1,0
5830,6184,3,1
5824,13176,4,0
5826,13176,1,1
5828,13176,5,1
5822,14233,6,0
5822,14947,1,0
5827,14947,1,1
5830,14947,2,1
5825,16797,1,0
5830,16797,5,1
5826,21137,2,0
5825,21288,2,0
5827,21288,5,1
5822,21709,2,0
5826,21709,4,1
5827,21709,2,1
5824,21903,3,0
5828,22825,6,0
5828,22935,2,0
5825,24852,5,0
5830,24964,1,0
5823,26620,2,0
5824,26620,1,1
5830,27086,6,0
5822,27845,8,0
5828,28204,3,0
5822,30489,7,0
5822,35221,3,0
5827,35221,3,1
5829,35221,2,1
5830,35951,4,0
5827,37710,6,0
5824,39275,2,0
5825,39275,3,1
5825,43352,4,0
5828,43352,4,1
5822,44632,4,0
5827,44632,4,1
5822,45007,5,0
5823,47209,1,0
5826,47209,3,1
5829,47209,4,1
5829,47626,6,0
5829,49235,3,0
5829,49683,5,0
5832,196,5,0
5835,196,8,1
5836,5876,2,0
5832,12341,6,0
5833,12341,3,1
5833,14233,5,0
5835,14947,1,0
5835,21709,2,0
5836,21709,4,1
5834,21903,4,0
5837,22935,1,0
5833,24852,1,0
5834,24852,2,1
5837,24964,2,0
5832,26209,2,0
5834,27845,1,0
5835,27966,5,0
5837,27966,6,1
5836,28204,6,0
5834,28842,5,0
5833,30489,6,0
5836,31717,5,0
5835,35221,3,0
5833,37710,4,0
5835,37710,7,1
5836,37710,1,1
5832,39275,3,0
5836,39928,3,0
5832,43352,4,0
5833,43352,2,1
5837,43352,5,1
5835,44632,4,0
5835,45007,6,0
5837,45007,3,1
5837,46979,8,0
5833,47209,7,0
5832,47626,1,0
5834,47766,3,0
5837,49235,7,0
5837,49683,4,0
5839,4605,1,0
5847,5077,2,0
5841,5876,4,0
5845,12341,4,0
5839,13176,2,0
5841,13176,6,1
5846,13176,5,1
5842,14233,1,0
5845,14233,1,1
5840,14947,1,0
5842,14947,2,1
5844,14947,1,1
5845,14947,2,1
5846,21137,7,0
5840,21709,2,0
5841,21709,1,1
5842,21709,3,1
5844,21709,2,1
5845,21709,3,1
5846,21903,3,0
5846,22935,4,0
5846,24852,1,0
5840,24964,5,0
5840,26620,4,0
5841,26620,5,1
5847,27086,3,0
5847,27845,1,0
5846,27966,6,0
5843,28204,3,0
5845,28204,5,1
5840,35221,3,0
5844,35221,3,1
5845,37710,6,0
5841,40706,2,0
5839,43154,3,0
5839,44632,6,0
5841,44632,7,1
5844,44632,4,1
5843,45007,2,0
5839,46979,5,0
5844,47209,6,0
5841,47626,3,0
5842,47626,4,1
5839,47766,4,0
5843,47766,1,1
5844,47766,5,1
5846,47766,2,1
5854,5077,8,0
5850,14947,1,0
5851,14947,3,1
5854,14947,6,1
5849,16797,5,0
5852,16797,5,1
5853,16797,1,1
5849,17794,7,0
5851,21137,1,0
5853,21137,2,1
5854,21288,1,0
5850,21709,2,0
5852,21709,1,1
5854,21903,7,0
5854,22935,2,0
5849,24852,1,0
5852,24852,2,1
5854,24964,3,0
5849,26209,3,0
5852,26209,4,1
5850,26620,4,0
5853,27966,3,0
5849,28842,4,0
5850,35221,3,0
5851,35221,2,1
5853,39275,4,0
5854,45007,4,0
5853,47209,5,0
5849,47626,2,0
5852,47626,3,1
5849,49683,6,0
5854,49683,5,1
5860,196,5,0
5862,4605,4,0
5860,5077,2,0
5864,5077,3,1
5857,6184,4,0
5859,8518,1,0
5857,10749,2,0
5859,10749,2,1
5859,14233,5,0
5862,14947,5,0
5863,14947,3,1
5858,16797,1,0
5859,16797,4,1
5858,21288,2,0
5859,21288,6,1
5862,21288,6,1
5863,21709,2,0
5864,21709,1,1
5856,21903,3,0
5862,21903,3,1
5857,22935,3,0
5856,24852,1,0
5862,24852,1,1
5861,24964,2,0
5857,26209,1,0
5858,26209,5,1
5861,26209,3,1
5863,26620,5,0
5860,27086,3,0
5864,27086,4,1
5860,27845,1,0
5863,27845,1,1
5864,27845,2,1
5860,27966,4,0
5858,34126,6,0
5863,35221,4,0
5861,37710,1,0
5856,39275,4,0
5858,39275,3,1
5858,43352,4,0
5863,43352,6,1
5858,47626,7,0
5856,47766,2,0
5859,47766,3,1
5862,47766,2,1
5861,49235,4,0
5873,196,6,0
5870,4605,6,0
5871,5077,1,0
5872,5077,3,1
5870,10749,4,0
5871,10749,4,1
5873,13176,1,0
5873,14947,4,0
5867,16797,1,0
5869,18523,4,0
5867,21137,2,0
5872,21137,7,1
5873,21137,2,1
5874,21137,1,1
5874,21709,2,0
5867,21903,5,0
5870,21903,3,1
5871,22825,5,0
5868,22935,1,0
5869,22935,3,1
5866,24852,1,0
5870,24852,1,1
5868,24964,2,0
5869,24964,1,1
5870,24964,5,1
5866,26209,3,0
5874,26209,3,1
5873,26620,5,0
5872,27086,1,0
5872,27845,2,0
5867,27966,3,0
5869,27966,2,1
5873,27966,7,1
5867,39275,4,0
5874,40706,4,0
5866,43352,4,0
5871,43352,2,1
5868,45007,3,0
5871,45007,3,1
5872,45007,5,1
5874,45007,5,1
5872,47209,4,0
5873,47209,3,1
5866,47626,2,0
5870,47766,2,0
5868,49683,4,0
5872,49683,6,1
5876,13176,1,0
5879,14947,1,0
5880,14947,1,1
5877,16797,1,0
5878,16797,2,1
5878,17794,1,0
5876,21137,2,0
5877,21137,2,1
5880,21137,7,1
5876,21709,4,0
5879,21709,2,1
5880,21709,2,1
5876,21903,5,0
5878,22935,3,0
5879,24184,5,0
5880,24852,5,0
5877,24964,6,0
5879,26620,4,0
5877,27966,3,0
5880,28842,8,0
5879,35221,3,0
5880,35221,3,1
5877,39275,4,0
5880,40706,6,0
5880,44632,4,0
5876,47209,3,0
5877,49683,5,0
5885,8518,2,0
5883,14233,2,0
5882,14947,1,0
5883,14947,3,1
5884,14947,1,1
5884,16797,5,0
5885,21288,1,0
5882,21709,2,0
5883,21709,4,1
5884,21709,2,1
5885,21709,5,1
5882,24852,7,0
5885,26209,4,0
5882,26620,4,0
5883,27845,1,0
5882,35221,3,0
5884,35221,3,1
5882,37710,5,0
5883,37710,5,1
5885,37710,6,1
5884,44632,4,0
5885,47209,3,0
5882,47626,6,0
5888,5876,8,0
5888,6184,5,0
5887,8518,4,0
5889,14947,1,0
5889,21288,5,0
5889,21709,2,0
5889,21903,8,0
5888,22935,1,0
5887,24852,1,0
5888,24852,6,1
5888,24964,2,0
5887,26209,3,0
5889,26620,4,0
5889,28204,6,0
5889,35221,3,0
5889,37710,7,0
5888,40706,7,0
5888,45007,3,0
5887,47626,2,0
5888,49683,4,0
5898,4605,1,0
5893,5077,2,0
5897,5876,4,0
5899,5876,2,1
5893,13176,1,0
5897,13176,3,1
5893,14233,3,0
5896,14233,2,1
5895,14947,2,0
5891,16797,1,0
5897,16797,1,1
5891,21137,2,0
5894,21137,1,1
5899,21288,3,0
5895,21709,3,0
5897,21903,8,0
5897,22825,7,0
5892,22935,1,0
5894,24852,2,0
5892,24964,2,0
5894,24964,5,1
5894,26209,4,0
5897,26620,5,0
5895,27845,1,0
5891,27966,3,0
5896,30489,1,0
5895,35221,4,0
5898,35221,2,1
5891,39275,4,0
5894,39275,6,1
5895,39275,6,1
5896,43154,3,0
5895,44632,5,0
5899,44632,1,1
5892,45007,3,0
5897,46979,2,0
5894,47626,3,0
5896,47626,4,1
5897,49235,6,0
5892,49683,4,0
5905,5077,3,0
5907,5077,2,1
5905,12341,6,0
5901,13176,1,0
5904,13176,5,1
5906,13176,1,1
5908,13176,7,1
5901,14233,4,0
5907,14233,7,1
5902,14947,2,0
5906,14947,4,1
5907,14947,4,1
5903,16797,2,0
5903,18523,7,0
5902,21137,1,0
5905,21137,1,1
5906,21137,2,1
5907,21137,1,1
5903,21288,3,0
5904,21288,1,1
5902,21709,3,0
5903,21709,1,1
5908,21709,1,1
5901,22825,5,0
5904,22935,3,0
5908,22935,2,1
5905,24964,5,0
5908,24964,3,1
5907,26209,8,0
5905,27086,4,0
5907,27104,6,0
5905,27845,2,0
5906,27845,5,1
5907,27845,5,1
5908,28204,6,0
5902,30489,6,0
5904,31717,6,0
5908,31717,8,1
5902,35221,4,0
5903,39275,4,0
5901,39928,2,0
5904,43154,4,0
5903,43352,5,0
5902,44632,5,0
5908,45007,4,0
5904,47209,2,0
5906,47209,3,1
5901,47626,3,0
5903,49683,6,0
5907,49683,3,1
5908,49683,5,1
5911,196,5,0
5914,196,5,1
5912,6184,5,0
5911,13176,6,0
5913,13176,1,1
5911,14233,7,0
5913,14233,5,1
5911,14947,1,0
5914,14947,1,1
5911,16797,8,0
5912,21137,1,0
5913,21137,2,1
5911,21709,2,0
5914,21709,2,1
5910,22935,1,0
5912,24852,2,0
5912,26209,4,0
5910,27845,3,0
5913,27966,7,0
5910,28842,2,0
5911,35221,3,0
5914,35221,3,1
5913,40706,6,0
5911,44632,4,0
5914,44632,4,1
5913,47209,3,0
5912,47626,3,0
5913,47626,4,1
5918,196,3,0
5918,5876,2,0
5916,6184,2,0
5918,12341,6,0
5916,14233,8,0
5917,14947,5,0
5922,14947,1,1
5917,16797,1,0
5920,16797,2,1
5921,16797,1,1
5917,21137,6,0
5921,21137,2,1
5917,21288,2,0
5920,21288,3,1
5922,21709,2,0
5916,21903,6,0
5918,21903,7,1
5919,21903,3,1
5919,24852,1,0
5920,26209,6,0
5916,26620,1,0
5919,26620,6,1
5923,26620,2,1
5916,27086,3,0
5920,27845,1,0
5916,27966,4,0
5920,27966,7,1
5921,27966,3,1
5923,27966,1,1
5919,28204,5,0
5918,28842,4,0
5916,30489,7,0
5920,35221,8,0
5922,35221,3,1
5917,39275,3,0
5920,39275,4,1
5921,39275,4,1
5922,39275,5,1
5917,43352,4,0
5920,43352,5,1
5922,43352,6,1
5922,44632,4,0
5921,45007,5,0
5919,46979,4,0
5918,47209,1,0
5920,47626,9,0
5923,47626,5,1
5916,47766,5,0
5919,47766,2,1
5923,47766,4,1
5918,49235,5,0
5923,49683,3,0
5929,5077,2,0
5930,8518,4,0
5927,12341,6,0
5930,12341,5,1
5925,14947,1,0
5928,14947,1,1
5926,16797,4,0
5926,21288,6,0
5927,21288,1,1
5925,21709,2,0
5926,21709,1,1
5928,21709,2,1
5927,21903,5,0
5929,21903,4,1
5930,21903,3,1
5927,24852,2,0
5931,24852,4,1
5927,26209,4,0
5929,27086,3,0
5929,27845,1,0
5926,31717,5,0
5925,35221,3,0
5928,35221,3,1
5930,39275,2,0
5931,39275,1,1
5926,40706,2,0
5930,43154,6,0
5925,44632,4,0
5928,44632,4,1
5926,45007,3,0
5931,47209,3,0
5927,47626,3,0
5930,47626,1,1
5931,49235,2,0
5926,49683,7,0
5940,4605,4,0
5940,5077,2,0
5939,5876,1,0
5937,13176,4,0
5941,13176,1,1
5933,14233,1,0
5933,14947,2,0
5936,14947,1,1
5934,16797,1,0
5934,18523,5,0
5941,21137,2,0
5934,21288,2,0
5935,21288,1,1
5933,21709,3,0
5936,21709,2,1
5937,21903,3,0
5938,21903,4,1
5937,24852,1,0
5938,24852,2,1
5935,24964,3,0
5939,24964,3,1
5940,27086,3,0
5938,27845,1,0
5940,27845,1,1
5933,27966,4,0
5935,28204,4,0
5936,35221,3,0
5934,39275,3,0
5939,43154,2,0
5940,43154,5,1
5934,43352,4,0
5936,44632,4,0
5941,47209,3,0
5936,47626,5,0
5933,47766,5,0
5937,47766,2,1
5938,47766,3,1
5935,49235,2,0
5946,196,4,0
5946,4605,5,0
5947,6184,4,0
5943,8518,7,0
5944,10749,7,0
5947,10749,3,1
5943,12341,8,0
5944,13176,1,0
5946,13176,1,1
5948,13176,6,1
5947,14233,7,0
5943,14947,1,0
5944,14947,4,1
5945,14947,2,1
5947,16797,2,0
5948,16797,2,1
5944,21137,2,0
5946,21137,2,1
5947,21137,1,1
5946,21288,6,0
5947,21288,5,1
5948,21288,1,1
5943,21709,2,0
5945,21709,1,1
5948,24184,5,0
5945,24852,5,0
5945,26209,8,0
5943,27104,5,0
5947,27966,6,0
5945,28842,6,0
5943,31717,6,0
5948,31717,7,1
5943,35221,3,0
5945,35221,3,1
5945,37710,7,0
5948,39275,3,0
5944,43352,5,0
5948,43352,4,1
5943,44632,4,0
5945,44632,4,1
5944,47209,3,0
5946,47209,3,1
5947,47766,8,0
5944,49683,6,0
5954,196,3,0
5955,196,4,1
5955,6184,2,0
5955,8518,6,0
5955,14233,1,0
5953,14947,6,0
5950,16797,1,0
5953,16797,1,1
5953,21137,5,0
5950,21288,2,0
5951,21288,2,1
5953,21288,2,1
5950,21903,8,0
5952,21903,3,1
5955,22825,3,0
5955,22935,5,0
5952,24852,1,0
5956,24852,1,1
5956,26209,3,0
5950,27966,5,0
5950,30489,7,0
5954,34126,2,0
5954,37710,4,0
5950,39275,3,0
5953,39275,3,1
5951,40706,1,0
5950,43352,4,0
5953,43352,4,1
5954,44632,1,0
5950,45007,6,0
5956,47626,2,0
5951,47766,3,0
5952,47766,2,1
5964,5077,8,0
5964,8518,3,0
5961,13176,7,0
5958,14947,6,0
5962,14947,1,1
5964,14947,4,1
5962,17794,5,0
5961,21137,4,0
5963,21137,5,1
5963,21288,6,0
5962,21709,2,0
5963,21709,1,1
5964,21709,7,1
5958,21903,3,0
5959,21903,3,1
5963,22935,3,0
5961,24184,6,0
5958,24852,1,0
5959,24852,1,1
5961,24852,5,1
5963,24964,4,0
5964,24964,5,1
5964,26209,1,0
5962,26620,4,0
5963,27104,7,0
5963,27845,2,0
5960,27966,1,0
5964,28842,6,0
5961,35221,3,0
5962,35221,3,1
5961,39275,2,0
5960,40706,2,0
5964,43154,2,0
5958,46979,5,0
5961,47209,1,0
5958,47626,4,0
5958,47766,2,0
5959,47766,2,1
5960,49235,3,0
5969,10749,5,0
5966,12341,2,0
5966,21137,1,0
5967,21709,5,0
5967,21903,2,0
5968,22935,1,0
5969,24852,1,0
5968,24964,2,0
5969,26209,3,0
5966,26620,5,0
5966,27086,4,0
5966,27845,7,0
5968,30489,5,0
5967,39275,4,0
5969,39275,4,1
5967,43154,3,0
5967,44632,1,0
5968,45007,3,0
5966,47209,3,0
5969,47626,2,0
5966,49683,6,0
5968,49683,4,1
5974,4605,6,0
5972,5077,4,0
5972,5876,5,0
5975,5876,7,1
5973,10749,7,0
5971,14233,4,0
5972,14947,2,0
5973,14947,3,1
5971,16797,5,0
5974,16797,5,1
5971,21137,2,0
5972,21288,1,0
5975,21288,2,1
5971,21709,1,0
5973,21709,4,1
5974,21709,1,1
5973,21903,8,0
5975,22825,5,0
5972,22935,3,0
5972,24852,6,0
5974,24852,2,1
5974,26209,4,0
5975,26209,4,1
5973,26620,6,0
5975,26620,6,1
5973,27086,2,0
5973,27845,1,0
5975,27845,1,1
5971,28204,3,0
5973,28842,9,0
5975,28842,8,1
5974,34126,7,0
5973,35221,5,0
5971,35951,6,0
5975,39275,3,0
5974,47626,3,0
5981,4605,8,0
5979,5876,5,0
5979,16797,1,0
5981,16797,1,1
5981,17794,5,0
5979,21288,2,0
5981,21288,2,1
5979,21903,7,0
5977,22825,4,0
5978,22935,2,0
5982,22935,1,1
5977,24852,1,0
5982,24964,2,0
5977,26209,3,0
5979,26209,6,1
5978,27086,4,0
5978,27845,1,0
5979,27966,8,0
5978,28204,6,0
5980,31717,2,0
5978,37710,5,0
5978,39275,3,0
5979,39275,3,1
5981,39275,3,1
5980,39928,3,0
5981,40706,7,0
5979,43352,4,0
5981,43352,4,1
5982,45007,3,0
5980,47209,1,0
5977,47626,2,0
5981,47626,6,1
5977,47766,5,0
5982,49683,4,0
5985,5077,6,0
5986,5077,3,1
5989,6184,5,0
5986,12341,7,0
5989,13176,2,0
5984,14947,1,0
5988,14947,5,1
5990,14947,2,1
5987,16797,1,0
5991,16797,2,1
5990,18523,6,0
5987,21137,2,0
5989,21137,3,1
5984,21288,5,0
5991,21288,3,1
5984,21709,2,0
5985,21709,1,1
5990,21709,3,1
5991,21709,1,1
5985,21903,2,0
5988,21903,3,1
5984,24184,6,0
5986,24184,6,1
5988,24852,1,0
5989,24852,6,1
5986,26209,5,0
5986,27086,1,0
5985,27845,7,0
5986,27845,2,1
5989,27845,1,1
5990,27845,1,1
5986,27966,4,0
5987,27966,3,1
5991,28204,6,0
5991,30489,7,0
5984,35221,3,0
5985,35221,4,1
5990,35221,4,1
5984,37710,7,0
5987,39275,4,0
5988,39275,4,1
5991,39275,4,1
5985,40706,5,0
5987,40706,7,1
5990,40706,7,1
5987,43154,5,0
5991,43352,5,0
5984,44632,4,0
5985,44632,3,1
5987,44632,6,1
5990,44632,5,1
5989,47209,4,0
5988,47766,2,0
5997,196,4,0
6001,196,3,1
5999,4605,5,0
5996,5876,8,0
5999,6184,4,0
6000,8518,6,0
6001,8518,4,1
5996,10749,5,0
5993,12341,2,0
5995,13176,4,0
6001,13176,2,1
5994,14947,4,0
5993,16797,5,0
5995,16797,1,1
5996,16797,7,1
6000,16797,1,1
5993,17794,7,0
5999,17794,2,1
6001,17794,1,1
6000,18523,5,0
5995,21137,6,0
6000,21137,2,1
5996,21288,1,0
5993,21709,1,0
5996,21903,4,0
5997,21903,3,1
5998,21903,3,1
5997,22825,2,0
5994,22935,5,0
5993,24852,8,0
5994,24852,1,1
5996,24852,2,1
5998,24852,1,1
5994,26209,3,0
5999,26209,1,1
6001,26209,5,1
5993,27845,6,0
5997,27845,1,1
5998,27845,4,1
6000,27966,3,0
5995,28204,3,0
5996,30489,6,0
6001,30489,7,1
5993,35951,3,0
5995,37710,2,0
6000,39275,4,0
6001,43352,6,0
5994,46979,6,0
5994,47626,2,0
5996,47766,3,0
5997,47766,5,1
5998,47766,2,1
5999,47766,3,1
5993,49235,4,0
5995,49235,5,1
6005,13176,1,0
6003,14233,1,0
6003,14947,3,0
6007,18523,1,0
6005,21137,2,0
6006,21137,1,1
6006,21903,4,0
6003,24852,4,0
6006,24852,2,1
6005,24964,4,0
6004,26209,2,0
6004,27845,4,0
6004,30489,3,0
6004,34126,6,0
6006,34126,5,1
6007,39928,2,0
6003,43352,2,0
6004,45007,5,0
6005,47209,3,0
6005,47626,5,0
6006,47766,3,0
6004,49235,1,0
6009,5077,2,0
6011,5077,2,1
6009,6184,5,0
6009,12341,1,0
6013,13176,2,0
6009,14947,6,0
6012,16797,3,0
6014,16797,1,1
6013,21288,1,0
6014,21288,2,1
6010,21709,4,0
6012,21709,5,1
6015,21903,3,0
6009,22935,4,0
6012,24852,4,0
6015,24852,1,1
6010,26209,2,0
6012,26209,6,1
6010,27086,1,0
6011,27086,3,1
6012,27086,1,1
6011,27845,1,0
6010,28204,3,0
6009,28842,3,0
6014,39275,3,0
6013,40706,3,0
6012,43352,2,0
6014,43352,4,1
6015,47766,2,0
6017,4605,3,0
6021,5077,2,0
6020,14947,1,0
6022,16797,2,0
6019,18523,5,0
6022,21137,9,0
6022,21288,3,0
6018,21709,4,0
6020,21709,2,1
6018,21903,3,0
6022,22935,7,0
6018,24852,1,0
6019,26620,4,0
6017,27086,4,0
6021,27086,3,1
6022,27086,1,1
6019,27845,1,0
6021,27845,1,1
6019,28842,2,0
6020,28842,5,1
6017,35221,1,0
6020,35221,3,1
6022,39275,4,0
6017,40706,2,0
6022,43352,5,0
6020,44632,4,0
6022,47209,6,0
6022,47626,8,0
6018,47766,2,0
6019,47766,3,1
6025,4605,6,0
6025,5077,4,0
6026,5077,5,1
6028,13176,4,0
6028,14233,1,0
6028,14947,3,0
6029,14947,2,1
6026,16797,4,0
6027,16797,1,1
6027,17794,7,0
6027,21137,2,0
6029,21709,1,0
6024,21903,6,0
6024,24852,2,0
6025,24852,2,1
6025,26620,3,0
6028,26620,2,1
6029,26620,4,1
6026,27086,2,0
6027,27086,6,1
6026,27845,1,0
6027,27845,5,1
6024,27966,3,0
6026,27966,3,1
6027,27966,3,1
6028,27966,5,1
6024,35221,1,0
6029,35221,3,1
6027,39275,4,0
6024,39928,4,0
6027,44632,8,0
6026,45007,6,0
6024,47209,5,0
6025,47209,7,1
6025,49235,1,0
6025,49683,5,0
6033,14947,1,0
6031,16797,2,0
6032,21288,1,0
6033,21709,2,0
6032,21903,4,0
6033,22825,5,0
6032,24852,2,0
6033,26620,4,0
6031,27086,1,0
6033,35221,3,0
6032,44632,5,0
6031,46979,3,0
6031,47766,4,0
6032,47766,3,1
6037,196,7,0
6035,5077,2,0
6039,5077,2,1
6037,6184,8,0
6041,6184,4,1
6037,13176,5,0
6036,14233,7,0
6036,16797,1,0
6036,21288,2,0
6037,21288,1,1
6037,21903,4,0
6038,22935,2,0
6040,22935,1,1
6041,22935,5,1
6037,24852,2,0
6038,24964,3,0
6040,24964,2,1
6041,26209,3,0
6035,27086,3,0
6039,27086,3,1
6035,27845,1,0
6038,27845,1,1
6039,27845,1,1
6041,27845,1,1
6036,28842,6,0
6038,28842,6,1
6036,35221,5,0
6037,35221,6,1
6036,39275,3,0
6039,39275,4,1
6036,43352,4,0
6038,45007,4,0
6040,45007,3,1
6041,47209,2,0
6037,47766,3,0
6038,49235,7,0
6038,49683,5,0
6040,49683,4,1
6048,196,10,0
6043,5077,2,0
6044,5077,2,1
6047,5077,2,1
6043,10749,6,0
6048,12341,8,0
6050,12341,6,1
6046,13176,1,0
6043,14233,5,0
6044,14233,4,1
6050,14233,5,1
6051,14233,5,1
6045,14947,2,0
6047,14947,4,1
6048,16797,3,0
6050,16797,1,1
6051,16797,1,1
6046,21137,2,0
6048,21137,7,1
6051,21137,2,1
6046,21288,5,0
6048,21288,4,1
6050,21288,2,1
6045,21709,3,0
6048,21709,1,1
6050,22825,8,0
6047,22935,5,0
6049,22935,5,1
6045,24964,6,0
6050,24964,7,1
6045,26620,5,0
6048,26620,9,1
6049,26620,1,1
6043,27086,3,0
6044,27086,1,1
6045,27086,1,1
6047,27086,3,1
6048,27086,2,1
6043,27845,1,0
6047,27845,1,1
6049,27966,4,0
6051,27966,3,1
6049,28204,6,0
6044,30489,5,0
6049,31717,7,0
6045,35221,4,0
6045,35951,7,0
6044,39275,3,0
6048,39275,5,1
6050,39275,3,1
6051,39275,4,1
6048,43352,6,0
6049,43352,3,1
6050,43352,4,1
6046,44632,4,0
6046,47209,3,0
6043,47766,4,0
6049,47766,2,1
6053,6184,3,0
6053,13176,4,0
6058,14233,7,0
6056,14947,2,0
6058,14947,1,1
6057,16797,2,0
6056,21137,6,0
6057,21137,3,1
6056,21709,3,0
6057,21709,1,1
6058,21709,2,1
6059,21709,2,1
6054,21903,3,0
6059,21903,5,1
6053,22935,2,0
6054,24852,1,0
6055,24852,4,1
6058,24852,6,1
6059,24852,3,1
6053,26620,1,0
6054,27086,4,0
6057,27104,7,0
6056,27845,1,0
6059,27845,1,1
6057,27966,4,0
6054,28842,6,0
6055,30489,3,0
6053,35221,5,0
6055,35221,2,1
6056,35221,4,1
6058,35221,3,1
6058,35951,8,0
6055,39275,1,0
6057,39275,5,1
6055,43352,5,0
6056,44632,5,0
6058,44632,4,1
6055,47209,6,0
6058,47209,5,1
6054,47626,5,0
6056,47626,8,1
6057,47626,6,1
6054,47766,2,0
6059,47766,4,1
6056,49683,7,0
6063,4605,1,0
6062,5876,6,0
6061,10749,6,0
6062,14233,7,0
6061,14947,5,0
6062,14947,2,1
6061,21137,3,0
6063,21137,5,1
6062,21709,1,0
6061,24964,4,0
6062,26620,5,0
6063,27104,2,0
6064,27845,1,0
6064,27966,4,0
6064,28204,2,0
6062,35221,3,0
6064,35951,3,0
6061,40706,1,0
6063,40706,4,1
6061,44632,2,0
6062,44632,4,1
6063,45007,6,0
6063,47209,3,0
6070,196,8,0
6067,4605,3,0
6069,5876,4,0
6068,8518,1,0
6066,13176,1,0
6069,14947,6,0
6070,16797,1,0
6072,16797,2,1
6073,16797,3,1
6066,21137,2,0
6072,21137,3,1
6073,21137,4,1
6070,21288,2,0
6071,21288,1,1
6073,21288,2,1
6066,21709,4,0
6071,21709,7,1
6067,21903,5,0
6068,21903,5,1
6069,21903,3,1
6071,21903,4,1
6069,22935,7,0
6070,24184,6,0
6068,24852,4,0
6071,24852,2,1
6072,24852,6,1
6068,24964,2,0
6069,27845,1,0
6072,27845,1,1
6073,27845,1,1
6066,27966,7,0
6067,27966,6,1
6068,27966,6,1
6072,27966,4,1
6073,27966,5,1
6070,28204,7,0
6068,30489,3,0
6066,37710,5,0
6069,39275,2,0
6070,39275,3,1
6072,39275,5,1
6073,39275,6,1
6071,39928,6,0
6068,40706,7,0
6070,43352,4,0
6071,45007,5,0
6070,46979,5,0
6066,47209,3,0
6069,47209,5,1
6072,47209,7,1
6067,47626,1,0
6067,47766,4,0
6071,47766,3,1
6067,49235,2,0
6066,49683,6,0
6080,196,7,0
6078,5077,5,0
6077,13176,2,0
6082,13176,1,1
6076,14233,1,0
6076,14947,2,0
6079,14947,1,1
6080,14947,1,1
6077,21137,3,0
6082,21137,2,1
6076,21709,3,0
6077,21709,1,1
6079,21709,2,1
6080,21709,2,1
6077,21903,6,0
6081,21903,3,1
6078,22935,1,0
6076,24184,4,0
6081,24852,1,0
6078,24964,2,0
6078,26620,6,0
6080,26620,4,1
6080,27086,5,0
6078,27104,7,0
6080,27966,8,0
6077,28842,7,0
6075,34126,1,0
6077,34126,8,1
6075,35221,2,0
6079,35221,3,1
6080,35221,3,1
6079,44632,4,0
6078,45007,3,0
6080,46979,6,0
6081,46979,4,1
6077,47209,4,0
6082,47209,3,1
6081,47766,2,0
6077,49683,5,0
6078,49683,4,1
6084,196,5,0
6087,6184,3,0
6088,8518,2,0
6085,14233,8,0
6084,14947,1,0
6086,14947,2,1
6085,17794,5,0
6088,21137,5,0
6084,21709,2,0
6085,21709,1,1
6086,21709,3,1
6087,22825,6,0
6089,22935,1,0
6085,24852,6,0
6085,24964,2,0
6089,24964,2,1
6088,26209,4,0
6085,26620,7,0
6087,27086,5,0
6086,27845,1,0
6087,27845,1,1
6088,28204,1,0
6084,35221,3,0
6085,35221,4,1
6086,35221,4,1
6087,35221,4,1
6088,35951,3,0
6088,39928,6,0
6086,40706,8,0
6084,44632,4,0
6086,44632,5,1
6085,45007,3,0
6089,45007,3,1
6087,47209,2,0
6086,47766,6,0
6086,49235,7,0
6089,49683,4,0
6091,196,6,0
6094,6184,7,0
6091,13176,4,0
6093,13176,2,1
6095,13176,4,1
6095,14233,2,0
6095,14947,1,0
6091,16797,5,0
6094,18523,6,0
6091,21137,2,0
6093,21137,3,1
6094,21137,1,1
6092,22935,1,0
6094,22935,2,1
6092,24852,5,0
6092,24964,2,0
6094,24964,3,1
6093,27845,1,0
6091,28204,1,0
6091,31717,3,0
6092,35221,6,0
6095,35221,3,1
6093,35951,5,0
6092,45007,3,0
6094,45007,4,1
6093,47209,4,0
6091,49235,7,0
6092,49683,4,0
6094,49683,5,1
6099,196,6,0
6098,5077,3,0
6098,5876,4,0
6098,13176,1,0
6099,14947,5,0
6099,16797,2,0
6099,21137,1,0
6097,26209,3,0
6098,27104,5,0
6099,27966,3,0
6099,39275,4,0
6098,40706,2,0
6099,46979,7,0
6097,47209,1,0
6097,47766,2,0
6103,5077,2,0
6105,5077,7,1
6107,8518,3,0
6106,12341,6,0
6106,13176,1,0
6103,14233,5,0
6107,14233,2,1
6106,14947,4,0
6101,16797,1,0
6103,16797,4,1
6106,21137,2,0
6101,21288,2,0
6104,21288,1,1
6105,21903,1,0
6104,22935,2,0
6107,24184,5,0
6101,24852,7,0
6104,24852,6,1
6106,24852,7,1
6104,24964,3,0
6101,26620,5,0
6105,26620,4,1
6102,27086,1,0
6103,27086,3,1
6103,27845,1,0
6105,27966,3,0
6101,28204,6,0
6104,28204,7,1
6105,28204,5,1
6107,35951,4,0
6102,37710,2,0
6101,39275,3,0
6101,43352,4,0
6104,45007,4,0
6106,47209,3,0
6106,47626,5,0
6105,47766,2,0
6107,47766,1,1
6105,49235,6,0
6104,49683,5,0
6113,4605,5,0
6110,5077,3,0
6114,12341,2,0
6110,13176,5,0
6111,13176,6,1
6112,13176,6,1
6109,14947,1,0
6111,21137,1,0
6113,21137,1,1
6111,21288,3,0
6109,21709,2,0
6110,21709,1,1
6113,21709,2,1
6113,22935,6,0
6111,24184,4,0
6114,24852,4,0
6112,26209,8,0
6110,27086,4,0
6111,27086,2,1
6112,27086,4,1
6110,27845,2,0
6112,27845,3,1
6114,27845,1,1
6113,28204,7,0
6111,31717,5,0
6112,34126,1,0
6109,35221,3,0
6113,35221,4,1
6112,37710,2,0
6111,39275,7,0
6112,39275,5,1
6112,39928,7,0
6113,39928,8,1
6109,40706,5,0
6109,44632,4,0
6110,45007,6,0
6114,47766,3,0
6113,49235,3,0
6117,196,8,0
6117,5876,7,0
6116,13176,1,0
6117,14233,5,0
6118,14233,5,1
6117,16797,6,0
6116,21137,2,0
6117,21137,1,1
6118,21903,3,0
6117,22825,3,0
6116,22935,5,0
6118,24852,1,0
6116,27086,6,0
6118,31717,6,0
6117,34126,2,0
6118,39928,7,0
6116,40706,4,0
6118,43352,4,0
6116,47209,3,0
6117,47626,4,0
6118,47766,2,0
6121,5876,5,0
6123,13176,1,0
6120,14233,2,0
6121,14233,1,1
6122,14233,7,1
6121,14947,2,0
6124,16797,1,0
6123,21137,2,0
6124,21137,2,1
6121,21288,4,0
6121,21709,3,0
6122,22935,5,0
6124,24964,5,0
6120,27845,3,0
6124,27966,3,0
6122,30489,1,0
6122,35221,4,0
6122,39275,2,0
6124,39275,4,1
6122,40706,6,0
6123,47209,3,0
6122,47626,3,0
6120,47766,1,0
6129,196,3,0
6130,196,6,1
6133,196,5,1
6128,4605,5,0
6130,4605,5,1
6130,5077,4,0
6129,6184,1,0
6126,8518,3,0
6131,10749,5,0
6126,13176,1,0
6127,13176,4,1
6129,14947,5,0
6131,14947,1,1
6132,14947,2,1
6133,14947,1,1
6126,17794,2,0
6127,17794,1,1
6131,21709,2,0
6132,21709,1,1
6133,21709,2,1
6127,21903,3,0
6131,22825,6,0
6127,22935,2,0
6128,22935,1,1
6129,24852,2,0
6128,24964,2,0
6127,26620,5,0
6129,26620,4,1
6130,27845,1,0
6128,28842,6,0
6130,28842,7,1
6130,31717,3,0
6131,35221,3,0
6132,35221,3,1
6133,35221,3,1
6133,40706,6,0
6131,43352,7,0
6131,44632,4,0
6132,44632,4,1
6133,44632,4,1
6128,45007,3,0
6130,47209,2,0
6130,49235,8,0
6126,49683,4,0
6128,49683,4,1
6131,49683,8,1
6137,5876,4,0
6135,12341,4,0
6137,13176,2,0
6138,13176,2,1
6138,16797,1,0
6139,21288,1,0
6137,21903,3,0
6135,22825,3,0
6136,24184,2,0
6135,24852,1,0
6139,24852,2,1
6139,26209,4,0
6136,27086,5,0
6135,27845,2,0
6139,27845,5,1
6136,27966,1,0
6136,28204,4,0
6136,34126,3,0
6139,34126,7,1
6137,35951,1,0
6138,37710,6,0
6138,39275,3,0
6138,40706,4,0
6138,47626,5,0
6139,47626,3,1
6139,47766,6,0
6141,14947,1,0
6143,14947,1,1
6143,16797,8,0
6141,21709,2,0
6142,21709,1,1
6143,21709,2,1
6144,21709,1,1
6142,21903,4,0
6144,21903,4,1
6142,22935,6,0
6142,24852,2,0
6144,24852,2,1
6141,26620,4,0
6143,26620,4,1
6142,27086,5,0
6141,28204,5,0
6143,30489,6,0
6141,35221,3,0
6143,35221,3,1
6144,44632,6,0
6143,46979,5,0
6143,47209,7,0
6144,47626,5,0
6142,47766,3,0
6144,47766,3,1
6151,4605,5,0
6146,5077,2,0
6151,5077,6,1
6150,10749,6,0
6148,12341,3,0
6147,14947,1,0
6147,21137,5,0
6149,21288,6,0
6147,21709,2,0
6147,21903,6,0
6148,21903,1,1
6149,21903,5,1
6150,21903,5,1
6152,22935,2,0
6149,24852,1,0
6150,24852,2,1
6151,24852,2,1
6148,24964,4,0
6152,24964,3,1
6149,26209,3,0
6150,26209,4,1
6151,26209,4,1
6146,27086,3,0
6146,27845,1,0
6150,27845,1,1
6151,27845,1,1
6152,27845,1,1
6146,30489,4,0
6147,35221,3,0
6147,43352,7,0
6147,44632,4,0
6152,45007,4,0
6148,47209,5,0
6149,47626,2,0
6150,47626,3,1
6151,47626,3,1
6149,49235,4,0
6148,49683,2,0
6149,49683,7,1
6152,49683,5,1
6160,5077,1,0
6160,12341,5,0
6160,13176,6,0
6157,14233,1,0
6154,14947,1,0
6157,14947,2,1
6158,14947,1,1
6159,14947,2,1
6161,17794,4,0
6154,21709,2,0
6157,21709,3,1
6158,21709,2,1
6159,21709,1,1
6161,21709,2,1
6155,21903,3,0
6159,21903,6,1
6155,24852,1,0
6156,24852,2,1
6156,24964,5,0
6156,26209,4,0
6159,26620,5,0
6154,27086,6,0
6161,27086,1,1
6156,27845,1,0
6159,27845,7,1
6154,28204,7,0
6158,28204,6,1
6160,28204,2,1
6161,28204,3,1
6157,28842,4,0
6157,34126,5,0
6154,35221,3,0
6158,35221,3,1
6159,35221,3,1
6160,35221,3,1
6161,35221,5,1
6156,39275,6,0
6158,39275,5,1
6154,44632,4,0
6158,44632,4,1
6159,44632,4,1
6154,47626,5,0
6156,47626,3,1
6155,47766,2,0
6160,49235,4,0
6168,196,6,0
6166,5077,2,0
6166,6184,1,0
6167,13176,4,0
6168,13176,3,1
6166,16797,3,0
6168,21137,1,0
6163,21903,3,0
6168,21903,4,1
6163,22935,4,0
6167,24184,6,0
6163,24852,1,0
6165,24964,2,0
6167,26620,2,0
6164,27086,4,0
6164,27104,1,0
6166,27845,5,0
6166,28204,4,0
6168,35221,5,0
6168,39928,2,0
6165,40706,1,0
6163,45007,5,0
6167,45007,5,1
6165,47626,3,0
6167,47626,3,1
6163,47766,2,0
6164,47766,3,1
6167,47766,1,1
6164,49683,2,0
6170,5077,2,0
6170,10749,5,0
6172,10749,5,1
6173,14233,6,0
6171,14947,1,0
6173,16797,1,0
6173,21288,2,0
6171,21709,2,0
6172,21709,1,1
6170,22935,4,0
6172,22935,4,1
6170,26620,6,0
6171,26620,4,1
6170,27086,3,0
6170,27845,1,0
6171,27966,5,0
6170,34126,7,0
6171,35221,3,0
6173,37710,5,0
6173,39275,3,0
6173,43352,4,0
6172,47209,2,0
6172,47626,3,0
6181,5876,6,0
6175,13176,2,0
6177,13176,2,1
6178,13176,2,1
6181,13176,2,1
6175,14233,1,0
6176,14947,1,0
6180,14947,1,1
6178,21137,1,0
6181,21137,3,1
6176,21709,2,0
6180,21709,2,1
6181,21709,1,1
6177,24852,3,0
6179,26209,1,0
6176,26620,4,0
6180,26620,4,1
6179,27086,2,0
6177,28204,1,0
6175,30489,3,0
6176,35221,3,0
6180,35221,3,1
6178,39275,4,0
6178,44632,5,0
6176,45007,5,0
6181,45007,5,1
6178,47209,3,0
6181,47209,4,1
6176,47626,6,0
6177,49235,5,0
6175,49683,4,0
6177,49683,4,1
6187,196,7,0
6191,8518,6,0
6183,13176,7,0
6186,13176,6,1
6191,13176,5,1
6184,14233,6,0
6183,14947,8,0
6184,14947,2,1
6187,14947,2,1
6189,14947,1,1
6190,16797,1,0
6186,18523,5,0
6189,18523,7,1
6184,21137,5,0
6187,21137,1,1
6188,21137,5,1
6190,21137,2,1
6191,21137,1,1
6183,21288,6,0
6186,21288,7,1
6184,21709,1,0
6187,21709,3,1
6188,21709,1,1
6189,21709,2,1
6188,21903,4,0
6186,22935,1,0
6190,22935,5,1
6191,22935,4,1
6183,24852,2,0
6188,24852,2,1
6189,24852,5,1
6186,24964,2,0
6185,26209,4,0
6184,26620,4,0
6183,27086,4,0
6191,27086,3,1
6188,27845,8,0
6185,27966,1,0
6190,27966,3,1
6185,34126,3,0
6184,35221,3,0
6187,35221,4,1
6189,35221,3,1
6188,35951,7,0
6188,39275,6,0
6190,39275,4,1
6189,43352,8,0
6191,43352,7,1
6187,44632,5,0
6189,44632,4,1
6186,45007,3,0
6189,45007,6,1
6183,46979,5,0
6183,47209,3,0
6185,47209,2,1
6183,47626,1,0
6188,47766,3,0
6184,49235,8,0
6191,49235,2,1
6184,49683,7,0
6186,49683,4,1
6187,49683,6,1
6195,5876,4,0
6196,21288,4,0
6193,21903,3,0
6195,21903,2,1
6196,21903,3,1
6194,22935,1,0
6193,24852,1,0
6194,24852,8,1
6194,24964,2,0
6194,26209,7,0
6196,26620,1,0
6195,27845,1,0
6196,31717,2,0
6194,35221,6,0
6194,40706,5,0
6195,40706,3,1
6194,45007,3,0
6193,47766,2,0
6194,49683,4,0
6201,5876,3,0
6198,10749,5,0
6200,14233,1,0
6200,14947,2,0
6199,17794,3,0
6200,17794,5,1
6198,21137,4,0
6201,21288,2,0
6200,21709,3,0
6198,21903,3,0
6198,24852,1,0
6199,27104,1,0
6201,27845,1,0
6201,28204,4,0
6200,30489,6,0
6198,35951,6,0
6201,39275,5,0
6199,45007,2,0
6200,47209,4,0
6198,47766,2,0
6204,196,5,0
6205,196,3,1
6204,5876,7,0
6206,5876,3,1
6204,10749,2,0
6203,14947,1,0
6204,14947,4,1
6205,17794,1,0
6204,21288,6,0
6203,21709,2,0
6204,21709,1,1
6205,21709,2,1
6207,24852,1,0
6203,26209,5,0
6207,26209,3,1
6207,26620,4,0
6207,27845,5,0
6205,28204,5,0
6203,35221,3,0
6206,39275,2,0
6203,44632,4,0
6206,44632,1,1
6207,47626,2,0
6205,47766,4,0
6204,49683,3,0
6212,5077,2,0
6214,5077,6,1
6213,6184,3,0
6215,10749,5,0
6213,14233,6,0
6214,14233,1,1
6209,14947,6,0
6214,14947,2,1
6215,14947,1,1
6212,17794,4,0
6213,17794,7,1
6214,17794,5,1
6213,21709,5,0
6214,21709,3,1
6215,21709,2,1
6209,21903,3,0
6209,22935,5,0
6211,22935,1,1
6213,22935,2,1
6214,22935,4,1
6209,24852,1,0
6212,24852,6,1
6211,24964,2,0
6213,26209,1,0
6209,26620,7,0
6215,26620,4,1
6212,27086,3,0
6212,27845,1,0
6212,28204,5,0
6215,35221,3,0
6210,40706,2,0
6213,40706,4,1
6209,43154,4,0
6210,45007,3,0
6211,45007,3,1
6214,45007,7,1
6212,46979,7,0
6210,47209,1,0
6209,47766,2,0
6211,49683,4,0
6218,5077,2,0
6222,6184,3,0
6222,8518,5,0
6218,12341,4,0
6217,13176,6,0
6217,14947,1,0
6220,16797,1,0
6221,16797,1,1
6223,16797,1,1
6217,17794,5,0
6219,17794,2,1
6217,18523,7,0
6221,21288,2,0
6222,21288,1,1
6223,21288,2,1
6217,21709,2,0
6223,21709,8,1
6225,21709,3,1
6222,22935,2,0
6225,22935,5,1
6218,24852,5,0
6224,24852,1,1
6223,26209,5,0
6224,26209,3,1
6218,27086,3,0
6220,27104,2,0
6218,27845,1,0
6225,27845,1,1
6219,27966,4,0
6217,35221,3,0
6218,35221,6,1
6220,35221,3,1
6221,39275,3,0
6223,39275,3,1
6219,40706,3,0
6221,40706,6,1
6221,43352,4,0
6223,43352,4,1
6217,44632,4,0
6225,44632,2,1
6221,45007,5,0
6223,45007,6,1
6224,47626,2,0
6225,47626,4,1
6219,49235,1,0
6220,49235,4,1
6222,49235,4,1
6223,49683,7,0
6229,196,7,0
6230,4605,5,0
6232,6184,6,0
6229,10749,5,0
6233,12341,7,0
6231,13176,3,0
6232,13176,2,1
6235,13176,6,1
6229,14947,1,0
6227,16797,5,0
6228,16797,1,1
6233,16797,2,1
6227,17794,4,0
6231,17794,2,1
6228,21137,2,0
6232,21137,1,1
6233,21137,1,1
6233,21288,3,0
6229,21709,2,0
6230,21709,1,1
6231,21903,4,0
6232,21903,5,1
6234,21903,3,1
6234,24852,1,0
6235,24852,2,1
6235,26209,4,0
6229,26620,4,0
6227,27086,1,0
6230,27845,3,0
6235,27845,1,1
6228,27966,3,0
6229,28204,6,0
6229,28842,8,0
6230,28842,2,1
6231,28842,1,1
6229,35221,3,0
6227,37710,2,0
6232,37710,4,1
6228,39275,4,0
6233,39275,4,1
6233,43352,5,0
6230,44632,4,0
6233,47209,6,0
6235,47209,5,1
6230,47626,6,0
6233,47626,8,1
6235,47626,3,1
6232,47766,3,0
6234,47766,2,1
6227,49683,3,0
6243,6184,4,0
6238,13176,7,0
6243,13176,1,1
6244,13176,1,1
6238,14947,1,0
6242,16797,1,0
6238,21137,6,0
6243,21137,2,1
6244,21137,2,1
6242,21288,2,0
6238,21709,2,0
6237,21903,3,0
6238,21903,5,1
6239,21903,3,1
6240,21903,4,1
6242,21903,5,1
6244,21903,4,1
6237,24852,1,0
6239,24852,1,1
6240,24852,2,1
6241,24852,2,1
6240,24964,5,0
6241,26209,4,0
6240,27845,1,0
6241,27845,1,1
6237,27966,4,0
6244,31717,5,0
6238,35221,3,0
6239,37710,4,0
6242,39275,3,0
6241,43154,5,0
6242,43352,4,0
6238,44632,4,0
6240,45007,6,0
6243,47209,3,0
6244,47209,3,1
6241,47626,3,0
6244,47626,6,1
6237,47766,2,0
6239,47766,2,1
6240,47766,3,1
6244,47766,7,1
6243,49235,5,0
6247,196,6,0
6247,4605,7,0
6252,4605,3,1
6247,6184,5,0
6252,12341,7,0
6246,14947,1,0
6251,14947,1,1
6246,16797,5,0
6249,16797,1,1
6249,21288,2,0
6246,21709,2,0
6251,21709,2,1
6252,21709,1,1
6247,21903,8,0
6248,21903,3,1
6250,21903,3,1
6251,21903,6,1
6247,22935,1,0
6246,24184,7,0
6248,24852,1,0
6250,24852,1,1
6247,24964,2,0
6246,26209,8,0
6249,26209,5,1
6246,26620,4,0
6252,26620,5,1
6246,35221,3,0
6251,35221,3,1
6252,35951,6,0
6252,37710,2,0
6249,39275,3,0
6251,39275,8,1
6249,43352,4,0
6251,43352,7,1
6246,44632,6,0
6251,44632,4,1
6247,45007,3,0
6251,46979,5,0
6248,47766,2,0
6250,47766,2,1
6252,47766,4,1
6247,49683,4,0
6259,5876,4,0
6255,12341,6,0
6255,13176,4,0
6257,13176,5,1
6260,13176,3,1
6261,13176,1,1
6254,16797,1,0
6256,16797,5,1
6257,16797,3,1
6260,16797,1,1
6256,21137,1,0
6258,21137,1,1
6259,21137,2,1
6261,21137,2,1
6254,21288,2,0
6255,21288,1,1
6257,21288,1,1
6257,21709,2,0
6256,22825,4,0
6254,22935,5,0
6260,22935,5,1
6255,24184,2,0
6259,24184,8,1
6258,24852,2,0
6259,24964,3,0
6260,24964,4,1
6258,26209,4,0
6255,26620,3,0
6256,27845,3,0
6259,27845,1,1
6259,27966,5,0
6255,28204,5,0
6256,30489,2,0
6257,30489,4,1
6260,30489,6,1
6254,39275,3,0
6255,39928,7,0
6254,43352,4,0
6259,43352,7,1
6260,45007,2,0
6261,47209,3,0
6258,47626,3,0
6259,47626,6,1
6265,13176,5,0
6263,14947,3,0
6265,17794,7,0
6264,24852,1,0
6265,24852,4,1
6266,24852,2,1
6264,26209,3,0
6266,26209,4,1
6266,27845,1,0
6263,28842,2,0
6265,31717,6,0
6264,37710,6,0
6265,39275,8,0
6264,40706,4,0
6265,43352,2,0
6263,47209,1,0
6264,47626,2,0
6265,47626,3,1
6266,47626,3,1
6265,47766,1,0
6264,49683,5,0
6269,4605,6,0
6269,5077,7,0
6271,13176,1,0
6276,13176,1,1
6273,14947,1,0
6274,14947,2,1
6269,16797,1,0
6268,18523,1,0
6269,21137,2,0
6270,21137,2,1
6271,21137,2,1
6272,21137,1,1
6276,21137,2,1
6272,21288,3,0
6273,21709,2,0
6274,21709,1,1
6268,21903,2,0
6275,22935,1,0
6271,24964,5,0
6270,26209,1,0
6269,26620,5,0
6273,26620,4,1
6274,26620,4,1
6270,27845,4,0
6269,27966,3,0
6270,28204,3,0
6273,35221,3,0
6274,35221,3,1
6271,35951,6,0
6269,37710,8,0
6269,39275,4,0
6272,39275,2,1
6275,40706,2,0
6273,44632,6,0
6272,46979,4,0
6271,47209,3,0
6276,47209,3,1
6271,47626,4,0
6273,49683,5,0
6279,5077,2,0
6285,5077,5,1
6278,6184,1,0
6279,12341,4,0
6285,12341,8,1
6280,13176,2,0
6283,13176,7,1
6284,14233,1,0
6284,14947,2,0
6285,14947,1,1
6286,14947,6,1
6281,16797,2,0
6286,16797,4,1
6282,17794,6,0
6280,21137,3,0
6281,21137,1,1
6280,21288,5,0
6278,21709,6,0
6284,21709,3,1
6285,21709,2,1
6282,21903,5,0
6279,22935,5,0
6282,22935,1,1
6286,22935,3,1
6278,24964,5,0
6282,24964,2,1
6283,24964,1,1
6283,26209,2,0
6286,26209,2,1
6285,26620,4,0
6280,27086,1,0
6286,27086,1,1
6281,27966,3,0
6283,28204,5,0
6284,28842,4,0
6280,35221,6,0
6284,35221,6,1
6285,35221,3,1
6283,35951,3,0
6279,37710,1,0
6285,37710,7,1
6280,39275,7,0
6281,39275,4,1
6285,39275,6,1
6279,40706,3,0
6286,43352,5,0
6278,44632,3,0
6278,45007,2,0
6282,45007,3,1
6283,45007,4,1
6284,45007,5,1
6278,46979,4,0
6280,47209,4,0
6283,47209,6,1
6283,47766,8,0
6282,49683,4,0
6289,5077,2,0
6294,5077,2,1
6294,8518,4,0
6292,10749,4,0
6288,13176,1,0
6293,13176,1,1
6291,14233,5,0
6292,14233,1,1
6294,14233,5,1
6292,14947,2,0
6288,21137,2,0
6293,21137,2,1
6292,21709,3,0
6290,21903,4,0
6291,21903,4,1
6293,22935,4,0
6290,24852,2,0
6289,27086,3,0
6290,27086,1,1
6294,27086,3,1
6289,27845,1,0
6291,27845,1,1
6294,27845,1,1
6294,27966,6,0
6290,35221,6,0
6291,35221,6,1
6289,39275,4,0
6290,39275,5,1
6291,39928,7,0
6291,44632,3,0
6290,45007,7,0
6291,46979,2,0
6288,47209,3,0
6293,47209,3,1
6290,47766,3,0
6296,5876,2,0
6299,6184,5,0
6301,6184,1,1
6299,13176,6,0
6297,14947,1,0
6298,14947,1,1
6299,21137,2,0
6297,21709,2,0
6298,21709,2,1
6300,21903,3,0
6297,22825,7,0
6297,24852,5,0
6299,24852,1,1
6300,24852,1,1
6299,24964,4,0
6299,26209,7,0
6296,27086,3,0
6296,27845,1,0
6300,28204,4,0
6301,28204,5,1
6301,28842,2,0
6301,31717,4,0
6297,35221,3,0
6298,35221,3,1
6301,37710,3,0
6296,44632,4,0
6297,44632,4,1
6298,44632,4,1
6297,47209,6,0
6299,47209,3,1
6300,47766,2,0
6310,196,6,0
6308,5876,4,0
6307,6184,6,0
6310,12341,5,0
6305,13176,7,0
6308,14233,3,0
6304,14947,2,0
6311,14947,2,1
6304,16797,7,0
6305,16797,2,1
6309,16797,1,1
6306,21137,1,0
6305,21288,3,0
6306,21288,2,1
6309,21288,2,1
6304,21709,3,0
6305,21709,1,1
6311,21709,3,1
6303,21903,3,0
6307,21903,5,1
6308,21903,1,1
6306,22825,9,0
6303,24852,1,0
6305,24852,6,1
6306,24852,7,1
6310,24852,1,1
6304,26209,6,0
6310,26209,3,1
6311,26620,5,0
6308,27086,5,0
6304,27845,1,0
6305,27845,8,1
6307,27845,1,1
6311,27845,1,1
6306,28204,4,0
6307,28204,2,1
6303,28842,7,0
6306,30489,3,0
6304,35221,4,0
6311,35221,4,1
6310,35951,4,0
6303,37710,6,0
6306,37710,5,1
6305,39275,4,0
6309,39275,3,1
6303,43352,4,0
6305,43352,5,1
6309,43352,4,1
6304,44632,5,0
6307,44632,3,1
6303,45007,5,0
6306,46979,8,0
6307,46979,7,1
6306,47209,6,0
6307,47626,4,0
6310,47626,2,1
6303,47766,2,0
6307,47766,8,1
6308,49683,2,0
6309,49683,5,1
6313,196,6,0
6316,6184,7,0
6316,13176,2,0
6313,14233,7,0
6315,14233,4,1
6314,14947,4,0
6317,14947,6,1
6313,16797,1,0
6315,16797,3,1
6317,16797,1,1
6313,21137,2,0
6316,21137,3,1
6317,21137,2,1
6318,21709,1,0
6313,21903,5,0
6314,21903,3,1
6315,24184,2,0
6314,24852,1,0
6315,24852,7,1
6316,24852,8,1
6318,24852,2,1
6315,24964,6,0
6318,26209,4,0
6315,27845,1,0
6316,27845,1,1
6313,27966,3,0
6316,27966,5,1
6317,27966,3,1
6315,28204,5,0
6317,37710,5,0
6313,39275,4,0
6317,39275,4,1
6316,45007,6,0
6314,47209,5,0
6315,47209,8,1
6316,47209,4,1
6318,47626,3,0
6314,47766,2,0
6327,5077,3,0
6324,6184,7,0
6325,13176,6,0
6328,13176,1,1
6322,14233,4,0
6322,14947,5,0
6321,16797,1,0
6324,16797,2,1
6326,16797,2,1
6326,21137,3,0
6328,21137,2,1
6321,21288,2,0
6324,21288,3,1
6325,21288,1,1
6327,21288,1,1
6321,21709,5,0
6323,21709,2,1
6325,21903,4,0
6322,24852,2,0
6323,24852,4,1
6325,24852,2,1
6325,26209,5,0
6322,26620,3,0
6326,26620,7,1
6327,27086,4,0
6326,27104,6,0
6323,27845,1,0
6324,27845,1,1
6326,27845,1,1
6327,27845,2,1
6326,27966,4,0
6324,28842,8,0
6323,30489,5,0
6325,31717,8,0
6320,34126,1,0
6322,35951,1,0
6321,39275,3,0
6324,39275,4,1
6326,39275,5,1
6323,43154,3,0
6325,43154,7,1
6321,43352,4,0
6324,43352,5,1
6320,44632,2,0
6324,47209,6,0
6327,47209,5,1
6328,47209,3,1
6325,47766,3,0
6326,49683,8,0
6330,13176,1,0
6332,13176,3,1
6332,14233,4,0
6334,14947,1,0
6330,21137,2,0
6333,21288,3,0
6334,21709,2,0
6335,21709,1,1
6332,22935,6,0
6333,22935,1,1
6335,24852,2,0
6331,26209,1,0
6332,26209,1,1
6335,26209,4,1
6333,26620,2,0
6334,26620,4,1
6331,27104,2,0
6334,35221,3,0
6330,37710,4,0
6330,47209,3,0
6332,47209,5,1
6334,47209,5,1
6335,47626,3,0
6332,47766,2,0
6337,5077,8,0
6337,6184,3,0
6340,13176,6,0
6337,14233,6,0
6338,14233,1,1
6338,14947,2,0
6340,14947,1,1
6340,21288,7,0
6338,21709,3,0
6339,21709,1,1
6340,21709,2,1
6339,21903,4,0
6337,22825,4,0
6338,22825,4,1
6339,24852,2,0
6340,24852,5,1
6337,26209,5,0
6337,27086,2,0
6340,28204,8,0
6340,35221,3,0
6338,43352,5,0
6340,44632,4,0
6337,47626,1,0
6339,47766,3,0
6337,49235,7,0
6346,5876,5,0
6345,8518,6,0
6343,14947,2,0
6342,16797,5,0
6346,16797,1,1
6343,18523,7,0
6343,21288,1,0
6346,21288,2,1
6343,21709,3,0
6342,21903,1,0
6345,21903,3,1
6345,22935,5,0
6343,24184,6,0
6345,24852,1,0
6346,26620,6,0
6342,27845,3,0
6343,35221,4,0
6342,37710,2,0
6346,39275,3,0
6345,40706,4,0
6342,43154,4,0
6346,43352,4,0
6343,44632,5,0
6344,45007,2,0
6345,47766,2,0
6344,49235,1,0
6350,196,1,0
6349,5077,3,0
6348,13176,1,0
6353,14233,8,0
6353,14947,1,0
6354,14947,1,1
6352,16797,1,0
6355,16797,2,1
6348,21137,2,0
6349,21137,1,1
6351,21137,5,1
6352,21288,2,0
6355,21288,3,1
6353,21709,2,0
6354,21709,2,1
6355,21709,1,1
6355,21903,6,0
6351,24852,1,0
6349,24964,5,0
6351,26209,3,0
6349,27086,4,0
6351,27086,4,1
6349,27845,2,0
6354,27845,5,1
6353,27966,7,0
6353,28204,6,0
6351,28842,6,0
6355,31717,8,0
6349,35221,6,0
6353,35221,3,1
6354,35221,3,1
6349,35951,7,0
6352,39275,3,0
6355,39275,4,1
6350,43154,4,0
6352,43352,4,0
6355,43352,5,1
6350,44632,2,0
6353,44632,4,1
6354,44632,4,1
6350,45007,3,0
6348,47209,3,0
6353,47209,5,1
6351,47626,2,0
6355,47626,7,1
6351,49235,7,0
6360,4605,3,0
6358,5077,2,0
6359,5077,3,1
6357,13176,3,0
6359,14233,4,0
6358,21709,6,0
6360,21709,1,1
6357,24852,1,0
6357,26620,2,0
6358,27086,3,0
6359,27086,1,1
6358,27845,1,0
6359,27845,2,1
6360,27966,2,0
6358,39275,5,0
6358,40706,4,0
6359,43352,5,0
6357,45007,4,0
6362,5876,5,0
6364,6184,2,0
6365,12341,8,0
6365,14947,1,0
6362,16797,1,0
6363,18523,7,0
6362,21137,2,0
6362,21709,8,0
6365,21709,2,1
6365,22935,5,0
6363,24852,5,0
6364,24852,1,1
6363,24964,6,0
6363,26620,3,0
6362,27966,3,0
6363,27966,4,1
6365,35221,3,0
6364,35951,4,0
6365,35951,7,1
6362,39275,4,0
6363,39275,1,1
6365,44632,4,0
6362,45007,6,0
6362,47626,7,0
6364,47766,6,0
6363,49235,2,0
6364,49235,3,1
6364,49683,5,0
6365,49683,6,1
6369,196,5,0
6367,17794,3,0
6369,22935,1,0
6369,24964,2,0
6367,26209,1,0
6368,28204,3,0
6368,28842,2,0
6368,31717,4,0
6367,39275,4,0
6368,40706,1,0
6368,45007,5,0
6369,45007,3,1
6367,46979,2,0
6367,47209,5,0
6369,49683,4,0
6372,6184,3,0
6373,6184,6,1
6371,12341,3,0
6371,16797,5,0
6373,16797,5,1
6371,18523,2,0
6372,21288,2,0
6372,24184,5,0
6373,24184,3,1
6371,24852,1,0
6371,24964,7,0
6372,24964,6,1
6373,26209,2,0
6371,27845,8,0
6372,27845,1,1
6371,28204,6,0
6372,28204,4,1
6373,35951,1,0
6373,39275,4,0
6371,44632,4,0
6377,13176,2,0
6375,16797,3,0
6375,18523,5,0
6375,21137,4,0
6376,27086,3,0
6375,27966,6,0
6377,30489,4,0
6375,35221,1,0
6377,35951,1,0
6376,37710,1,0
6376,39928,4,0
6377,43352,3,0
6377,47209,5,0
6376,47626,2,0
6375,49683,2,0
6379,4605,5,0
6380,13176,6,0
6380,14947,1,0
6381,16797,3,0
6381,21137,1,0
6381,21288,4,0
6380,21709,2,0
6381,21709,2,1
6380,26209,5,0
6379,26620,4,0
6379,27845,2,0
6379,31717,1,0
6380,35221,3,0
6381,39275,5,0
6381,43352,6,0
6380,44632,4,0
6381,47209,7,0
6379,47626,3,0
6380,47626,7,1
6385,196,7,0
6383,4605,2,0
6385,5876,3,0
6388,6184,5,0
6384,12341,6,0
6386,14947,1,0
6387,14947,1,1
6388,14947,2,1
6384,16797,1,0
6384,21288,2,0
6385,21288,1,1
6387,21288,5,1
6383,21709,3,0
6385,21709,4,1
6386,21709,2,1
6387,21709,2,1
6388,21709,1,1
6385,22935,6,0
6383,24852,4,0
6384,24964,8,0
6386,26620,4,0
6387,26620,4,1
6384,27966,7,0
6386,27966,6,1
6383,35221,1,0
6386,35221,3,1
6387,35221,3,1
6388,35221,3,1
6384,39275,3,0
6388,39928,6,0
6383,40706,5,0
6385,43154,2,0
6384,43352,4,0
6388,44632,4,0
6385,45007,5,0
6386,45007,5,1
6387,45007,6,1
6387,47766,7,0
6384,49683,5,0
6390,4605,1,0
6394,5077,1,0
6395,5077,2,1
6392,5876,6,0
6391,13176,1,0
6392,14233,5,0
6391,14947,4,0
6396,14947,5,1
6396,16797,1,0
6395,17794,5,0
6390,21137,2,0
6391,21137,2,1
6392,21137,1,1
6395,21137,4,1
6396,21137,2,1
6394,21709,3,0
6392,21903,4,0
6394,22935,2,0
6392,24852,2,0
6395,24964,3,0
6396,26620,6,0
6390,27104,3,0
6390,27845,4,0
6393,27845,1,1
6396,27966,3,0
6394,28204,5,0
6390,35951,5,0
6393,37710,4,0
6392,39275,7,0
6396,39275,4,1
6393,39928,2,0
6395,40706,1,0
6393,43154,5,0
6393,44632,6,0
6396,44632,8,1
6393,45007,3,0
6396,45007,7,1
6391,47209,3,0
6392,47766,3,0
6394,49683,4,0
6402,10749,8,0
6402,14233,6,0
6399,14947,1,0
6400,14947,1,1
6401,14947,5,1
6403,14947,8,1
6399,21709,2,0
6400,21709,2,1
6403,22935,1,0
6401,24852,1,0
6402,24852,2,1
6403,24852,6,1
6398,24964,2,0
6403,24964,2,1
6401,26209,3,0
6402,26209,4,1
6399,26620,4,0
6400,26620,5,1
6402,26620,7,1
6402,27845,1,0
6401,27966,4,0
6398,28204,3,0
6403,34126,5,0
6398,35221,1,0
6399,35221,3,1
6400,35221,3,1
6402,35221,5,1
6399,35951,5,0
6400,44632,4,0
6403,45007,3,0
6403,46979,7,0
6401,47626,2,0
6402,47626,3,1
6403,49683,4,0
6406,5077,2,0
6406,5876,6,0
6408,5876,5,1
6407,13176,1,0
6408,14947,6,0
6407,16797,3,0
6408,16797,1,1
6407,17794,5,0
6407,21137,2,0
6408,21137,2,1
6405,22935,1,0
6407,24852,8,0
6405,24964,2,0
6407,26620,7,0
6406,27086,3,0
6408,27104,7,0
6406,27845,1,0
6408,27966,3,0
6407,30489,6,0
6406,35221,4,0
6408,39275,4,0
6405,45007,3,0
6406,47766,5,0
6405,49683,4,0
6407,49683,4,1
6413,196,9,0
6413,5077,7,0
6416,5077,2,1
6411,5876,5,0
6413,8518,10,0
6415,12341,2,0
6416,12341,7,1
6410,13176,4,0
6417,13176,1,1
6412,14947,2,0
6415,14947,4,1
6413,16797,5,0
6414,18523,7,0
6413,21137,8,0
6417,21137,2,1
6418,21137,4,1
6414,21288,1,0
6411,21709,7,0
6412,21709,3,1
6413,21709,2,1
6414,21709,8,1
6416,21903,4,0
6417,21903,4,1
6414,22935,2,0
6411,24852,1,0
6412,24852,6,1
6414,24964,3,0
6411,26209,3,0
6413,26209,3,1
6413,26620,6,0
6416,27086,3,0
6418,27104,1,0
6412,27845,1,0
6413,27845,1,1
6416,27845,1,1
6410,27966,3,0
6418,27966,2,1
6415,28842,1,0
6416,31717,6,0
6410,35221,1,0
6412,35221,4,1
6414,35221,6,1
6418,39275,6,0
6418,39928,3,0
6410,40706,2,0
6415,43154,3,0
6412,44632,5,0
6414,45007,4,0
6411,46979,6,0
6413,47209,4,0
6417,47209,3,1
6411,47626,2,0
6412,47626,7,1
6410,47766,5,0
6411,49235,4,0
6412,49683,8,0
6414,49683,5,1
6416,49683,5,1
6418,49683,5,1
6424,4605,7,0
6425,5077,3,0
6423,8518,6,0
6420,10749,4,0
6424,13176,1,0
6426,13176,6,1
6424,14233,5,0
6421,14947,1,0
6422,14947,2,1
6423,16797,2,0
6426,16797,5,1
6425,17794,2,0
6423,21137,3,0
6424,21137,2,1
6421,21709,2,0
6422,21709,1,1
6423,21709,1,1
6420,21903,3,0
6423,21903,8,1
6426,21903,4,1
6425,22825,4,0
6420,24852,1,0
6426,24852,2,1
6421,26620,4,0
6426,27086,1,0
6423,27966,4,0
6424,27966,4,1
6425,28204,1,0
6421,35221,3,0
6422,35221,3,1
6424,35221,6,1
6423,35951,7,0
6423,39275,5,0
6422,44632,4,0
6424,47209,3,0
6420,47766,2,0
6426,47766,3,1
6432,5077,8,0
6431,5876,5,0
6433,5876,3,1
6430,12341,6,0
6428,13176,2,0
6431,13176,8,1
6434,13176,5,1
6432,14233,2,0
6429,14947,1,0
6430,16797,2,0
6431,16797,2,1
6433,16797,1,1
6434,16797,1,1
6431,18523,6,0
6430,21137,3,0
6431,21288,1,0
6432,21288,1,1
6434,21288,2,1
6429,21709,2,0
6430,21709,1,1
6428,21903,5,0
6430,21903,8,1
6430,26209,9,0
6434,26209,6,1
6429,26620,4,0
6428,27086,1,0
6432,27086,5,1
6432,27845,4,0
6433,27845,5,1
6430,27966,4,0
6432,30489,3,0
6429,35221,3,0
6430,35221,7,1
6432,35221,6,1
6432,37710,7,0
6428,39275,7,0
6430,39275,5,1
6431,39275,3,1
6434,39275,3,1
6431,43352,4,0
6434,43352,4,1
6428,46979,6,0
6433,46979,2,1
6428,47209,4,0
6428,47766,3,0
6431,47766,7,1
6433,47766,4,1
6438,196,4,0
6438,4605,2,0
6437,6184,5,0
6441,6184,4,1
6437,13176,6,0
6440,13176,2,1
6441,13176,3,1
6436,14233,1,0
6437,14233,1,1
6437,14947,2,0
6439,14947,1,1
6440,14947,6,1
6436,17794,4,0
6436,21137,6,0
6440,21137,3,1
6441,21288,2,0
6437,21709,3,0
6438,21709,1,1
6439,21709,2,1
6440,21709,1,1
6441,22935,5,0
6436,27086,5,0
6436,27966,2,0
6441,30489,1,0
6437,31717,7,0
6438,31717,3,1
6439,35221,3,0
6439,39275,6,0
6440,40706,5,0
6441,40706,6,1
6436,43352,3,0
6439,44632,4,0
6440,47209,4,0
6439,47766,5,0
6437,49683,4,0
6445,196,3,0
6444,5077,3,0
6443,5876,3,0
6443,6184,1,0
6444,12341,4,0
6445,14233,8,0
6444,14947,2,0
6445,16797,4,0
6444,21137,6,0
6445,21709,1,0
6445,22935,6,0
6444,24852,1,0
6445,27086,2,0
6443,35221,2,0
6445,37710,7,0
6443,47766,4,0
6445,47766,5,1
6444,49235,5,0
6452,196,9,0
6455,5077,4,0
6449,5876,4,0
6451,5876,7,1
6451,6184,4,0
6455,12341,3,0
6453,13176,1,0
6449,14233,2,0
6452,14233,4,1
6447,16797,1,0
6447,17794,6,0
6452,17794,7,1
6447,21137,2,0
6452,21137,6,1
6453,21137,2,1
6449,21288,1,0
6448,21903,3,0
6451,21903,3,1
6448,22825,5,0
6449,22825,3,1
6448,22935,7,0
6454,22935,3,1
6448,24852,1,0
6451,24852,1,1
6452,26209,2,0
6454,26209,4,1
6450,27086,2,0
6452,27845,1,0
6455,27845,1,1
6447,27966,3,0
6448,27966,6,1
6451,27966,5,1
6452,27966,8,1
6448,35221,4,0
6452,35221,3,1
6447,39275,4,0
6447,44632,5,0
6452,44632,5,1
6447,45007,7,0
6451,45007,6,1
6455,45007,2,1
6453,47209,3,0
6454,47626,1,0
6448,47766,2,0
6451,47766,2,1
6454,47766,2,1
6450,49683,1,0
6457,5876,4,0
6459,5876,2,1
6458,6184,2,0
6458,8518,3,0
6459,10749,4,0
6457,14947,3,0
6458,24852,5,0
6458,24964,1,0
6459,30489,1,0
6457,35951,1,0
6458,37710,4,0
6459,47209,3,0
6457,47766,2,0
6464,196,3,0
6467,5077,5,0
6462,6184,8,0
6463,6184,1,1
6467,6184,6,1
6462,8518,6,0
6465,12341,3,0
6466,14947,2,0
6467,14947,1,1
6462,16797,9,0
6464,16797,7,1
6462,17794,5,0
6468,21137,8,0
6463,21288,4,0
6465,21709,5,0
6466,21709,3,1
6467,21709,2,1
6468,21709,5,1
6461,21903,3,0
6464,22935,1,0
6468,22935,1,1
6461,24852,1,0
6465,24852,2,1
6464,24964,6,0
6468,24964,2,1
6466,26209,6,0
6466,26620,5,0
6462,27845,1,0
6466,27845,1,1
6467,27845,7,1
6468,27845,6,1
6465,28842,4,0
6461,30489,4,0
6463,34126,2,0
6466,35221,4,0
6467,35221,3,1
6463,40706,6,0
6462,43352,3,0
6464,43352,5,1
6467,44632,4,0
6468,45007,3,0
6462,47209,4,0
6463,47209,3,1
6462,47626,7,0
6463,47626,5,1
6468,47626,7,1
6461,47766,2,0
6464,47766,2,1
6465,47766,1,1
6462,49235,2,0
6464,49683,4,0
6466,49683,7,1
6468,49683,4,1
6473,196,5,0
6471,10749,7,0
6473,12341,6,0
6471,13176,6,0
6475,13176,1,1
6473,14233,3,0
6470,14947,4,0
6471,14947,4,1
6472,14947,1,1
6472,16797,5,0
6476,16797,3,1
6473,17794,4,0
6471,18523,3,0
6475,21137,2,0
6471,21709,1,0
6472,21709,2,1
6473,21709,1,1
6471,22825,5,0
6474,22935,4,0
6470,24184,2,0
6472,26620,4,0
6470,27104,1,0
6474,27966,2,0
6476,27966,5,1
6476,30489,1,0
6472,35221,3,0
6470,37710,5,0
6473,39275,2,0
6474,39275,7,1
6470,40706,6,0
6474,40706,3,1
6476,40706,2,1
6473,43154,7,0
6474,43352,8,0
6471,44632,2,0
6474,44632,5,1
6476,44632,6,1
6475,47209,3,0
6470,47626,3,0
6474,47766,6,0
6476,47766,4,1
6474,49235,1,0
6478,12341,3,0
6479,16797,1,0
6479,21288,2,0
6478,21903,5,0
6480,22935,1,0
6478,24184,4,0
6478,24964,2,0
6479,35221,5,0
6479,39275,3,0
6478,39928,1,0
6480,39928,3,1
6479,43352,4,0
6480,44632,2,0
6479,45007,6,0
6479,47209,8,0
6479,49683,7,0
6484,16797,1,0
6484,21137,2,0
6482,21903,3,0
6484,22825,8,0
6482,24852,1,0
6483,24852,2,1
6484,24852,7,1
6483,26209,4,0
6482,27845,5,0
6483,27845,1,1
6484,27966,3,0
6483,30489,5,0
6482,39275,4,0
6483,39275,6,1
6484,39275,4,1
6483,47626,3,0
6482,47766,2,0
6484,47766,6,1
6484,49235,5,0
6488,196,4,0
6488,4605,5,0
6487,5077,6,0
6490,5077,6,1
6488,5876,7,0
6489,5876,6,1
6492,10749,6,0
6488,12341,10,0
6487,13176,5,0
6490,14233,1,0
6487,14947,1,0
6489,14947,1,1
6492,14947,2,1
6486,16797,1,0
6486,21137,2,0
6487,21137,7,1
6487,21709,2,0
6488,21709,1,1
6489,21709,2,1
6492,21709,3,1
6491,21903,3,0
6488,22935,8,0
6491,24852,1,0
6489,24964,5,0
6488,26620,3,0
6488,27086,2,0
6492,27845,1,0
6486,27966,3,0
6490,28204,3,0
6487,35221,3,0
6489,35221,3,1
6492,35221,4,1
6486,37710,5,0
6486,39275,4,0
6488,39928,9,0
6487,44632,4,0
6489,44632,4,1
6492,44632,5,1
6488,45007,6,0
6490,45007,2,1
6490,47209,4,0
6491,47766,2,0
6492,47766,7,1
6490,49683,5,0
6500,196,5,0
6494,5876,5,0
6497,5876,4,1
6497,10749,7,0
6494,12341,2,0
6498,12341,5,1
6500,12341,3,1
6495,13176,2,0
6499,13176,1,1
6495,14233,5,0
6496,14233,2,1
6494,14947,6,0
6496,14947,3,1
6498,14947,1,1
6501,14947,1,1
6494,16797,3,0
6496,16797,6,1
6500,18523,4,0
6495,21137,3,0
6499,21137,2,1
6495,21288,1,0
6497,21288,2,1
6494,21709,4,0
6496,21709,4,1
6497,21709,1,1
6498,21709,2,1
6501,21709,2,1
6499,21903,5,0
6502,21903,3,1
6496,22825,7,0
6499,22935,4,0
6495,24852,6,0
6502,24852,1,1
6494,24964,7,0
6498,26620,4,0
6501,26620,4,1
6496,27104,5,0
6496,27845,1,0
6501,28204,5,0
6497,35221,6,0
6498,35221,3,1
6501,35221,3,1
6497,40706,3,0
6497,43154,5,0
6500,43154,1,1
6496,46979,8,0
6495,47209,4,0
6499,47209,3,1
6494,47766,1,0
6502,47766,2,1
6500,49683,2,0
6511,196,4,0
6507,5077,2,0
6508,5077,2,1
6511,12341,5,0
6505,13176,5,0
6511,14233,1,0
6510,14947,6,0
6504,16797,1,0
6504,21137,2,0
6511,21137,6,1
6505,21288,1,0
6507,21709,5,0
6505,21903,4,0
6505,24852,6,0
6510,24852,1,1
6505,24964,3,0
6507,24964,4,1
6506,26209,1,0
6510,26209,3,1
6509,26620,2,0
6507,27086,3,0
6508,27086,3,1
6509,27086,1,1
6508,27104,7,0
6507,27845,1,0
6508,27845,1,1
6511,27845,2,1
6504,27966,3,0
6508,27966,5,1
6509,27966,4,1
6510,30489,4,0
6508,35221,4,0
6504,39275,4,0
6506,43154,2,0
6508,43352,6,0
6505,44632,2,0
6509,44632,3,1
6506,45007,3,0
6510,45007,5,1
6510,47626,2,0
6506,47766,4,0
6511,47766,3,1
6507,49683,6,0
6513,5876,2,0
6513,6184,1,0
6514,13176,4,0
6515,14233,5,0
6514,18523,2,0
6513,21288,4,0
6515,21903,3,0
6515,24852,1,0
6514,27966,5,0
6514,35221,1,0
6513,43352,3,0
6514,44632,3,0
6515,46979,4,0
6515,47766,2,0
6518,4605,2,0
6524,5077,2,0
6525,5876,3,0
6518,6184,4,0
6522,12341,5,0
6517,13176,1,0
6519,13176,5,1
6520,13176,3,1
6519,14233,1,0
6519,14947,2,0
6519,16797,4,0
6520,16797,6,1
6521,16797,1,1
6522,16797,1,1
6517,21137,2,0
6518,21137,1,1
6520,21137,1,1
6522,21137,2,1
6523,21137,1,1
6521,21288,2,0
6517,21709,5,0
6519,21709,3,1
6520,21709,2,1
6518,24964,5,0
6524,27086,3,0
6517,27845,6,0
6524,27845,1,1
6525,27845,2,1
6522,27966,3,0
6519,31717,6,0
6519,37710,7,0
6521,39275,3,0
6522,39275,4,1
6517,40706,4,0
6521,43352,4,0
6525,43352,1,1
6517,47209,3,0
6520,47209,4,1
6523,47209,3,1
6518,47766,3,0
6520,47766,5,1
6523,47766,2,1
6527,13176,1,0
6528,14947,1,0
6527,21288,3,0
6528,21709,2,0
6529,21709,1,1
6529,24852,2,0
6529,26209,4,0
6528,28204,5,0
6528,35221,3,0
6528,43154,6,0
6528,44632,4,0
6529,44632,5,1
6527,46979,2,0
6529,47626,3,0
6528,49235,7,0
6532,5077,2,0
6532,13176,4,0
6533,14233,7,0
6533,16797,3,0
6533,21137,1,0
6531,21903,2,0
6532,22935,6,0
6531,26620,1,0
6532,26620,5,1
6532,27086,3,0
6533,27086,2,1
6531,27845,3,0
6532,27845,1,1
6533,27966,4,0
6533,39275,5,0
6533,49235,6,0
6536,5077,2,0
6541,5077,2,1
6539,5876,6,0
6536,14947,5,0
6537,14947,6,1
6537,16797,2,0
6539,16797,1,1
6540,16797,1,1
6540,17794,3,0
6539,21137,2,0
6537,21288,3,0
6538,21709,1,0
6535,21903,3,0
6538,21903,4,1
6535,24852,1,0
6538,24852,2,1
6536,24964,1,0
6539,24964,5,1
6537,26209,9,0
6537,27086,1,0
6541,27086,3,1
6537,27104,8,0
6541,27845,1,0
6539,27966,3,0
6537,30489,7,0
6537,39275,4,0
6539,39275,4,1
6538,43154,5,0
6537,43352,5,0
6535,46979,4,0
6540,46979,2,1
6538,47209,6,0
6536,47626,4,0
6535,47766,2,0
6538,47766,3,1
6536,49235,3,0
6544,5077,2,0
6546,5876,3,0
6545,14233,2,0
6545,14947,3,0
6548,14947,2,1
6548,16797,6,0
6543,21137,4,0
6545,21709,4,0
6546,21709,1,1
6548,21709,3,1
6544,21903,5,0
6547,21903,8,1
6547,22935,1,0
6543,24852,3,0
6547,24852,6,1
6547,24964,2,0
6546,26209,5,0
6545,26620,5,0
6548,26620,5,1
6544,27086,3,0
6545,27086,1,1
6544,27845,1,0
6548,27845,1,1
6545,28204,6,0
6547,34126,5,0
6548,35221,4,0
6543,39275,2,0
6546,39928,2,0
6546,43154,4,0
6546,45007,7,0
6547,45007,3,1
6547,46979,7,0
6544,47626,4,0
6546,47626,6,1
6543,47766,1,0
6545,47766,7,1
6545,49683,8,0
6547,49683,4,1
6550,13176,1,0
6553,14233,1,0
6553,14947,2,0
6552,16797,1,0
6550,21137,2,0
6551,21137,5,1
6552,21137,2,1
6553,21709,3,0
6554,21709,1,1
6554,21903,4,0
6554,24852,2,0
6551,24964,4,0
6554,26620,7,0
6551,27966,7,0
6552,27966,3,1
6554,27966,5,1
6553,28204,4,0
6551,28842,1,0
6553,28842,5,1
6553,30489,6,0
6551,37710,2,0
6552,39275,4,0
6551,40706,3,0
6554,43352,6,0
6551,46979,6,0
6550,47209,3,0
6554,47766,3,0
6558,4605,6,0
6560,5077,3,0
6556,5876,4,0
6557,6184,1,0
6557,10749,3,0
6559,14947,1,0
6560,14947,6,1
6561,14947,2,1
6556,17794,3,0
6557,21137,2,0
6559,21709,2,0
6560,21709,1,1
6561,21709,1,1
6561,21903,5,0
6556,22825,2,0
6558,22935,1,0
6558,24964,2,0
6561,26620,4,0
6560,27086,4,0
6556,27845,5,0
6560,27845,2,1
6558,28204,5,0
6556,34126,1,0
6558,34126,7,1
6559,35221,3,0
6561,35221,3,1
6560,39275,5,0
6559,44632,4,0
6558,45007,3,0
6558,47766,8,0
6557,49235,4,0
6558,49683,4,0
6564,5077,5,0
6563,5876,3,0
6564,13176,1,0
6564,21137,2,0
6564,24852,4,0
6565,24852,2,1
6566,24852,2,1
6565,24964,3,0
6563,27086,6,0
6565,27086,1,1
6566,27845,1,0
6563,28204,1,0
6563,34126,4,0
6565,39275,4,0
6566,45007,3,0
6563,47209,2,0
6564,47209,3,1
6563,49683,5,0
6568,4605,3,0
6568,12341,1,0
6570,14947,2,0
6571,14947,2,1
6569,16797,1,0
6568,21137,5,0
6569,21137,2,1
6570,21288,1,0
6570,21709,3,0
6571,21709,1,1
6568,21903,2,0
6570,24964,7,0
6568,26620,4,0
6570,26620,5,1
6570,27086,9,0
6568,27845,6,0
6570,27845,8,1
6569,27966,3,0
6570,35221,4,0
6571,35221,3,1
6570,35951,6,0
6569,39275,4,0
6571,44632,4,0
6581,196,2,0
6576,5077,2,0
6581,5876,3,0
6579,8518,5,0
6577,12341,6,0
6577,14947,1,0
6574,16797,5,0
6579,16797,1,1
6579,21137,2,0
6580,21288,1,0
6577,21709,2,0
6581,21709,1,1
6575,22825,4,0
6581,22825,6,1
6574,22935,1,0
6580,24184,3,0
6573,24852,1,0
6575,24852,1,1
6574,24964,2,0
6573,26209,3,0
6577,26620,4,0
6576,27086,3,0
6580,27086,4,1
6576,27845,1,0
6578,27845,3,1
6579,27845,6,1
6579,27966,3,0
6577,28204,5,0
6580,34126,2,0
6575,35221,2,0
6577,35221,3,1
6581,35221,4,1
6575,37710,5,0
6578,37710,2,1
6573,39275,4,0
6579,39275,4,1
6577,39928,8,0
6580,43154,5,0
6578,43352,1,0
6581,44632,5,0
6574,45007,3,0
6573,47626,2,0
6577,47626,7,1
6575,47766,3,0
6574,49683,4,0
6584,196,1,0
6585,13176,1,0
6583,14233,3,0
6586,16797,2,0
6584,21137,3,0
6585,21137,2,1
6586,21137,1,1
6586,21288,3,0
6586,21903,7,0
6585,24852,4,0
6583,27966,1,0
6586,39275,4,0
6584,43154,2,0
6586,43352,5,0
6584,45007,4,0
6583,47209,2,0
6585,47209,3,1
6586,47766,6,0
6585,49235,5,0
6596,196,6,0
6588,5876,5,0
6590,5876,2,1
6588,14947,1,0
6590,14947,5,1
6594,16797,1,0
6596,16797,1,1
6594,21137,2,0
6590,21288,4,0
6591,21288,3,1
6596,21288,2,1
6588,21709,2,0
6589,21709,1,1
6589,21903,4,0
6590,21903,7,1
6591,21903,2,1
6594,21903,5,1
6595,22935,1,0
6596,24184,7,0
6589,24852,2,0
6590,24964,3,0
6592,24964,2,1
6595,24964,2,1
6588,26209,7,0
6590,26209,6,1
6596,26209,5,1
6592,26620,1,0
6590,27845,1,0
6591,27966,4,0
6593,27966,2,1
6594,27966,3,1
6595,31717,5,0
6588,35221,3,0
6590,35221,8,1
6593,35221,1,1
6594,39275,4,0
6596,39275,3,1
6591,39928,5,0
6588,43352,6,0
6594,43352,6,1
6596,43352,4,1
6588,44632,4,0
6589,44632,5,1
6592,44632,3,1
6595,45007,3,0
6589,47766,3,0
6593,47766,3,1
6592,49235,4,0
6591,49683,1,0
6595,49683,4,1
6599,196,6,0
6601,14947,1,0
6604,16797,1,0
6600,17794,3,0
6600,21137,2,0
6604,21137,2,1
6601,21709,2,0
6599,22935,1,0
6603,22935,1,1
6598,24852,3,0
6603,24852,6,1
6605,24852,1,1
6599,24964,2,0
6603,24964,2,1
6604,24964,6,1
6605,26209,3,0
6601,26620,4,0
6600,27845,1,0
6604,27966,3,0
6598,28204,2,0
6600,31717,5,0
6602,31717,1,1
6598,34126,1,0
6601,35221,3,0
6603,37710,7,0
6599,39275,5,0
6604,39275,4,1
6603,44632,8,0
6599,45007,3,0
6602,45007,3,1
6603,45007,3,1
6600,46979,4,0
6602,47209,2,0
6603,47626,5,0
6605,47626,2,1
6604,47766,5,0
6599,49683,4,0
6603,49683,4,1
6607,4605,4,0
6607,5077,2,0
6609,5077,4,1
6608,6184,6,0
6607,12341,5,0
6609,12341,2,1
6609,13176,1,0
6609,14233,3,0
6608,14947,2,0
6610,14947,2,1
6610,21137,1,0
6608,21709,3,0
6610,21709,3,1
6607,27086,3,0
6608,27086,1,1
6607,27845,1,0
6608,35221,4,0
6610,35221,4,1
6608,44632,5,0
6610,44632,5,1
6609,47209,5,0
6612,5077,2,0
6613,8518,4,0
6618,8518,4,1
6618,12341,3,0
6620,12341,7,1
6613,14233,5,0
6617,14233,5,1
6619,14233,2,1
6614,16797,3,0
6620,16797,2,1
6613,21137,2,0
6619,21137,4,1
6615,21288,1,0
6613,21709,7,0
6616,21709,7,1
6617,21709,6,1
6619,21709,1,1
6615,21903,4,0
6616,21903,4,1
6617,21903,4,1
6614,22825,2,0
6613,24852,3,0
6615,24852,2,1
6616,24852,2,1
6617,24852,2,1
6620,24852,5,1
6619,26209,5,0
6613,26620,1,0
6612,27086,3,0
6612,27845,1,0
6614,27845,1,1
6616,27845,1,1
6617,27845,1,1
6614,27966,6,0
6615,28842,5,0
6615,34126,6,0
6619,35951,3,0
6618,37710,1,0
6620,37710,6,1
6614,39275,4,0
6619,39928,6,0
6620,40706,1,0
6619,43154,7,0
6614,43352,5,0
6612,44632,4,0
6613,45007,6,0
6618,45007,2,1
6616,47626,6,0
6620,47626,4,1
6615,47766,3,0
6616,47766,3,1
6617,47766,3,1
6620,47766,3,1
6616,49235,5,0
6617,49235,7,1
6624,196,2,0
6625,5077,2,0
6627,5876,2,0
6627,12341,5,0
6622,13176,1,0
6627,16797,3,0
6622,21137,2,0
6627,21137,1,1
6628,21137,5,1
6628,21288,1,0
6628,21903,4,0
6626,22825,4,0
6628,24852,2,0
6624,26209,1,0
6626,26209,3,1
6625,27086,3,0
6626,27086,1,1
6624,27104,3,0
6622,27845,4,0
6625,27845,1,1
6623,27966,3,0
6624,39275,5,0
6623,40706,1,0
6627,40706,6,1
6623,43352,2,0
6626,43352,2,1
6624,45007,4,0
6622,47209,3,0
6627,47626,4,0
6625,47766,4,0
6628,47766,3,1
6635,5077,2,0
6633,5876,4,0
6637,5876,1,1
6637,8518,5,0
6630,14233,6,0
6634,14233,1,1
6637,14233,7,1
6632,14947,1,0
6634,14947,2,1
6637,18523,3,0
6630,21137,1,0
6632,21709,2,0
6633,21709,1,1
6634,21709,3,1
6635,21709,1,1
6633,21903,6,0
6633,22935,3,0
6636,24852,4,0
6630,24964,5,0
6631,24964,7,1
6630,26620,2,0
6632,26620,4,1
6630,27086,3,0
6632,27104,6,0
6635,27966,7,0
6636,28204,2,0
6631,31717,2,0
6637,34126,6,0
6631,35221,1,0
6632,35221,3,1
6633,35221,2,1
6632,39275,5,0
6637,39928,2,0
6635,40706,3,0
6636,40706,1,1
6632,43154,7,0
6635,43154,6,1
6637,43352,4,0
6631,45007,4,0
6633,45007,5,1
6635,45007,5,1
6636,45007,3,1
6631,47626,6,0
6631,47766,5,0
6635,47766,4,1
6631,49235,3,0
6630,49683,4,0
6641,4605,3,0
6640,5077,2,0
6642,14947,3,0
6639,22935,1,0
6640,24852,4,0
6639,24964,2,0
6640,27086,3,0
6641,27086,1,1
6640,27845,1,0
6641,27966,6,0
6639,40706,5,0
6642,44632,2,0
6639,45007,3,0
6641,45007,4,1
6641,47209,7,0
6641,47626,2,0
6641,47766,5,0
6642,49235,1,0
6639,49683,4,0
6644,5077,2,0
6644,13176,5,0
6646,14233,5,0
6645,14947,3,0
6647,14947,1,1
6648,14947,2,1
6644,16797,1,0
6648,17794,5,0
6646,21137,4,0
6645,21288,1,0
6645,21709,4,0
6647,21709,2,1
6648,21709,1,1
6646,24852,1,0
6644,24964,3,0
6646,26209,3,0
6645,26620,6,0
6648,26620,4,1
6645,27086,2,0
6647,27966,5,0
6645,35221,5,0
6647,35221,3,1
6648,35221,3,1
6648,37710,6,0
6647,43154,6,0
6648,43154,8,1
6647,44632,4,0
6648,45007,7,0
6644,47209,4,0
6645,47626,7,0
6646,47626,2,1
6646,47766,6,0
6651,5077,2,0
6653,5077,2,1
6654,5077,3,1
6650,12341,8,0
6654,12341,4,1
6652,14233,2,0
6655,14233,2,1
6656,14233,4,1
6650,14947,1,0
6652,14947,3,1
6655,14947,3,1
6650,16797,5,0
6650,17794,7,0
6655,21288,8,0
6650,21709,2,0
6652,21709,4,1
6655,21709,4,1
6655,21903,7,0
6656,22825,2,0
6655,24964,5,0
6653,26209,5,0
6653,26620,4,0
6651,27086,3,0
6652,27086,1,1
6653,27086,3,1
6654,27086,1,1
6655,27086,1,1
6651,27845,1,0
6653,27845,1,1
6654,27845,2,1
6656,28204,1,0
6650,34126,6,0
6650,35221,3,0
6656,37710,3,0
6655,39928,6,0
6650,44632,4,0
6659,4605,7,0
6658,5876,7,0
6660,6184,5,0
6661,8518,2,0
6660,10749,3,0
6658,12341,6,0
6661,12341,4,1
6665,13176,3,0
6660,14233,2,0
6665,14947,1,0
6658,16797,1,0
6658,17794,5,0
6659,17794,5,1
6664,17794,4,1
6665,21137,5,0
6658,21288,2,0
6663,21288,4,1
6664,21709,6,0
6666,21709,1,1
6661,22825,5,0
6662,22935,4,0
6664,24184,7,0
6662,24852,1,0
6663,24852,1,1
6666,24852,2,1
6659,24964,6,0
6660,24964,6,1
6660,26209,1,0
6662,26209,3,1
6663,26209,3,1
6666,26209,4,1
6664,26620,2,0
6659,27845,1,0
6664,27845,1,1
6665,28204,4,0
6659,31717,2,0
6658,39275,3,0
6659,39928,4,0
6665,40706,2,0
6658,43352,4,0
6659,43352,3,1
6665,44632,6,0
6661,46979,3,0
6664,47209,5,0
6662,47626,2,0
6663,47626,2,1
6664,47626,3,1
6666,47626,3,1
6660,47766,4,0
6661,49683,1,0
6668,10749,7,0
6670,13176,1,0
6668,14947,1,0
6671,14947,2,1
6672,14947,2,1
6668,16797,5,0
6669,18523,6,0
6670,21137,2,0
6671,21137,1,1
6668,21709,2,0
6669,21709,1,1
6671,21709,3,1
6672,21709,1,1
6673,21709,1,1
6671,21903,6,0
6674,21903,3,1
6668,24184,6,0
6673,24852,2,0
6674,24852,1,1
6673,26209,4,0
6669,26620,2,0
6671,26620,5,1
6672,27086,7,0
6673,27086,5,1
6669,27845,3,0
6672,27845,6,1
6673,27966,6,0
6671,28204,7,0
6674,30489,4,0
6668,35221,3,0
6671,35221,4,1
6672,35221,3,1
6668,39928,8,0
6668,44632,4,0
6672,44632,4,1
6670,47209,3,0
6673,47626,3,0
6669,47766,5,0
6674,47766,2,1
6669,49235,4,0
6672,49683,5,0
6677,196,5,0
6677,5077,3,0
6678,5876,3,0
6676,12341,5,0
6676,14233,6,0
6679,14233,1,1
6679,14947,2,0
6676,16797,2,0
6677,21288,1,0
6678,21288,4,1
6679,21709,3,0
6677,21903,7,0
6676,22935,4,0
6678,24964,2,0
6677,27086,4,0
6677,27845,2,0
6676,43154,3,0
6678,43352,1,0
6676,44632,1,0
6678,45007,5,0
6677,49683,6,0
6682,13176,5,0
6683,14233,7,0
6685,14947,2,0
6687,18523,5,0
6683,21137,1,0
6685,21709,3,0
6686,21709,1,1
6684,21903,3,0
6685,21903,7,1
6686,21903,4,1
6681,22935,1,0
6682,22935,1,1
6683,22935,2,1
6684,24852,1,0
6686,24852,2,1
6681,24964,2,0
6682,24964,2,1
6683,24964,3,1
6687,24964,6,1
6685,26620,5,0
6685,27845,1,0
6687,27845,1,1
6687,27966,4,0
6681,28204,5,0
6687,34126,3,0
6681,35221,6,0
6685,35221,4,1
6683,35951,6,0
6685,35951,9,1
6683,39928,8,0
6685,40706,6,0
6687,43154,2,0
6681,45007,3,0
6682,45007,3,1
6683,45007,4,1
6684,47766,2,0
6686,47766,3,1
6685,49235,8,0
6681,49683,4,0
6682,49683,4,1
6683,49683,5,1
6690,5077,7,0
6694,5876,4,0
6690,8518,5,0
6692,13176,4,0
6694,13176,1,1
6690,14947,1,0
6691,14947,2,1
6693,16797,1,0
6692,18523,1,0
6694,21137,2,0
6696,21137,2,1
6693,21288,2,0
6690,21709,2,0
6691,21709,1,1
6693,21903,6,0
6692,24964,5,0
6695,24964,4,1
6693,27966,7,0
6692,28204,2,0
6689,31717,2,0
6690,35221,3,0
6691,35221,3,1
6695,35221,1,1
6693,39275,3,0
6696,40706,1,0
6695,43154,3,0
6693,43352,4,0
6689,44632,1,0
6690,44632,4,1
6691,44632,4,1
6696,45007,3,0
6693,47209,5,0
6694,47209,3,1
6695,47626,2,0
6690,47766,6,0
6692,49683,3,0
6698,5077,2,0
6699,14947,1,0
6701,16797,2,0
6701,21288,3,0
6698,21709,4,0
6699,21709,2,1
6700,21709,1,1
6700,21903,4,0
6700,24852,2,0
6701,24964,6,0
6700,26209,5,0
6698,27086,3,0
6698,27845,1,0
6701,27845,1,1
6699,31717,5,0
6699,35221,3,0
6701,39275,4,0
6701,43352,5,0
6699,44632,4,0
6698,45007,5,0
6700,45007,7,1
6700,46979,6,0
6700,47766,3,0
6704,5077,2,0
6705,13176,3,0
6704,14947,5,0
6703,16797,1,0
6703,21288,2,0
6704,21288,6,1
6703,24184,5,0
6705,24852,4,0
6705,26209,6,0
6704,27086,3,0
6704,27845,1,0
6703,28842,7,0
6704,30489,4,0
6703,37710,6,0
6705,37710,5,1
6703,39275,3,0
6703,43352,4,0
6705,43352,1,1
6705,44632,2,0
6709,4605,1,0
6709,12341,4,0
6709,14233,3,0
6707,14947,1,0
6709,21288,8,0
6707,21709,2,0
6708,21709,1,1
6709,21903,7,0
6708,22935,2,0
6708,24964,3,0
6709,26620,2,0
6709,27086,5,0
6707,35221,3,0
6707,39275,5,0
6707,43154,6,0
6707,44632,4,0
6708,45007,4,0
6707,47626,7,0
6709,47766,6,0
6708,49683,5,0
6716,196,8,0
6716,4605,7,0
6717,5077,1,0
6711,5876,1,0
6717,5876,3,1
6715,6184,1,0
6717,6184,2,1
6715,10749,2,0
6715,12341,3,0
6712,13176,4,0
6719,13176,1,1
6714,14233,4,0
6716,14947,2,0
6718,14947,1,1
6719,14947,6,1
6711,16797,3,0
6715,16797,4,1
6712,21137,5,0
6713,21137,1,1
6719,21137,2,1
6716,21288,1,0
6716,21709,3,0
6718,21709,2,1
6711,21903,2,0
6713,21903,5,1
6712,24852,1,0
6714,24852,1,1
6712,26209,3,0
6714,26209,3,1
6718,27086,5,0
6719,27104,5,0
6714,31717,5,0
6716,34126,6,0
6713,35221,3,0
6716,35221,4,1
6718,35221,3,1
6719,35951,4,0
6713,39275,2,0
6711,40706,4,0
6716,44632,5,0
6718,44632,4,1
6716,45007,9,0
6719,47209,3,0
6712,47626,2,0
6714,47626,2,1
6713,49235,4,0
6718,49235,6,1
6722,196,4,0
6724,196,7,1
6726,5876,2,0
6724,13176,1,0
6722,14233,5,0
6723,16797,5,0
6724,16797,6,1
6724,21137,2,0
6725,21137,1,1
6723,21288,7,0
6725,21288,2,1
6723,22935,1,0
6721,24852,1,0
6725,24852,3,1
6723,24964,2,0
6721,26209,3,0
6725,26209,5,1
6726,26209,4,1
6725,27086,6,0
6726,27086,3,1
6722,27845,1,0
6726,27845,1,1
6726,27966,7,0
6722,28204,6,0
6726,34126,5,0
6724,35951,5,0
6726,40706,6,0
6725,43352,7,0
6724,44632,4,0
6723,45007,3,0
6722,47209,2,0
6724,47209,3,1
6721,47626,2,0
6723,47626,6,1
6725,47626,4,1
6721,47766,4,0
6722,49683,3,0
6723,49683,4,1
6732,196,3,0
6733,4605,6,0
6728,5077,2,0
6731,5876,6,0
6730,6184,5,0
6728,13176,6,0
6734,13176,2,1
6732,14947,4,0
6733,14947,1,1
6730,16797,1,0
6731,18523,1,0
6729,21137,1,0
6733,21137,7,1
6735,21137,1,1
6736,21137,1,1
6730,21288,2,0
6732,21288,1,1
6731,21709,3,0
6733,21709,2,1
6734,21709,1,1
6730,21903,7,0
6732,21903,5,1
6735,21903,2,1
6734,22935,4,0
6729,24964,5,0
6736,24964,5,1
6734,26209,3,0
6734,26620,5,0
6735,27086,3,0
6736,27086,4,1
6731,27966,5,0
6728,28204,1,0
6729,28204,4,1
6731,31717,4,0
6733,35221,3,0
6736,35951,2,0
6729,37710,2,0
6730,37710,6,1
6730,39275,3,0
6735,39275,4,1
6728,39928,4,0
6730,43352,4,0
6731,43352,7,1
6728,44632,3,0
6732,44632,2,1
6733,44632,4,1
6734,44632,6,1
6728,45007,5,0
6733,45007,5,1
6736,46979,6,0
6735,47626,5,0
6729,47766,3,0
6731,47766,2,1
6734,49235,7,0
6736,49683,3,0
6743,5077,6,0
6740,6184,1,0
6744,6184,7,1
6741,8518,5,0
6742,10749,5,0
6738,12341,4,0
6742,14233,1,0
6739,14947,1,0
6740,14947,2,1
6742,14947,2,1
6743,14947,3,1
6744,14947,2,1
6742,16797,6,0
6745,16797,2,1
6741,18523,8,0
6738,21137,1,0
6743,21288,2,0
6745,21288,3,1
6739,21709,2,0
6741,21709,1,1
6742,21709,3,1
6743,21709,1,1
6744,21709,1,1
6745,21709,1,1
6741,21903,2,0
6741,26209,4,0
6738,26620,2,0
6741,27966,3,0
6738,28204,3,0
6739,35221,3,0
6742,35221,7,1
6743,35221,4,1
6744,35221,3,1
6741,35951,7,0
6742,39275,4,0
6745,39275,4,1
6744,43352,5,0
6745,43352,5,1
6739,44632,4,0
6740,44632,3,1
6743,44632,5,1
6744,44632,4,1
6744,47209,6,0
6741,47626,6,0
6741,47766,9,0
6740,49235,4,0
6744,49683,8,0
6748,196,3,0
6750,196,6,1
6748,5876,2,0
6747,10749,4,0
6749,13176,1,0
6750,14947,1,0
6748,16797,6,0
6750,17794,5,0
6749,21137,2,0
6750,21709,2,0
6747,21903,3,0
6750,21903,7,1
6748,22825,4,0
6749,22935,6,0
6747,24852,1,0
6750,24852,8,1
6749,27104,4,0
6748,27845,1,0
6748,30489,5,0
6750,35221,3,0
6749,35951,7,0
6750,44632,4,0
6749,47209,3,0
6747,47766,2,0
6749,47766,5,1
6753,5077,2,0
6755,5876,1,0
6754,10749,7,0
6754,16797,2,0
6754,21137,3,0
6753,21709,6,0
6752,21903,5,0
6754,21903,6,1
6753,27086,3,0
6754,27086,1,1
6753,27845,1,0
6752,27966,1,0
6754,27966,4,1
6752,28204,3,0
6752,35221,2,0
6753,35221,4,1
6754,35221,8,1
6755,35951,2,0
6754,39275,5,0
6752,47209,4,0
6753,49235,5,0
6757,196,5,0
6758,6184,5,0
6757,8518,2,0
6757,14947,3,0
6759,16797,2,0
6759,18523,8,0
6758,21137,7,0
6759,21137,3,1
6758,21903,3,0
6758,24184,4,0
6758,24852,1,0
6759,27845,1,0
6759,27966,4,0
6757,35221,4,0
6759,35221,6,1
6758,39275,6,0
6759,39275,5,1
6759,39928,7,0
6757,46979,1,0
6758,47766,2,0
6762,4605,1,0
6764,5077,3,0
6761,13176,1,0
6763,14233,8,0
6763,14947,1,0
6761,21137,2,0
6762,21288,2,0
6762,21709,4,0
6763,21709,2,1
6764,21709,1,1
6763,21903,6,0
6762,27086,3,0
6764,27086,4,1
6764,27845,2,0
6763,28204,5,0
6763,35221,3,0
6763,44632,4,0
6761,47209,3,0
6763,47209,7,1
6766,6184,2,0
6769,8518,3,0
6768,12341,4,0
6770,12341,1,1
6771,12341,4,1
6767,13176,8,0
6771,13176,1,1
6766,14947,4,0
6767,14947,1,1
6772,14947,2,1
6771,21137,2,0
6772,21137,1,1
6767,21709,2,0
6772,21709,3,1
6767,24852,6,0
6768,24852,2,1
6767,24964,7,0
6767,26620,4,0
6772,26620,5,1
6768,27086,6,0
6770,27104,3,0
6769,27966,1,0
6766,28204,3,0
6769,28204,6,1
6770,28204,2,1
6766,28842,5,0
6766,31717,1,0
6767,35221,3,0
6768,35221,1,1
6772,35221,4,1
6768,35951,3,0
6769,37710,5,0
6771,39928,5,0
6769,40706,2,0
6769,43352,4,0
6770,43352,4,1
6771,47209,3,0
6767,47766,5,0
6768,49235,5,0
6781,5876,2,0
6782,5876,4,1
6774,8518,2,0
6780,12341,1,0
6776,13176,1,0
6778,13176,2,1
6779,13176,3,1
6782,13176,1,1
6777,14947,2,0
6778,14947,3,1
6778,16797,4,0
6776,21137,2,0
6779,21137,1,1
6782,21137,2,1
6775,21709,5,0
6777,21709,3,1
6779,21709,2,1
6776,22825,4,0
6781,26209,1,0
6774,27845,3,0
6780,27966,3,0
6775,30489,4,0
6775,35221,1,0
6777,35221,1,1
6781,35951,3,0
6780,39275,2,0
6775,40706,3,0
6774,43154,1,0
6778,44632,1,0
6774,45007,5,0
6774,47209,4,0
6776,47209,3,1
6779,47209,4,1
6782,47209,3,1
6775,47626,6,0
6775,47766,2,0
6775,49683,7,0
6785,196,4,0
6785,4605,3,0
6784,10749,3,0
6784,16797,2,0
6786,21137,2,0
6786,21903,3,0
6785,24964,1,0
6785,27845,2,0
6784,27966,1,0
6785,27966,5,1
6785,46979,6,0
6784,47209,6,0
6786,47766,1,0
6784,49235,5,0
6784,49683,4,0
6789,6184,4,0
6790,16797,4,0
6792,16797,1,1
6793,16797,1,1
6791,21137,3,0
6792,21137,2,1
6793,21288,2,0
6788,24852,2,0
6789,24852,1,1
6791,24964,2,0
6790,27845,1,0
6792,27966,3,0
6789,28204,2,0
6791,28204,1,1
6789,31717,3,0
6792,37710,5,0
6792,39275,4,0
6793,39275,3,1
6789,43352,5,0
6793,43352,4,1
6788,47766,1,0
6790,47766,2,1
6790,49683,3,0
6798,8518,4,0
6795,13176,1,0
6799,13176,3,1
6797,14947,1,0
6799,14947,2,1
6795,21137,2,0
6796,21137,1,1
6796,21288,3,0
6797,21709,2,0
6798,21709,1,1
6799,21903,7,0
6798,22935,2,0
6795,24964,5,0
6799,26209,4,0
6796,27104,4,0
6798,27845,5,0
6795,27966,4,0
6796,27966,5,1
6797,28842,7,0
6796,35221,6,0
6797,35221,3,1
6799,35221,6,1
6796,35951,2,0
6797,39275,5,0
6798,39928,3,0
6799,43154,1,0
6797,44632,4,0
6798,45007,6,0
6795,47209,3,0
6797,49683,6,0
6799,49683,5,1
6805,4605,5,0
6802,5876,3,0
6805,6184,4,0
6802,12341,4,0
6801,13176,1,0
6807,14233,4,0
6804,14947,1,0
6807,14947,5,1
6806,16797,3,0
6803,18523,3,0
6801,21137,2,0
6802,21137,1,1
6803,21288,4,0
6802,21709,5,0
6804,21709,2,1
6805,21709,1,1
6806,21709,6,1
6802,21903,7,0
6801,22825,4,0
6802,22825,8,1
6806,24184,8,0
6806,24852,4,0
6806,27086,1,0
6801,27104,5,0
6803,27104,1,1
6803,27845,6,0
6807,27845,1,1
6802,30489,6,0
6804,35221,3,0
6803,35951,2,0
6803,39275,7,0
6804,44632,4,0
6807,44632,3,1
6806,46979,2,0
6801,47209,3,0
6805,47209,3,1
6806,47209,5,1
6807,47209,2,1
6805,47626,2,0
6802,47766,2,0
6802,49235,9,0
6803,49235,5,1
6806,49235,7,1
6813,196,7,0
6813,4605,3,0
6811,5077,2,0
6812,5077,1,1
6809,6184,3,0
6817,12341,5,0
6813,13176,1,0
6816,13176,8,1
6816,14947,1,0
6810,16797,1,0
6814,16797,2,1
6817,16797,3,1
6814,21137,1,0
6817,21137,1,1
6810,21288,2,0
6814,21288,3,1
6809,21709,4,0
6816,21709,2,1
6813,24184,5,0
6816,24852,5,0
6815,24964,5,0
6817,24964,6,1
6812,26620,4,0
6816,26620,4,1
6809,27086,2,0
6811,27086,3,1
6816,27086,6,1
6811,27845,1,0
6813,27966,4,0
6815,27966,2,1
6816,35221,3,0
6813,35951,2,0
6815,37710,4,0
6810,39275,3,0
6814,39275,4,1
6809,39928,5,0
6809,40706,1,0
6812,40706,3,1
6815,40706,1,1
6815,43154,7,0
6817,43154,4,1
6810,43352,4,0
6812,43352,2,1
6814,43352,5,1
6815,47626,6,0
6815,49235,3,0
6816,49235,7,1
6817,49235,2,1
6813,49683,6,0
6819,6184,1,0
6819,8518,4,0
6820,14233,1,0
6821,14233,5,1
6820,14947,2,0
6819,21137,3,0
6820,21288,4,0
6820,21709,3,0
6821,21709,1,1
6819,21903,6,0
6821,22825,4,0
6821,24184,3,0
6821,24852,6,0
6822,26209,5,0
6822,27845,1,0
6819,27966,5,0
6820,31717,5,0
6819,35221,2,0
6821,35951,7,0
6822,35951,3,1
6822,40706,2,0
6822,45007,4,0
6821,47626,2,0
6824,5876,3,0
6827,5876,5,1
6825,14233,2,0
6827,14947,7,0
6827,16797,6,0
6828,16797,2,1
6828,21137,3,0
6825,21288,3,0
6826,21709,4,0
6826,21903,3,0
6827,21903,4,1
6824,22935,1,0
6826,24852,1,0
6827,24852,2,1
6827,27845,1,0
6828,27845,1,1
6828,27966,4,0
6825,28842,4,0
6826,35221,5,0
6826,35951,6,0
6825,39275,1,0
6828,39275,5,1
6824,43352,2,0
6826,47766,2,0
6827,47766,3,1
6836,196,8,0
6835,6184,7,0
6832,12341,5,0
6837,12341,3,1
6832,13176,1,0
6836,13176,1,1
6831,14233,1,0
6832,14233,4,1
6834,14233,1,1
6834,14947,2,0
6835,16797,1,0
6832,21137,2,0
6835,21288,2,0
6834,21709,3,0
6836,21903,5,0
6835,22825,5,0
6830,22935,1,0
6835,22935,8,1
6837,22935,5,1
6833,24852,1,0
6837,24852,2,1
6830,24964,2,0
6833,26209,3,0
6837,26209,1,1
6836,27966,2,0
6831,30489,2,0
6835,35221,6,0
6835,39275,3,0
6836,39275,4,1
6837,39275,6,1
6836,43154,3,0
6834,43352,4,0
6835,43352,4,1
6830,45007,3,0
6836,45007,7,1
6831,47209,3,0
6832,47209,3,1
6834,47209,5,1
6837,47209,4,1
6833,47626,2,0
6833,47766,4,0
6836,47766,6,1
6830,49683,4,0
6841,5876,3,0
6839,13176,2,0
6839,14233,6,0
6840,21137,1,0
6839,21903,1,0
6839,24852,5,0
6840,24852,2,1
6840,26209,4,0
6839,27086,4,0
6841,27086,4,1
6839,27845,7,0
6840,27966,6,0
6841,39275,2,0
6840,40706,5,0
6839,43352,3,0
6839,46979,8,0
6840,47626,3,0
6841,47626,1,1
6840,47766,7,0
6844,4605,8,0
6846,6184,5,0
6849,13176,3,0
6846,14947,1,0
6850,14947,1,1
6851,14947,1,1
6844,16797,1,0
6847,16797,4,1
6844,17794,5,0
6850,17794,6,1
6844,21288,2,0
6846,21709,2,0
6847,21709,2,1
6850,21709,2,1
6851,21709,2,1
6845,21903,3,0
6847,21903,3,1
6850,21903,5,1
6843,22935,1,0
6845,24852,1,0
6846,24852,8,1
6847,24852,6,1
6848,24852,1,1
6849,24852,5,1
6843,24964,2,0
6848,26209,3,0
6844,26620,7,0
6851,26620,4,1
6846,27086,7,0
6847,27104,5,0
6847,27845,1,0
6850,27845,7,1
6849,28204,2,0
6849,28842,1,0
6848,30489,6,0
6844,34126,6,0
6845,34126,4,1
6846,35221,3,0
6850,35221,3,1
6851,35221,3,1
6843,35951,5,0
6846,35951,6,1
6849,37710,6,0
6844,39275,3,0
6844,43352,4,0
6846,44632,4,0
6848,44632,4,1
6849,44632,4,1
6850,44632,4,1
6843,45007,3,0
6848,47626,2,0
6845,47766,2,0
6843,49683,4,0
6848,49683,5,1
6853,5077,2,0
6855,8518,5,0
6856,10749,7,0
6857,12341,2,0
6853,13176,4,0
6854,21137,2,0
6854,21903,6,0
6855,22935,3,0
6857,22935,3,1
6853,24852,5,0
6854,24852,4,1
6856,24852,1,1
6856,24964,5,0
6856,26209,3,0
6855,26620,4,0
6853,27086,3,0
6854,27086,3,1
6855,27104,6,0
6853,27845,1,0
6854,27845,1,1
6855,27845,1,1
6856,27845,6,1
6857,30489,4,0
6856,35951,4,0
6855,40706,2,0
6854,43352,7,0
6857,44632,6,0
6856,47626,2,0
6854,47766,5,0
6857,47766,5,1
6857,49235,1,0
6860,5876,5,0
6861,6184,5,0
6860,10749,6,0
6862,12341,3,0
6860,14233,2,0
6860,14947,3,0
6860,16797,8,0
6860,21709,4,0
6861,21709,4,1
6859,21903,3,0
6861,21903,3,1
6859,24852,1,0
6861,24852,1,1
6861,26620,6,0
6860,27845,1,0
6862,27845,1,1
6861,28204,7,0
6862,45007,2,0
6860,47626,7,0
6862,47626,4,1
6859,47766,2,0
6861,47766,2,1
6864,5077,1,0
6865,5077,6,1
6864,13176,6,0
6865,13176,3,1
6864,14233,5,0
6865,14233,5,1
6866,14947,1,0
6864,16797,4,0
6865,21137,1,0
6866,21137,7,1
6865,21288,2,0
6866,21709,2,0
6866,26620,4,0
6864,27845,3,0
6864,27966,2,0
6866,30489,6,0
6866,35221,3,0
6865,39275,7,0
6866,39275,5,1
6866,44632,8,0
6865,47209,4,0
6872,5077,2,0
6869,5876,5,0
6869,13176,1,0
6874,13176,1,1
6868,14947,1,0
6869,21137,2,0
6871,21137,6,1
6873,21137,4,1
6874,21137,2,1
6868,21709,2,0
6870,21903,3,0
6871,21903,4,1
6873,21903,3,1
6870,24852,1,0
6871,24852,2,1
6873,24852,1,1
6872,27086,3,0
6871,27845,1,0
6872,27845,1,1
6868,28204,5,0
6869,28204,4,1
6868,35221,3,0
6868,44632,4,0
6871,44632,5,1
6872,44632,4,1
6870,46979,4,0
6869,47209,3,0
6874,47209,3,1
6870,47766,2,0
6871,47766,3,1
6873,47766,2,1
6882,196,2,0
6878,5077,3,0
6880,5876,2,0
6879,6184,2,0
6879,8518,5,0
6879,10749,1,0
6879,12341,3,0
6882,12341,3,1
6877,13176,3,0
6876,14947,1,0
6880,14947,1,1
6881,14947,1,1
6877,21137,4,0
6878,21137,1,1
6877,21709,2,0
6881,21709,2,1
6876,24852,3,0
6879,26209,4,0
6881,26620,4,0
6882,26620,5,1
6878,27086,4,0
6876,27104,2,0
6877,27845,1,0
6878,27845,2,1
6878,27966,5,0
6880,28204,4,0
6881,35221,3,0
6880,40706,3,0
6878,45007,6,0
6882,45007,4,1
6881,46979,5,0
6877,47209,5,0
6882,47626,1,0
6887,5876,7,0
6886,14947,5,0
6885,16797,1,0
6885,21137,2,0
6886,21709,2,0
6887,21709,1,1
6886,21903,4,0
6887,24964,4,0
6887,27104,5,0
6886,27845,1,0
6885,27966,3,0
6884,28204,1,0
6886,31717,6,0
6887,31717,6,1
6885,39275,4,0
6884,43154,2,0
6886,47626,3,0
6887,47626,2,1
6887,47766,3,0
6885,49683,5,0
6891,8518,6,0
6889,14233,1,0
6889,14947,4,0
6891,16797,1,0
6889,17794,5,0
6890,17794,3,1
6893,18523,8,0
6891,21137,2,0
6893,21288,6,0
6890,21709,1,0
6891,21709,5,1
6892,21903,3,0
6893,21903,7,1
6889,22825,3,0
6889,22935,7,0
6892,24852,1,0
6893,24852,2,1
6889,26209,6,0
6893,26209,4,1
6893,27845,1,0
6891,27966,3,0
6889,31717,2,0
6891,39275,4,0
6889,44632,8,0
6890,47626,2,0
6893,47626,3,1
6892,47766,2,0
6893,47766,5,1
6895,5077,2,0
6896,5876,2,0
6896,8518,4,0
6897,13176,3,0
6899,13176,7,1
6896,14947,5,0
6898,14947,1,1
6899,14947,2,1
6899,16797,6,0
6900,16797,5,1
6900,21288,8,0
6897,21709,1,0
6898,21709,2,1
6899,21709,1,1
6899,21903,5,0
6900,22935,7,0
6900,26209,3,0
6898,26620,4,0
6895,27086,3,0
6896,27086,1,1
6895,27845,1,0
6900,27845,4,1
6898,35221,3,0
6899,35221,3,1
6900,37710,6,0
6896,40706,7,0
6900,43154,1,0
6900,43352,2,0
6899,44632,4,0
6897,47209,2,0
6896,47626,3,0
6896,47766,6,0
6904,5077,3,0
6905,5876,8,0
6905,6184,5,0
6904,13176,1,0
6905,14947,1,0
6902,21137,4,0
6905,21709,2,0
6903,21903,3,0
6905,22935,7,0
6904,24184,2,0
6903,24852,1,0
6905,24852,6,1
6905,26620,4,0
6904,27086,5,0
6902,27966,1,0
6905,35221,3,0
6902,39275,3,0
6904,44632,4,0
6902,47209,2,0
6903,47766,2,0
6902,49235,5,0
6907,196,7,0
6909,4605,6,0
6909,8518,2,0
6908,13176,1,0
6910,14947,5,0
6912,14947,1,1
6907,16797,1,0
6908,16797,6,1
6908,21137,2,0
6911,21137,2,1
6907,21288,2,0
6909,21288,1,1
6912,21709,2,0
6910,21903,3,0
6911,21903,4,1
6910,22935,4,0
6908,24184,5,0
6910,24852,1,0
6912,26209,5,0
6907,27104,5,0
6911,27104,3,1
6909,27845,4,0
6911,27845,1,1
6908,27966,7,0
6907,30489,8,0
6911,30489,5,1
6911,35221,7,0
6912,35221,3,1
6907,39275,3,0
6907,43352,4,0
6912,44632,4,0
6907,45007,6,0
6911,45007,8,1
6908,47209,3,0
6909,47209,3,1
6911,47209,6,1
6909,47626,5,0
6908,47766,4,0
6910,47766,2,1
6911,49683,9,0
6919,5077,2,0
6914,13176,5,0
6915,13176,8,1
6915,14947,7,0
6917,14947,1,1
6920,14947,2,1
6915,16797,3,0
6917,16797,5,1
6915,21137,2,0
6916,21137,1,1
6920,21137,6,1
6921,21137,1,1
6915,21288,4,0
6917,21709,2,0
6918,21709,1,1
6920,21709,3,1
6921,21709,2,1
6916,22935,2,0
6918,22935,5,1
6914,24852,1,0
6916,24964,3,0
6918,24964,3,1
6914,26209,3,0
6918,26209,6,1
6919,26209,4,1
6920,26620,5,0
6919,27086,3,0
6920,27086,1,1
6915,27845,1,0
6919,27845,1,1
6918,28204,4,0
6918,30489,2,0
6917,35221,3,0
6920,35221,4,1
6916,35951,6,0
6914,37710,4,0
6915,39275,5,0
6915,43352,6,0
6917,44632,4,0
6916,45007,4,0
6914,47626,2,0
6920,47766,7,0
6916,49683,5,0
6926,5077,2,0
6927,5077,2,1
6926,10749,6,0
6927,10749,4,1
6928,14233,6,0
6924,14947,1,0
6925,14947,2,1
6929,14947,2,1
6928,16797,3,0
6924,17794,5,0
6928,18523,4,0
6924,21709,2,0
6925,21709,3,1
6929,21709,3,1
6923,21903,3,0
6923,24852,1,0
6924,24852,6,1
6928,24852,2,1
6926,26209,5,0
6925,26620,5,0
6928,26620,5,1
6926,27086,3,0
6927,27086,3,1
6928,27086,1,1
6925,27845,1,0
6926,27845,1,1
6927,27845,1,1
6929,27845,1,1
6927,28204,5,0
6924,30489,7,0
6924,35221,3,0
6925,35221,4,1
6929,35221,4,1
6927,39275,6,0
6926,40706,7,0
6924,44632,4,0
6929,44632,5,1
6926,47209,4,0
6923,47626,4,0
6923,47766,2,0
6931,5876,5,0
6932,10749,2,0
6931,12341,4,0
6935,13176,1,0
6939,13176,1,1
6934,14233,5,0
6936,14233,1,1
6936,14947,2,0
6937,14947,2,1
6931,16797,6,0
6933,16797,1,1
6936,16797,5,1
6938,16797,1,1
6931,18523,3,0
6934,18523,4,1
6932,21137,4,0
6935,21137,2,1
6939,21137,2,1
6932,21288,1,0
6933,21288,2,1
6934,21288,1,1
6938,21288,2,1
6936,21709,3,0
6937,21709,1,1
6938,21709,5,1
6932,22825,3,0
6939,22825,4,1
6931,24852,2,0
6931,24964,7,0
6939,26209,5,0
6937,26620,4,0
6933,27104,6,0
6937,27845,6,0
6932,27966,6,0
6939,31717,6,0
6931,35221,8,0
6937,35221,3,1
6938,37710,7,0
6933,39275,3,0
6938,39275,3,1
6932,40706,5,0
6934,40706,2,1
6936,40706,6,1
6933,43154,5,0
6933,43352,4,0
6938,43352,4,1
6935,44632,4,0
6935,47209,3,0
6939,47209,3,1
6934,47626,6,0
6936,47626,4,1
6931,47766,1,0
6934,49683,3,0
6936,49683,7,1
6937,49683,5,1
6938,49683,6,1
6942,10749,8,0
6944,12341,5,0
6943,13176,6,0
6946,13176,3,1
6949,13176,2,1
6942,14233,6,0
6941,14947,1,0
6943,16797,1,0
6944,16797,2,1
6948,16797,4,1
6947,17794,1,0
6943,21137,2,0
6949,21137,3,1
6944,21288,1,0
6949,21288,1,1
6941,21709,2,0
6942,21709,1,1
6944,21709,7,1
6945,21709,4,1
6947,21903,5,0
6942,22935,2,0
6945,24852,1,0
6942,24964,3,0
6942,26209,9,0
6944,26209,6,1
6945,26209,3,1
6941,26620,4,0
6947,27104,2,0
6946,27845,1,0
6948,27845,5,1
6943,27966,3,0
6946,27966,4,1
6947,28842,3,0
6944,30489,8,0
6943,31717,5,0
6948,34126,2,0
6941,35221,3,0
6942,35221,7,1
6947,35951,6,0
6943,39275,4,0
6944,39275,3,1
6946,39275,2,1
6944,43352,4,0
6942,45007,4,0
6941,47209,5,0
6949,47209,4,1
6945,47626,2,0
6948,47766,3,0
6947,49235,4,0
6948,49235,1,1
6942,49683,5,0
6954,5077,5,0
6954,12341,3,0
6951,13176,1,0
6952,13176,5,1
6953,13176,7,1
6956,13176,2,1
6955,14233,6,0
6952,14947,1,0
6953,14947,1,1
6955,14947,7,1
6955,17794,4,0
6951,21137,2,0
6954,21137,1,1
6955,21137,5,1
6956,21137,3,1
6952,21709,2,0
6953,21709,2,1
6954,21709,2,1
6956,21709,1,1
6954,21903,6,0
6954,22935,7,0
6955,24184,2,0
6953,26209,6,0
6955,27086,1,0
6951,27845,4,0
6955,27845,8,1
6953,34126,5,0
6954,34126,4,1
6952,35221,3,0
6953,35221,3,1
6955,39275,3,0
6952,44632,4,0
6953,44632,4,1
6952,45007,6,0
6956,45007,5,1
6951,47209,3,0
6956,47209,4,1
6963,5077,2,0
6961,6184,6,0
6964,13176,2,0
6959,14947,1,0
6961,14947,8,1
6960,16797,4,0
6961,16797,3,1
6959,17794,3,0
6958,21137,1,0
6964,21137,3,1
6958,21288,2,0
6961,21288,2,1
6958,21903,4,0
6960,21903,3,1
6961,21903,9,1
6960,24852,1,0
6961,24852,7,1
6962,26209,2,0
6963,27086,3,0
6964,27086,1,1
6961,27845,1,0
6963,27845,1,1
6962,27966,1,0
6961,28204,4,0
6962,35951,4,0
6959,39275,4,0
6961,39275,5,1
6958,43352,3,0
6958,44632,6,0
6958,45007,5,0
6962,47209,3,0
6964,47209,4,1
6959,47626,2,0
6960,47766,2,0
6968,196,5,0
6966,5077,2,0
6970,5876,6,0
6966,10749,1,0
6966,14233,6,0
6968,14233,4,1
6968,14947,1,0
6970,21137,5,0
6968,21288,2,0
6969,21709,1,0
6968,21903,6,0
6969,21903,4,1
6967,22935,1,0
6969,24852,2,0
6967,24964,2,0
6969,26620,5,0
6966,27966,4,0
6967,27966,5,1
6966,35951,5,0
6970,39928,2,0
6970,43154,4,0
6966,43352,3,0
6967,45007,3,0
6970,47209,3,0
6967,47626,6,0
6969,47766,3,0
6970,47766,1,1
6968,49235,3,0
6967,49683,4,0
6976,5077,1,0
6977,5077,7,1
6978,5077,3,1
6972,6184,3,0
6975,10749,4,0
6977,12341,4,0
6976,13176,8,0
6974,18523,1,0
6977,21137,2,0
6972,21709,5,0
6978,21709,5,1
6973,21903,3,0
6975,21903,3,1
6977,21903,3,1
6976,22825,4,0
6976,22935,6,0
6973,24852,1,0
6975,24852,1,1
6976,24852,2,1
6972,26209,6,0
6974,26620,4,0
6978,26620,6,1
6972,27086,2,0
6978,27086,1,1
6977,27845,1,0
6978,27845,2,1
6972,27966,4,0
6974,28204,2,0
6978,35221,4,0
6972,39275,1,0
6974,39275,3,1
6977,39928,5,0
6976,40706,5,0
6976,43352,7,0
6977,47209,8,0
6973,47766,2,0
6975,47766,2,1
6976,49235,3,0
6977,49683,6,0
6984,8518,9,0
6980,10749,6,0
6982,13176,4,0
6983,13176,6,1
6981,14233,6,0
6982,14233,5,1
6983,14947,1,0
6984,14947,2,1
6980,16797,1,0
6981,16797,1,1
6981,17794,4,0
6980,21137,2,0
6983,21709,2,0
6984,21709,3,1
6984,22935,7,0
6981,24184,5,0
6983,24852,7,0
6980,24964,7,0
6982,27845,1,0
6984,27845,1,1
6980,27966,3,0
6981,27966,3,1
6980,28842,8,0
6983,34126,5,0
6982,35221,3,0
6983,35221,3,1
6984,35221,4,1
6981,35951,2,0
6980,39275,4,0
6984,39928,6,0
6983,44632,4,0
6984,44632,5,1
6982,45007,2,0
6984,49235,8,0
6980,49683,5,0
6986,4605,5,0
6987,4605,4,1
6987,6184,8,0
6989,6184,2,1
6993,8518,6,0
6987,12341,6,0
6988,12341,7,1
6990,14947,1,0
6993,14947,5,1
6988,16797,1,0
6990,16797,8,1
6991,16797,1,1
6992,16797,2,1
6993,16797,2,1
6988,21137,2,0
6991,21137,2,1
6992,21137,3,1
6989,21288,1,0
6992,21288,1,1
6993,21288,1,1
6990,21709,2,0
6992,21709,7,1
6987,21903,2,0
6994,21903,3,1
6987,22935,5,0
6994,24852,1,0
6990,24964,7,0
6991,24964,5,1
6990,26209,5,0
6988,27966,3,0
6991,27966,3,1
6992,27966,4,1
6986,28204,6,0
6990,35221,3,0
6993,35221,7,1
6986,37710,2,0
6988,37710,5,1
6988,39275,4,0
6991,39275,4,1
6992,39275,5,1
6993,39275,3,1
6986,39928,1,0
6992,39928,8,1
6986,40706,3,0
6987,40706,3,1
6988,43154,6,0
6992,43154,6,1
6994,43154,4,1
6993,43352,4,0
6990,44632,4,0
6992,44632,9,1
6987,45007,1,0
6986,47209,4,0
6987,47766,7,0
6994,47766,2,1
6989,49235,3,0
6990,49235,6,1
6997,196,4,0
6998,5077,3,0
6997,13176,2,0
6999,13176,1,1
6999,21137,2,0
6996,22935,1,0
6996,24964,2,0
6998,26620,1,0
6997,27086,3,0
6998,27966,2,0
6996,39275,4,0
6997,39275,5,1
6998,40706,4,0
6997,43154,6,0
6997,43352,1,0
6997,44632,7,0
6996,45007,3,0
6999,47209,3,0
7002,5077,5,0
7003,12341,3,0
7003,13176,4,0
7005,14233,1,0
7002,14947,7,0
7003,14947,2,1
7003,16797,6,0
7004,16797,7,1
7004,21137,1,0
7003,21288,5,0
7004,21288,3,1
7005,21288,4,1
7004,21709,2,0
7001,21903,3,0
7004,21903,6,1
7001,24852,1,0
7005,24964,2,0
7001,26620,4,0
7003,27086,1,0
7005,27104,5,0
7002,27845,1,0
7002,28204,6,0
7005,30489,6,0
7002,31717,2,0
7005,31717,3,1
7002,43352,8,0
7002,45007,3,0
7001,47209,5,0
7003,47209,7,1
7004,47626,5,0
7001,47766,2,0
7002,47766,4,1
7004,47766,4,1
7013,196,8,0
7008,5077,7,0
7012,5077,3,1
7011,8518,5,0
7011,13176,1,0
7008,14947,6,0
7009,14947,3,1
7012,14947,5,1
7007,16797,2,0
7013,16797,2,1
7008,17794,5,0
7011,21137,6,0
7012,21137,1,1
7013,21137,3,1
7009,21709,1,0
7010,21709,1,1
7013,21709,1,1
7008,21903,3,0
7010,21903,3,1
7011,24184,3,0
7008,24852,1,0
7009,24852,7,1
7007,24964,3,0
7007,26209,1,0
7013,26209,7,1
7009,26620,6,0
7009,27086,2,0
7012,27086,4,1
7012,27845,2,0
7013,27966,4,0
7009,35221,4,0
7008,39275,4,0
7011,39275,4,1
7013,39275,5,1
7010,39928,4,0
7011,39928,2,1
7013,39928,6,1
7009,44632,5,0
7010,47209,5,0
7008,47766,2,0
7012,47766,6,1
7007,49235,4,0
7010,49683,2,0
7022,5077,2,0
7015,12341,6,0
7017,12341,1,1
7020,13176,1,0
7018,14233,1,0
7018,14947,2,0
7020,16797,6,0
7016,21137,4,0
7020,21137,2,1
7018,21709,3,0
7019,21709,1,1
7020,22825,5,0
7019,22935,2,0
7021,22935,3,1
7016,24184,3,0
7015,24852,1,0
7021,24852,1,1
7022,24852,4,1
7019,24964,3,0
7015,26209,3,0
7023,26209,4,1
7015,26620,5,0
7019,27086,6,0
7022,27086,3,1
7023,27086,1,1
7022,27845,1,0
7022,28204,5,0
7023,28204,2,1
7021,30489,2,0
7015,34126,4,0
7023,34126,5,1
7022,35221,6,0
7023,40706,3,0
7022,43154,7,0
7017,44632,3,0
7017,45007,2,0
7019,45007,4,1
7019,47209,7,0
7020,47209,3,1
7015,47626,2,0
7016,47626,1,1
7016,47766,2,0
7017,49235,4,0
7020,49235,4,1
7019,49683,5,0
7027,5077,3,0
7029,5876,2,0
7025,6184,4,0
7028,6184,5,1
7028,12341,3,0
7025,13176,1,0
7026,14947,2,0
7025,21137,2,0
7026,21137,1,1
7026,21709,3,0
7027,21709,1,1
7029,22935,1,0
7027,26209,5,0
7026,26620,5,0
7027,27086,4,0
7027,27845,2,0
7028,27966,6,0
7026,35221,4,0
7028,39275,2,0
7028,45007,4,0
7025,47209,3,0
7028,47766,1,0
7033,5876,5,0
7031,12341,3,0
7034,14233,2,0
7034,14947,3,0
7035,14947,3,1
7033,16797,1,0
7033,18523,7,0
7031,21137,2,0
7032,21137,2,1
7033,21137,2,1
7034,21288,1,0
7034,21709,4,0
7033,22935,6,0
7031,27845,1,0
7033,27966,3,0
7033,39275,4,0
7031,39928,4,0
7035,40706,1,0
7035,43352,2,0
7032,47209,1,0
7035,47626,4,0
7038,5077,2,0
7037,5876,1,0
7039,8518,4,0
7039,16797,2,0
7038,24184,5,0
7038,24964,4,0
7038,27086,3,0
7038,27845,1,0
7038,34126,7,0
7037,35221,2,0
7038,44632,6,0
7039,44632,3,1
7039,47209,1,0
7039,47626,5,0
7041,196,4,0
7044,6184,2,0
7043,13176,2,0
7041,21903,3,0
7042,21903,4,1
7041,24852,1,0
7042,24852,2,1
7044,24852,1,1
7042,27845,1,0
7043,27845,1,1
7043,39275,3,0
7043,45007,4,0
7042,47209,5,0
7041,47766,2,0
7042,47766,3,1
7050,5077,3,0
7051,5077,2,1
7047,5876,7,0
7047,6184,8,0
7046,12341,3,0
7047,12341,6,1
7050,14233,6,0
7047,14947,1,0
7049,16797,2,0
7051,16797,5,1
7049,21288,3,0
7050,21288,1,1
7047,21709,2,0
7048,21903,3,0
7046,22825,1,0
7046,24852,2,0
7048,24852,1,1
7050,27086,4,0
7051,27086,3,1
7049,27845,1,0
7050,27845,2,1
7051,27845,1,1
7051,28842,4,0
7047,35221,3,0
7049,39275,4,0
7050,39275,8,1
7047,40706,5,0
7046,43352,4,0
7049,43352,5,1
7047,44632,4,0
7049,46979,6,0
7048,47766,2,0
7050,47766,5,1
7048,49683,4,0
7050,49683,7,1
7056,5077,2,0
7060,6184,2,0
7055,8518,6,0
7057,8518,5,1
7053,12341,4,0
7055,14233,7,0
7058,14947,1,0
7055,16797,1,0
7056,16797,6,1
7058,16797,7,1
7054,17794,3,0
7056,21137,5,0
7055,21288,2,0
7058,21709,2,0
7053,21903,3,0
7053,24852,1,0
7059,24852,1,1
7060,24852,1,1
7059,26209,3,0
7056,27086,3,0
7057,27086,1,1
7059,27104,4,0
7054,27845,1,0
7056,27845,1,1
7057,27845,4,1
7060,27966,3,0
7056,28204,4,0
7058,35221,3,0
7060,35221,4,1
7055,39275,3,0
7058,40706,8,0
7059,40706,5,1
7054,43352,4,0
7055,43352,4,1
7055,44632,5,0
7058,44632,4,1
7057,45007,2,0
7057,47626,3,0
7059,47626,2,1
7053,47766,2,0
7058,47766,6,1
7053,49235,5,0
7055,49235,8,1
7058,49235,5,1
7054,49683,2,0
7065,5077,1,0
7064,5876,5,0
7062,14233,1,0
7066,14947,2,0
7064,16797,1,0
7064,21288,2,0
7066,21288,7,1
7065,21709,7,0
7066,21709,3,1
7063,22935,4,0
7062,24852,3,0
7065,24852,2,1
7068,24852,1,1
7062,24964,4,0
7067,24964,1,1
7068,26209,3,0
7063,27845,1,0
7066,27845,1,1
7067,27845,4,1
7062,31717,2,0
7066,35221,4,0
7065,37710,4,0
7064,39275,3,0
7065,39275,3,1
7065,43154,6,0
7064,43352,4,0
7066,44632,5,0
7062,45007,5,0
7063,47209,2,0
7064,47209,6,1
7065,47209,5,1
7063,47626,3,0
7068,47626,2,1
7067,47766,2,0
7066,49235,6,0
7066,49683,8,0
7067,49683,3,1
7070,196,6,0
7070,13176,4,0
7071,13176,3,1
7072,16797,1,0
7070,21137,2,0
7071,21137,2,1
7072,21288,2,0
7070,24852,1,0
7070,24964,3,0
7071,27845,1,0
7071,35951,7,0
7072,39275,3,0
7072,43352,4,0
7071,46979,6,0
7071,47209,4,0
7070,47626,5,0
7072,47626,5,1
7071,47766,5,0
7079,4605,1,0
7074,5876,5,0
7075,8518,6,0
7074,13176,1,0
7075,14947,1,0
7077,14947,1,1
7078,14947,1,1
7080,14947,1,1
7076,16797,4,0
7074,21137,2,0
7078,21137,4,1
7075,21288,8,0
7075,21709,2,0
7077,21709,2,1
7080,21709,2,1
7078,22935,3,0
7078,24964,5,0
7079,27086,2,0
7075,27845,7,0
7076,28204,1,0
7078,30489,2,0
7075,35221,3,0
7076,35221,5,1
7077,35221,3,1
7080,35221,3,1
7076,37710,3,0
7074,39275,4,0
7075,44632,4,0
7077,44632,4,1
7080,44632,4,1
7074,47209,3,0
7075,47626,5,0
7076,47766,2,0
7076,49683,6,0
7087,196,5,0
7084,5876,7,0
7086,6184,7,0
7087,6184,4,1
7083,10749,7,0
7084,13176,6,0
7086,14947,1,0
7084,16797,1,0
7084,21137,2,0
7085,21137,1,1
7086,21709,2,0
7084,22825,5,0
7082,24852,1,0
7087,24852,1,1
7082,26209,3,0
7087,26209,3,1
7083,26620,4,0
7084,27086,8,0
7086,27104,5,0
7084,27966,3,0
7083,30489,5,0
7085,34126,2,0
7086,34126,6,1
7086,35221,3,0
7083,37710,6,0
7083,39275,3,0
7084,39275,4,1
7083,43154,2,0
7083,43352,1,0
7086,44632,4,0
7082,47626,2,0
7087,47626,2,1
7085,49235,3,0
7090,196,7,0
7089,4605,5,0
7090,5876,8,0
7092,6184,6,0
7089,14947,1,0
7091,21288,4,0
7089,21709,2,0
7090,21709,1,1
7092,21903,3,0
7090,22935,6,0
7092,24184,4,0
7090,24852,2,0
7092,24852,1,1
7090,26209,4,0
7091,26209,2,1
7089,26620,8,0
7091,28842,1,0
7089,30489,7,0
7089,35221,3,0
7090,40706,5,0
7089,44632,4,0
7092,44632,5,1
7091,47209,3,0
7090,47626,3,0
7092,47766,2,0
7089,49235,6,0
7097,196,3,0
7097,5876,5,0
7098,6184,5,0
7097,10749,1,0
7097,13176,4,0
7095,14233,7,0
7095,14947,2,0
7095,16797,8,0
7098,16797,7,1
7097,17794,6,0
7098,21137,8,0
7098,21288,6,0
7095,21709,3,0
7094,21903,3,0
7094,22935,4,0
7098,22935,1,1
7094,24852,1,0
7098,24964,2,0
7096,26209,4,0
7095,27845,1,0
7094,28204,5,0
7097,28204,2,1
7095,35221,4,0
7095,35951,6,0
7096,39275,3,0
7094,39928,6,0
7096,40706,2,0
7095,44632,5,0
7098,45007,3,0
7094,47766,2,0
7096,47766,1,1
7098,49683,4,0
7104,5077,2,0
7100,14233,1,0
7101,14947,1,0
7104,16797,4,0
7105,16797,4,1
7102,21137,4,0
7104,21137,5,1
7105,21288,1,0
7101,21709,2,0
7102,21709,1,1
7103,21903,3,0
7100,24852,3,0
7103,24852,1,1
7104,27086,3,0
7102,27845,7,0
7104,27845,1,1
7105,27845,3,1
7103,27966,4,0
7100,28204,5,0
7101,35221,3,0
7100,35951,6,0
7102,35951,2,1
7105,39928,2,0
7100,43154,2,0
7102,43352,6,0
7100,44632,4,0
7101,44632,4,1
7102,47209,3,0
7103,47766,2,0
7102,49235,5,0
7107,14947,1,0
7107,21709,2,0
7109,21903,3,0
7107,22935,6,0
7108,22935,1,1
7109,22935,4,1
7109,24852,1,0
7108,24964,2,0
7107,27086,5,0
7107,35221,3,0
7107,39928,7,0
7107,44632,4,0
7108,45007,3,0
7109,47766,2,0
7108,49683,4,0
7112,5077,2,0
7114,5876,6,0
7112,12341,5,0
7113,14233,2,0
7115,14233,1,1
7117,14233,5,1
7113,14947,3,0
7115,14947,2,1
7116,14947,2,1
7119,16797,1,0
7113,17794,5,0
7118,21137,4,0
7117,21288,3,0
7119,21288,2,1
7113,21709,4,0
7115,21709,3,1
7114,21903,3,0
7114,22825,7,0
7111,22935,1,0
7117,22935,4,1
7112,24852,4,0
7114,24852,1,1
7118,24964,3,0
7112,26209,6,0
7116,26209,4,1
7117,26209,1,1
7112,27086,3,0
7112,27845,1,0
7113,27845,1,1
7111,27966,2,0
7116,39275,3,0
7119,39275,3,1
7114,40706,4,0
7117,40706,2,1
7115,43154,4,0
7116,43352,1,0
7119,43352,4,1
7118,44632,1,0
7115,45007,6,0
7118,47209,2,0
7114,47626,5,0
7114,47766,2,0
7115,49235,5,0
7123,4605,5,0
7121,10749,2,0
7123,14947,1,0
7121,21137,1,0
7122,21709,5,0
7123,21709,2,1
7122,21903,3,0
7122,24852,1,0
7123,24964,6,0
7122,28204,4,0
7123,35221,3,0
7123,44632,4,0
7122,47766,2,0
7129,4605,3,0
7127,5876,3,0
7132,5876,7,1
7132,6184,6,0
7127,10749,2,0
7125,13176,6,0
7126,13176,2,1
7127,14947,4,0
7131,16797,1,0
7132,16797,3,1
7125,17794,5,0
7132,18523,8,0
7125,21137,1,0
7126,21137,1,1
7127,21137,1,1
7131,21288,2,0
7132,21288,2,1
7129,21709,1,0
7128,21903,3,0
7129,22935,2,0
7128,24852,1,0
7131,24852,7,1
7127,24964,5,0
7130,24964,1,1
7125,26209,7,0
7129,27845,5,0
7132,27845,1,1
7129,27966,4,0
7130,39275,2,0
7131,39275,3,1
7132,39275,4,1
7130,39928,3,0
7131,40706,5,0
7131,43352,4,0
7132,43352,5,1
7125,45007,3,0
7126,47209,3,0
7131,47209,6,1
7132,47209,9,1
7125,47766,2,0
7128,47766,2,1
7127,49235,6,0
7125,49683,4,0
7135,5077,5,0
7134,13176,1,0
7135,14947,1,0
7136,14947,2,1
7134,21137,2,0
7135,21709,2,0
7136,21709,3,1
7137,21709,1,1
7137,21903,4,0
7135,22935,6,0
7137,24852,2,0
7135,26620,4,0
7136,26620,7,1
7136,27086,1,0
7137,27086,6,1
7137,31717,5,0
7136,34126,6,0
7135,35221,3,0
7136,35221,4,1
7135,39275,7,0
7136,44632,5,0
7134,47209,3,0
7135,47766,8,0
7137,47766,3,1
7136,49683,8,0
7139,4605,3,0
7140,8518,7,0
7141,14947,5,0
7139,18523,2,0
7140,21903,3,0
7140,24852,1,0
7139,26209,4,0
7141,26209,4,1
7140,27104,5,0
7141,27845,1,0
7141,35221,2,0
7140,46979,4,0
7140,47209,6,0
7141,47626,3,0
7139,47766,1,0
7140,47766,2,1
7145,5077,7,0
7149,5077,2,1
7145,6184,6,0
7144,12341,3,0
7144,13176,6,0
7148,14233,4,0
7145,14947,5,0
7147,14947,1,1
7143,16797,1,0
7146,16797,2,1
7143,21137,2,0
7145,21137,1,1
7146,21137,3,1
7144,21288,2,0
7147,21709,2,0
7148,22825,2,0
7144,22935,5,0
7146,24184,7,0
7145,24852,2,0
7145,26209,4,0
7147,26620,4,0
7149,27086,3,0
7146,27845,1,0
7149,27845,1,1
7143,27966,3,0
7146,27966,4,1
7144,28204,4,0
7146,30489,8,0
7149,34126,4,0
7147,35221,3,0
7143,39275,4,0
7144,39275,1,1
7146,39275,5,1
7143,40706,5,0
7148,43352,1,0
7146,44632,6,0
7148,44632,3,1
7146,46979,9,0
7145,47626,3,0
7153,5077,5,0
7154,10749,2,0
7154,13176,6,0
7152,14947,1,0
7151,16797,6,0
7154,16797,4,1
7152,21709,2,0
7153,21903,2,0
7154,21903,3,1
7151,22825,1,0
7152,24964,7,0
7151,26209,2,0
7151,30489,4,0
7152,34126,5,0
7152,35221,3,0
7153,35221,1,1
7151,40706,3,0
7152,44632,4,0
7154,45007,5,0
7152,46979,8,0
7153,47626,3,0
7152,49235,6,0
7153,49235,4,1
7154,49235,1,1
7151,49683,5,0
7156,5876,2,0
7157,14947,3,0
7158,14947,1,1
7159,14947,3,1
7158,21288,7,0
7159,21288,7,1
7158,21709,2,0
7159,21709,1,1
7160,21709,1,1
7160,24852,2,0
7157,26209,1,0
7159,26209,6,1
7160,26209,4,1
7158,26620,4,0
7156,31717,3,0
7156,35221,1,0
7157,35221,2,1
7158,35221,3,1
7158,37710,6,0
7158,43154,5,0
7159,43154,4,1
7156,45007,4,0
7158,45007,8,1
7159,47626,5,0
7160,47626,3,1
7159,47766,2,0
7156,49683,5,0
7162,8518,2,0
7163,12341,7,0
7164,13176,1,0
7162,16797,3,0
7163,16797,6,1
7164,21137,2,0
7163,21288,1,0
7164,21709,4,0
7162,21903,7,0
7163,24184,3,0
7163,24964,5,0
7162,26620,4,0
7162,27966,6,0
7163,37710,2,0
7162,39275,1,0
7164,47209,3,0
7163,47626,4,0
7162,49683,5,0
7168,196,4,0
7171,196,3,1
7173,5876,2,0
7166,14947,1,0
7166,16797,7,0
7167,16797,1,1
7172,16797,1,1
7167,21288,2,0
7172,21288,3,1
7166,21709,2,0
7167,21903,5,0
7170,21903,3,1
7171,21903,5,1
7172,21903,4,1
7170,22825,5,0
7173,22935,1,0
7169,24852,1,0
7173,24852,3,1
7168,26209,2,0
7169,26209,3,1
7173,26209,4,1
7166,26620,4,0
7170,27086,8,0
7170,27845,1,0
7172,27966,6,0
7166,28204,5,0
7166,35221,3,0
7171,35221,4,1
7170,35951,7,0
7167,39275,3,0
7168,40706,3,0
7168,43154,1,0
7167,43352,4,0
7170,43352,4,1
7171,44632,2,0
7171,45007,1,0
7172,45007,5,1
7168,46979,5,0
7166,47209,6,0
7170,47209,2,1
7169,47626,2,0
7172,47626,2,1
7170,47766,6,0
7171,49235,6,0
7169,49683,4,0
7179,196,3,0
7177,5077,5,0
7181,5077,2,1
7178,6184,3,0
7181,12341,6,0
7176,14947,1,0
7180,14947,1,1
7182,16797,2,0
7177,17794,4,0
7178,21288,4,0
7182,21288,3,1
7176,21709,2,0
7177,21709,1,1
7180,21709,2,1
7175,21903,3,0
7179,22935,2,0
7179,24184,7,0
7175,24852,1,0
7178,24852,2,1
7179,24852,4,1
7180,24852,5,1
7176,26620,4,0
7180,26620,4,1
7178,27086,1,0
7181,27086,3,1
7182,27086,1,1
7177,27845,2,0
7179,27845,1,1
7181,27845,1,1
7175,27966,4,0
7176,35221,3,0
7177,35221,3,1
7180,35221,3,1
7175,39275,6,0
7179,39275,6,1
7182,39275,4,1
7181,43352,4,0
7182,43352,5,1
7181,45007,5,0
7175,47209,7,0
7175,47626,5,0
7175,47766,2,0
7179,49683,5,0
7186,5077,4,0
7184,12341,5,0
7190,13176,5,0
7184,14947,1,0
7185,14947,3,1
7185,18523,2,0
7188,18523,5,1
7189,21137,4,0
7184,21709,2,0
7187,21709,4,1
7189,21903,3,0
7186,24184,1,0
7187,24852,1,0
7188,24852,3,1
7190,24852,2,1
7190,24964,1,0
7187,26209,3,0
7189,26620,2,0
7188,27086,4,0
7189,27104,5,0
7188,27845,1,0
7189,27845,1,1
7185,27966,4,0
7186,28842,3,0
7186,30489,5,0
7184,35221,3,0
7190,35951,3,0
7187,39928,5,0
7185,40706,6,0
7190,43352,6,0
7184,44632,4,0
7188,45007,2,0
7185,47209,5,0
7186,47626,2,0
7187,47626,2,1
7190,49235,4,0
7184,49683,6,0
7185,49683,1,1
7192,5077,8,0
7193,5077,4,1
7192,5876,7,0
7199,10749,6,0
7192,12341,5,0
7192,14947,1,0
7195,14947,2,1
7194,16797,2,0
7197,16797,1,1
7198,16797,1,1
7199,16797,1,1
7192,21137,6,0
7194,21137,3,1
7195,21137,7,1
7199,21137,2,1
7195,21288,1,0
7197,21288,2,1
7192,21709,2,0
7193,21709,1,1
7195,21709,3,1
7196,21709,1,1
7200,21709,1,1
7200,24852,4,0
7194,27086,1,0
7195,27086,8,1
7196,27086,4,1
7199,27086,5,1
7194,27966,4,0
7199,27966,3,1
7200,27966,2,1
7196,28204,3,0
7200,30489,3,0
7198,31717,2,0
7192,35221,3,0
7195,35221,4,1
7193,35951,6,0
7194,39275,5,0
7199,39275,4,1
7199,39928,7,0
7193,40706,2,0
7195,40706,6,1
7192,44632,4,0
7195,44632,5,1
7199,46979,8,0
7193,47209,5,0
7196,47209,2,1
7193,47766,3,0
7202,13176,1,0
7204,13176,6,1
7203,16797,2,0
7204,16797,4,1
7202,21137,2,0
7203,21137,1,1
7204,21288,1,0
7205,21903,3,0
7202,28204,4,0
7204,28204,2,1
7205,28204,1,1
7205,30489,4,0
7205,31717,2,0
7203,34126,5,0
7203,35221,4,0
7204,35951,5,0
7202,47209,3,0
7203,47626,3,0
7204,47766,3,0
7208,4605,5,0
7211,5077,3,0
7215,5077,2,1
7214,8518,3,0
7207,14233,1,0
7208,14233,4,1
7210,14233,1,1
7207,14947,2,0
7210,14947,2,1
7214,17794,6,0
7210,18523,5,0
7214,21137,5,0
7207,21709,3,0
7208,21709,1,1
7210,21709,3,1
7211,21709,1,1
7208,21903,3,0
7214,21903,4,1
7214,22935,2,0
7213,24852,1,0
7215,24852,4,1
7214,24964,7,0
7212,26209,4,0
7213,26209,3,1
7209,27086,2,0
7211,27086,4,1
7212,27086,1,1
7215,27086,3,1
7211,27845,2,0
7215,27845,1,1
7214,28204,1,0
7212,30489,5,0
7207,31717,4,0
7208,31717,2,1
7215,31717,5,1
7207,39275,5,0
7212,43154,2,0
7212,44632,3,0
7209,45007,1,0
7213,46979,5,0
7215,46979,6,1
7213,47626,2,0
7210,49235,4,0
7215,49235,7,1
7213,49683,4,0
7221,4605,3,0
7224,5876,4,0
7224,10749,5,0
7218,13176,1,0
7224,13176,1,1
7222,14947,5,0
7220,16797,1,0
7218,21137,2,0
7224,21137,2,1
7219,21288,3,0
7220,21288,2,1
7221,21288,1,1
7221,22935,6,0
7217,24852,1,0
7222,24852,1,1
7225,24852,1,1
7219,24964,4,0
7217,26209,3,0
7223,26209,2,1
7225,26209,3,1
7221,26620,5,0
7223,26620,1,1
7222,27086,4,0
7221,27845,4,0
7220,27966,7,0
7223,27966,5,1
7217,28204,4,0
7217,31717,6,0
7223,31717,6,1
7222,34126,2,0
7219,35951,2,0
7222,35951,6,1
7220,39275,3,0
7221,39275,2,1
7220,39928,5,0
7217,40706,7,0
7220,43352,4,0
7223,44632,3,0
7222,45007,3,0
7223,46979,4,0
7218,47209,3,0
7224,47209,3,1
7217,47626,2,0
7225,47626,2,1
7217,47766,5,0
7219,47766,1,1
7220,49683,6,0
7227,5876,8,0
7227,14947,1,0
7229,16797,1,0
7228,17794,6,0
7227,21137,7,0
7227,21709,2,0
7228,21709,1,1
7228,22935,3,0
7228,24852,2,0
7227,26620,4,0
7229,28842,2,0
7227,30489,6,0
7227,35221,3,0
7228,37710,4,0
7227,47626,5,0
7228,47626,5,1
7228,49235,7,0
7231,5077,3,0
7237,5077,5,1
7237,5876,6,0
7238,6184,3,0
7238,8518,7,0
7238,12341,2,0
7235,14233,3,0
7233,14947,1,0
7232,16797,1,0
7234,16797,1,1
7238,16797,8,1
7239,16797,1,1
7234,21137,2,0
7239,21137,2,1
7233,21709,2,0
7235,21903,1,0
7238,21903,6,1
7231,22935,1,0
7233,22935,8,1
7236,24852,2,0
7232,24964,2,0
7237,26209,3,0
7239,26209,5,1
7235,27086,4,0
7237,27086,4,1
7238,27086,1,1
7237,27104,2,0
7237,27845,1,0
7238,27845,9,1
7234,27966,3,0
7236,27966,1,1
7238,27966,5,1
7239,27966,3,1
7231,30489,4,0
7233,35221,3,0
7238,37710,4,0
7234,39275,4,0
7239,39275,4,1
7233,43352,5,0
7233,44632,4,0
7231,45007,2,0
7233,45007,7,1
7237,46979,7,0
7235,47209,2,0
7233,47626,6,0
7248,196,5,0
7241,5077,5,0
7245,5077,3,1
7247,6184,6,0
7246,10749,7,0
7247,13176,2,0
7241,14947,1,0
7243,14947,1,1
7244,14947,1,1
7246,14947,2,1
7248,14947,4,1
7241,17794,8,0
7247,21137,3,0
7248,21137,1,1
7241,21709,2,0
7243,21709,2,1
7244,21709,2,1
7245,21709,1,1
7246,21709,3,1
7247,21709,1,1
7246,22935,6,0
7248,24964,3,0
7243,26620,4,0
7244,26620,4,1
7246,26620,5,1
7245,27086,4,0
7246,27086,1,1
7245,27845,2,0
7248,27966,2,0
7242,31717,1,0
7241,35221,3,0
7243,35221,3,1
7244,35221,3,1
7246,35221,4,1
7241,37710,7,0
7247,40706,5,0
7242,43352,2,0
7241,44632,4,0
7243,44632,5,1
7241,46979,6,0
7242,47209,3,0
7247,47209,4,1
7255,10749,7,0
7254,12341,3,0
7252,13176,2,0
7253,13176,6,1
7255,13176,1,1
7251,14947,2,0
7255,14947,4,1
7250,16797,1,0
7253,16797,1,1
7250,21137,2,0
7252,21137,3,1
7251,21288,1,0
7253,21288,2,1
7252,21709,1,0
7254,21709,1,1
7255,21709,5,1
7253,27086,5,0
7250,27966,3,0
7250,31717,6,0
7250,37710,5,0
7250,39275,4,0
7253,39275,3,1
7253,43352,4,0
7251,44632,3,0
7255,44632,6,1
7255,46979,3,0
7252,47209,4,0
7254,49683,2,0
7255,49683,2,1
7262,6184,5,0
7264,8518,5,0
7261,12341,4,0
7262,12341,3,1
7263,12341,2,1
7257,13176,2,0
7262,13176,4,1
7263,14233,5,0
7259,14947,2,0
7260,14947,2,1
7262,14947,1,1
7258,16797,2,0
7258,21137,1,0
7263,21137,1,1
7258,21288,3,0
7259,21288,1,1
7259,21709,3,0
7260,21709,3,1
7261,21709,1,1
7257,22935,1,0
7264,22935,1,1
7259,24852,6,0
7264,24964,2,0
7259,26620,5,0
7261,27086,2,0
7259,27845,7,0
7260,27845,1,1
7263,27845,6,1
7261,28204,3,0
7261,28842,6,0
7259,30489,9,0
7259,35221,4,0
7260,35221,4,1
7258,39275,4,0
7263,39275,3,1
7261,40706,5,0
7258,43352,5,0
7260,44632,5,0
7257,45007,3,0
7259,45007,8,1
7262,45007,2,1
7264,45007,3,1
7263,46979,4,0
7264,49683,4,0
7267,5876,5,0
7270,12341,2,0
7269,13176,1,0
7270,13176,6,1
7266,14947,1,0
7267,14947,1,1
7267,17794,6,0
7269,18523,6,0
7269,21137,2,0
7266,21709,2,0
7267,21709,2,1
7268,21709,1,1
7270,21903,3,0
7268,24852,2,0
7271,24852,1,1
7271,24964,4,0
7268,26209,4,0
7271,26209,3,1
7266,28204,5,0
7266,35221,3,0
7267,35221,3,1
7266,44632,4,0
7267,44632,4,1
7270,44632,1,1
7269,45007,5,0
7269,47209,3,0
7268,47626,3,0
7270,47626,5,1
7271,47626,2,1
7269,47766,4,0
7270,49683,4,0
7281,5077,2,0
7274,6184,4,0
7277,13176,6,0
7275,14947,4,0
7277,14947,3,1
7273,16797,1,0
7276,16797,2,1
7280,16797,2,1
7280,17794,6,0
7278,21137,1,0
7273,21288,2,0
7276,21288,3,1
7277,21288,1,1
7280,21288,3,1
7275,21709,1,0
7276,21709,1,1
7277,21709,7,1
7281,21709,5,1
7279,21903,3,0
7274,22935,1,0
7279,24852,1,0
7276,24964,6,0
7281,24964,4,1
7280,27086,7,0
7281,27086,3,1
7275,27845,2,0
7276,27845,7,1
7277,27845,2,1
7280,27845,1,1
7281,27845,1,1
7278,28842,3,0
7274,34126,3,0
7277,37710,4,0
7273,39275,3,0
7276,39275,4,1
7280,39275,4,1
7275,40706,5,0
7273,43352,4,0
7276,43352,5,1
7280,43352,5,1
7274,45007,2,0
7277,45007,5,1
7278,45007,2,1
7275,47209,3,0
7279,47766,2,0
7288,12341,8,0
7287,14947,4,0
7283,16797,1,0
7284,16797,2,1
7285,16797,1,1
7288,16797,2,1
7285,21137,2,0
7283,21288,3,0
7288,21288,3,1
7288,21903,7,0
7285,24852,6,0
7287,24852,1,1
7286,24964,6,0
7287,26209,3,0
7283,27104,2,0
7286,27845,1,0
7288,27845,1,1
7285,27966,3,0
7284,30489,1,0
7286,34126,2,0
7284,37710,4,0
7286,37710,3,1
7285,39275,4,0
7288,39275,4,1
7283,39928,4,0
7286,40706,8,0
7286,43352,5,0
7288,43352,5,1
7284,47626,3,0
7287,47626,2,1
7286,47766,4,0
7285,49235,5,0
7288,49235,6,1
7286,49683,7,0
7293,196,3,0
7291,5876,1,0
7292,12341,6,0
7292,13176,1,0
7293,14233,1,0
7294,14233,6,1
7291,16797,4,0
7293,16797,5,1
7292,21137,2,0
7293,21288,6,0
7294,24852,1,0
7290,24964,1,0
7292,24964,7,1
7293,24964,7,1
7290,26209,4,0
7294,26209,3,1
7290,26620,3,0
7294,28842,5,0
7293,35951,4,0
7294,44632,4,0
7292,45007,4,0
7291,47209,2,0
7292,47209,3,1
7293,47626,2,0
7294,47626,2,1
7291,49235,3,0
7290,49683,2,0
7292,49683,5,1
7297,196,7,0
7296,5876,5,0
7297,5876,5,1
7296,13176,6,0
7297,13176,2,1
7298,14947,2,0
7297,21137,1,0
7298,21137,1,1
7296,21709,1,0
7298,21709,3,1
7299,21709,3,1
7300,24852,1,0
7300,26209,3,0
7300,27086,5,0
7300,27845,4,0
7297,30489,4,0
7298,35221,4,0
7299,35951,1,0
7296,39275,2,0
7297,39275,6,1
7298,40706,6,0
7300,43352,6,0
7298,44632,5,0
7297,47209,3,0
7296,47626,3,0
7300,47626,2,1
7299,47766,2,0
7296,49683,4,0
7303,196,6,0
7302,4605,8,0
7307,12341,1,0
7306,13176,2,0
7302,14233,7,0
7302,14947,1,0
7308,16797,1,0
7309,16797,1,1
7305,21137,5,0
7306,21137,3,1
7309,21137,2,1
7304,21288,5,0
7308,21288,2,1
7302,21709,2,0
7305,21709,8,1
7310,21709,4,1
7305,22825,3,0
7303,22935,1,0
7307,22935,4,1
7303,24852,7,0
7305,24852,6,1
7303,24964,2,0
7308,26209,5,0
7302,26620,4,0
7305,26620,1,1
7302,27086,5,0
7304,27845,1,0
7306,27845,1,1
7308,27845,7,1
7304,27966,2,0
7305,27966,4,1
7307,27966,2,1
7309,27966,3,1
7310,27966,3,1
7303,30489,5,0
7302,34126,6,0
7304,34126,4,1
7306,34126,5,1
7302,35221,3,0
7308,35951,8,0
7308,39275,3,0
7309,39275,4,1
7304,40706,3,0
7308,40706,6,1
7310,43154,1,0
7308,43352,4,0
7303,45007,3,0
7310,45007,2,1
7303,47209,8,0
7305,47209,2,1
7306,47209,4,1
7305,47766,7,0
7303,49683,4,0
7307,49683,3,1
7315,4605,5,0
7313,5077,2,0
7315,5876,6,0
7312,12341,3,0
7313,14233,4,0
7317,14233,5,1
7317,16797,2,0
7315,17794,4,0
7312,21903,4,0
7314,21903,3,1
7314,24852,1,0
7316,24852,3,1
7317,24852,6,1
7315,26209,3,0
7318,26209,2,1
7313,26620,5,0
7315,26620,2,1
7313,27086,3,0
7317,27086,4,1
7313,27845,1,0
7315,27845,1,1
7317,27845,1,1
7316,34126,1,0
7314,35951,4,0
7316,39275,5,0
7312,40706,2,0
7316,43154,2,0
7317,45007,3,0
7316,46979,4,0
7318,47209,1,0
7312,47626,1,0
7314,47766,2,0
7317,49235,7,0
7325,196,2,0
7321,4605,2,0
7326,4605,6,1
7322,8518,5,0
7324,8518,5,1
7320,12341,5,0
7320,13176,6,0
7325,13176,4,1
7323,14947,1,0
7324,14947,2,1
7326,16797,1,0
7321,18523,4,0
7326,21288,2,0
7320,21709,4,0
7323,21709,2,1
7324,21709,1,1
7325,21709,1,1
7320,21903,3,0
7322,22825,2,0
7326,26209,7,0
7323,26620,4,0
7325,28842,3,0
7320,34126,2,0
7321,35221,3,0
7322,35221,3,1
7323,35221,3,1
7324,35221,3,1
7320,39275,7,0
7322,39275,1,1
7326,39275,3,1
7326,43352,4,0
7322,44632,4,0
7324,44632,4,1
7320,46979,1,0
7321,46979,1,1
7323,47766,5,0
7326,47766,5,1
7330,4605,4,0
7331,5876,5,0
7328,14233,3,0
7331,14947,1,0
7331,21137,6,0
7331,21709,2,0
7328,24184,4,0
7329,24852,1,0
7330,24852,1,1
7329,26209,3,0
7330,26209,3,1
7331,26620,4,0
7331,35221,3,0
7329,35951,4,0
7328,47626,1,0
7329,47626,2,1
7330,47626,2,1
7328,49683,2,0
7337,5876,5,0
7338,8518,2,0
7336,13176,2,0
7337,13176,3,1
7338,14233,6,0
7336,14947,1,0
7337,18523,6,0
7337,21137,1,0
7338,21137,4,1
7334,21709,3,0
7337,21709,2,1
7335,21903,3,0
7333,22935,5,0
7333,24184,4,0
7335,24852,1,0
7333,24964,2,0
7336,24964,5,1
7333,26620,3,0
7336,27845,6,0
7336,34126,3,0
7338,35221,1,0
7337,40706,7,0
7338,40706,5,1
7334,43352,2,0
7333,44632,1,0
7334,46979,1,0
7337,47209,4,0
7338,47209,3,1
7333,47766,6,0
7334,47766,4,1
7335,47766,2,1
7336,47766,4,1
7340,12341,2,0
7343,13176,1,0
7342,14233,1,0
7340,14947,1,0
7342,14947,2,1
7343,21137,2,0
7341,21709,1,0
7342,21709,3,1
7340,21903,3,0
7340,22825,5,0
7340,27845,6,0
7341,27966,3,0
7340,30489,7,0
7342,35951,4,0
7341,37710,2,0
7342,45007,5,0
7340,47209,4,0
7343,47209,3,1
7347,196,2,0
7350,196,5,1
7352,5077,3,0
7351,5876,4,0
7345,6184,7,0
7345,8518,8,0
7353,8518,3,1
7351,13176,2,0
7353,13176,6,1
7345,14947,1,0
7346,14947,2,1
7350,14947,1,1
7352,21137,1,0
7348,21288,4,0
7345,21709,2,0
7346,21709,1,1
7347,21709,1,1
7350,21709,2,1
7353,21709,5,1
7349,21903,3,0
7351,21903,1,1
7348,24184,3,0
7348,24852,5,0
7349,24852,1,1
7346,26620,7,0
7353,26620,4,1
7348,27086,7,0
7352,27086,4,1
7349,27845,5,0
7352,27845,2,1
7348,27966,6,0
7345,28204,6,0
7348,28204,1,1
7348,31717,2,0
7346,34126,8,0
7345,35221,3,0
7346,35221,3,1
7350,35221,3,1
7347,35951,5,0
7345,37710,5,0
7346,40706,5,0
7347,40706,3,1
7347,43352,4,0
7345,44632,4,0
7346,44632,4,1
7350,44632,4,1
7351,44632,3,1
7346,45007,6,0
7349,47626,4,0
7349,47766,2,0
7353,47766,2,1
7353,49235,1,0
7355,6184,6,0
7357,13176,5,0
7355,14947,1,0
7355,21709,2,0
7357,21709,1,1
7356,22935,6,0
7356,24964,5,0
7357,26209,6,0
7355,26620,4,0
7356,27086,4,0
7355,27845,5,0
7355,35221,3,0
7356,35221,3,1
7356,35951,1,0
7357,39928,3,0
7357,44632,2,0
7357,46979,4,0
7356,47209,7,0
7357,47766,7,0
7356,49683,2,0
7364,4605,1,0
7365,10749,5,0
7359,12341,8,0
7360,14947,2,0
7364,14947,4,1
7365,14947,1,1
7359,16797,1,0
7363,16797,1,1
7362,21137,2,0
7363,21137,2,1
7359,21288,2,0
7360,21288,1,1
7360,21709,3,0
7361,21709,1,1
7364,21709,2,1
7365,21709,2,1
7359,22935,6,0
7362,24184,3,0
7363,24184,5,1
7361,24852,2,0
7361,24964,3,0
7365,26620,4,0
7362,27845,1,0
7362,27966,4,0
7363,27966,3,1
7363,28204,6,0
7359,35221,7,0
7360,35221,4,1
7365,35221,3,1
7359,39275,3,0
7363,39275,4,1
7359,43352,4,0
7360,44632,5,0
7359,47209,5,0
7364,49683,3,0
7368,196,4,0
7372,8518,3,0
7369,10749,6,0
7367,12341,6,0
7371,13176,5,0
7367,14233,1,0
7367,14947,2,0
7369,16797,1,0
7370,16797,2,1
7371,16797,1,1
7369,21137,2,0
7370,21137,3,1
7371,21137,2,1
7372,21137,1,1
7367,21288,4,0
7370,21288,1,1
7367,21709,3,0
7368,21709,1,1
7368,24852,2,0
7372,27086,5,0
7369,27845,5,0
7372,27845,2,1
7369,27966,3,0
7370,27966,4,1
7371,27966,3,1
7369,37710,7,0
7369,39275,4,0
7370,39275,5,1
7371,39275,4,1
7367,40706,5,0
7368,47766,3,0
7372,47766,4,1
7374,6184,6,0
7375,6184,5,1
7374,13176,1,0
7378,13176,1,1
7375,14233,6,0
7379,14233,2,1
7376,14947,1,0
7377,14947,1,1
7378,14947,5,1
7379,14947,4,1
7374,21137,2,0
7375,21137,1,1
7378,21137,2,1
7379,21137,1,1
7376,21709,2,0
7377,21709,2,1
7377,21903,6,0
7375,22825,7,0
7376,22935,8,0
7376,24964,5,0
7379,24964,3,1
7376,26209,6,0
7374,27966,4,0
7377,27966,8,1
7375,28204,4,0
7377,28842,5,0
7375,35221,3,0
7376,35221,3,1
7377,35221,3,1
7375,39928,8,0
7374,40706,5,0
7376,44632,4,0
7377,44632,4,1
7377,45007,7,0
7379,45007,5,1
7374,47209,3,0
7376,47209,7,1
7378,47209,3,1
7378,47626,4,0
7375,49683,2,0
7381,196,6,0
7382,4605,5,0
7386,5876,2,0
7383,10749,6,0
7381,12341,2,0
7384,13176,1,0
7386,14947,9,0
7383,16797,1,0
7386,16797,6,1
7383,17794,5,0
7383,21137,2,0
7384,21137,2,1
7385,21903,3,0
7386,21903,3,1
7382,22935,1,0
7386,24184,8,0
7381,24852,4,0
7385,24852,1,1
7382,24964,2,0
7386,24964,4,1
7381,27086,1,0
7386,27086,5,1
7386,27845,1,0
7383,27966,3,0
7383,30489,7,0
7383,39275,4,0
7384,39275,5,1
7384,40706,4,0
7382,44632,6,0
7384,44632,6,1
7382,45007,3,0
7381,46979,5,0
7384,47209,3,0
7386,47626,7,0
7385,47766,2,0
7381,49683,3,0
7382,49683,4,1
7390,13176,1,0
7388,14947,7,0
7390,21137,2,0
7389,21288,5,0
7389,21903,3,0
7389,27086,4,0
7388,27845,2,0
7388,27966,1,0
7389,31717,1,0
7388,37710,4,0
7388,45007,3,0
7388,46979,6,0
7390,47209,3,0
7388,49683,5,0
7389,49683,2,1
7393,5077,2,0
7396,5077,4,1
7393,5876,6,0
7395,6184,1,0
7395,12341,6,0
7395,13176,5,0
7395,14947,8,0
7395,16797,7,0
7396,16797,7,1
7396,21137,1,0
7394,21288,3,0
7396,21709,2,0
7396,24184,8,0
7392,26620,2,0
7393,27086,3,0
7396,27086,5,1
7393,27845,1,0
7396,27845,3,1
7392,27966,1,0
7395,30489,4,0
7393,31717,4,0
7394,35221,1,0
7395,40706,2,0
7393,43154,5,0
7396,44632,6,0
7394,49235,2,0
7395,49235,3,1
7404,4605,3,0
7402,5077,6,0
7399,5876,3,0
7399,13176,2,0
7400,13176,2,1
7403,13176,3,1
7404,13176,2,1
7402,14233,5,0
7401,14947,4,0
7398,16797,1,0
7400,21137,1,0
7404,21137,1,1
7398,21288,2,0
7403,21288,2,1
7402,21709,1,0
7402,21903,2,0
7401,22935,1,0
7404,22935,4,1
7398,24184,5,0
7403,24184,5,1
7399,24964,4,0
7402,24964,8,1
7404,24964,6,1
7403,27086,1,0
7404,27104,5,0
7398,27845,6,0
7401,27966,3,0
7402,30489,7,0
7402,34126,3,0
7401,35221,5,0
7398,35951,7,0
7398,39275,3,0
7401,39275,2,1
7399,39928,1,0
7398,43154,8,0
7401,43154,7,1
7398,43352,4,0
7403,44632,4,0
7400,47209,3,0
7401,47626,6,0
7402,49683,4,0
7412,5077,2,0
7406,6184,4,0
7407,8518,4,0
7408,10749,4,0
7408,13176,2,0
7413,13176,3,1
7407,14233,1,0
7410,14233,1,1
7411,14233,1,1
7407,14947,2,0
7410,14947,2,1
7411,14947,2,1
7406,17794,5,0
7406,21137,3,0
7408,21137,5,1
7407,21709,3,0
7408,21709,1,1
7410,21709,3,1
7411,21709,3,1
7406,21903,1,0
7410,22935,7,0
7413,22935,2,1
7412,24852,5,0
7406,26620,2,0
7412,27086,3,0
7407,27104,5,0
7412,27845,1,0
7413,27845,1,1
7408,27966,7,0
7410,27966,5,1
7408,28842,6,0
7409,30489,1,0
7410,43154,4,0
7409,46979,2,0
7412,47626,4,0
7406,49235,6,0
7408,49235,3,1
7410,49683,6,0
7415,5876,2,0
7416,5876,4,1
7416,13176,6,0
7418,13176,1,1
7417,14947,2,0
7416,17794,3,0
7417,21137,1,0
7418,21137,2,1
7417,21709,3,0
7416,21903,2,0
7415,24852,4,0
7415,24964,6,0
7417,26620,5,0
7416,27845,1,0
7415,35221,1,0
7417,35221,4,1
7417,40706,6,0
7415,45007,5,0
7416,46979,5,0
7418,47209,3,0
7415,49683,3,0
7425,5077,2,0
7426,14233,2,0
7427,14233,1,1
7427,14947,2,0
7420,16797,1,0
7422,16797,1,1
7423,16797,4,1
7427,18523,4,0
7420,21137,2,0
7421,21137,3,1
7422,21137,2,1
7423,21288,1,0
7424,21288,1,1
7426,21288,4,1
7425,21709,5,0
7427,21709,3,1
7424,22935,2,0
7426,24184,6,0
7425,24852,7,0
7421,24964,5,0
7424,24964,3,1
7425,24964,6,1
7425,27086,3,0
7426,27086,1,1
7425,27845,1,0
7420,27966,3,0
7422,27966,3,1
7424,27966,6,1
7421,28204,1,0
7423,28204,2,1
7420,39275,4,0
7422,39275,4,1
7425,39275,4,1
7426,40706,8,0
7421,43352,2,0
7423,45007,3,0
7424,45007,4,1
7426,45007,3,1
7424,49235,7,0
7426,49235,7,1
7421,49683,4,0
7424,49683,5,1
7426,49683,5,1
7429,21137,3,0
7431,21903,3,0
7430,24852,1,0
7431,24852,1,1
7430,26209,3,0
7429,27086,2,0
7429,27104,1,0
7429,30489,5,0
7429,35951,8,0
7429,43154,4,0
7431,43154,4,1
7429,43352,7,0
7430,47626,2,0
7429,47766,6,0
7431,47766,2,1
7434,196,3,0
7438,5077,8,0
7440,6184,3,0
7436,13176,1,0
7437,14233,1,0
7438,14233,3,1
7434,14947,7,0
7437,14947,2,1
7438,14947,6,1
7433,16797,1,0
7434,16797,4,1
7435,16797,3,1
7438,16797,7,1
7439,16797,2,1
7433,21137,2,0
7435,21137,4,1
7436,21137,2,1
7439,21137,3,1
7435,21288,2,0
7440,21288,1,1
7434,21709,6,0
7435,21709,1,1
7437,21709,3,1
7438,21709,2,1
7439,21709,1,1
7435,21903,8,0
7438,21903,9,1
7440,22935,5,0
7437,24852,4,0
7433,26209,5,0
7433,27104,6,0
7433,27845,7,0
7438,27845,1,1
7433,27966,3,0
7435,27966,5,1
7439,27966,4,1
7434,31717,1,0
7434,35221,5,0
7440,35951,6,0
7433,39275,4,0
7435,39275,6,1
7438,39275,4,1
7439,39275,5,1
7434,39928,2,0
7436,43352,5,0
7438,44632,5,0
7436,46979,4,0
7440,46979,4,1
7436,47209,3,0
7440,47209,2,1
7435,49235,7,0
7444,5077,2,0
7445,5876,8,0
7447,6184,6,0
7443,12341,5,0
7442,14233,1,0
7442,14947,2,0
7447,14947,1,1
7444,21137,5,0
7447,21137,8,1
7444,21288,4,0
7442,21709,3,0
7443,21709,1,1
7447,21709,2,1
7442,22935,5,0
7445,22935,1,1
7443,24852,2,0
7445,24852,7,1
7442,24964,4,0
7445,24964,2,1
7443,26209,4,0
7447,26620,5,0
7444,27086,3,0
7444,27845,1,0
7445,27845,5,1
7446,27845,1,1
7447,35221,3,0
7446,37710,5,0
7447,39928,7,0
7446,44632,2,0
7447,44632,4,1
7445,45007,3,0
7445,47209,6,0
7446,47209,4,1
7443,47626,3,0
7446,47626,3,1
7445,49683,4,0
7452,4605,4,0
7453,5077,8,0
7453,12341,5,0
7452,13176,5,0
7454,13176,1,1
7455,14233,5,0
7451,14947,1,0
7453,16797,2,0
7449,21137,1,0
7453,21137,1,1
7454,21137,2,1
7455,21137,1,1
7452,21709,1,0
7455,21903,4,0
7454,24852,5,0
7455,24852,2,1
7452,24964,3,0
7449,26620,5,0
7451,26620,3,1
7449,27086,2,0
7453,27966,3,0
7449,28204,4,0
7453,28204,6,1
7450,28842,2,0
7454,30489,4,0
7450,34126,3,0
7450,35951,1,0
7449,37710,3,0
7449,39275,6,0
7453,39275,4,1
7453,39928,7,0
7452,47209,2,0
7454,47209,3,1
7451,47766,4,0
7455,47766,3,1
7451,49683,2,0
7461,13176,7,0
7459,14233,4,0
7459,14947,6,0
7461,14947,1,1
7457,16797,1,0
7461,16797,8,1
7457,21288,2,0
7457,21709,5,0
7460,21709,2,1
7458,21903,3,0
7459,21903,3,1
7460,21903,5,1
7457,24852,6,0
7458,24852,1,1
7459,24852,1,1
7460,24852,3,1
7461,24852,6,1
7461,24964,2,0
7461,27086,4,0
7460,27104,6,0
7460,27845,1,0
7460,31717,7,0
7461,35951,3,0
7457,39275,3,0
7457,43352,4,0
7459,43352,7,1
7457,45007,7,0
7459,46979,5,0
7461,47626,5,0
7458,47766,2,0
7459,47766,2,1
7460,47766,4,1
7463,4605,3,0
7464,4605,2,1
7463,5876,2,0
7466,5876,4,1
7467,10749,8,0
7467,12341,5,0
7465,14233,6,0
7471,14233,3,1
7465,14947,1,0
7467,14947,1,1
7470,14947,2,1
7464,16797,6,0
7469,16797,1,1
7471,16797,6,1
7468,18523,2,0
7464,21137,4,0
7466,21288,5,0
7469,21288,2,1
7470,21288,1,1
7465,21709,2,0
7466,21709,1,1
7467,21709,2,1
7470,21709,3,1
7471,21709,1,1
7465,21903,5,0
7464,22825,1,0
7466,22935,3,0
7468,24184,5,0
7471,24852,5,0
7468,24964,3,0
7464,27086,5,0
7470,27086,6,1
7466,27104,2,0
7463,27845,1,0
7468,27845,1,1
7465,35221,3,0
7467,35221,3,1
7470,35221,4,1
7469,39275,3,0
7471,39928,4,0
7464,40706,3,0
7467,40706,7,1
7469,43352,4,0
7465,44632,4,0
7466,44632,6,1
7467,44632,4,1
7470,44632,5,1
7468,47209,4,0
7467,47626,6,0
7471,49235,2,0
7473,196,4,0
7481,196,6,1
7477,14947,2,0
7476,16797,1,0
7479,16797,1,1
7473,17794,7,0
7479,17794,5,1
7473,21137,6,0
7479,21137,2,1
7476,21288,2,0
7478,21709,1,0
7473,21903,3,0
7475,21903,5,1
7477,21903,3,1
7478,21903,4,1
7481,21903,4,1
7475,22935,1,0
7480,22935,1,1
7473,24852,1,0
7478,24852,2,1
7474,24964,2,0
7475,24964,2,1
7480,24964,2,1
7474,26209,1,0
7473,27966,5,0
7479,27966,3,1
7481,28204,5,0
7481,34126,1,0
7476,39275,3,0
7479,39275,4,1
7476,43352,4,0
7480,43352,5,1
7475,45007,3,0
7480,45007,3,1
7476,47209,5,0
7477,47626,1,0
7473,47766,2,0
7474,47766,3,1
7478,47766,3,1
7481,47766,2,1
7475,49683,4,0
7480,49683,4,1
7481,49683,3,1
7485,5077,4,0
7485,21903,6,0
7484,22825,3,0
7484,22935,1,0
7485,27086,1,0
7485,27845,5,0
7483,27966,3,0
7483,30489,1,0
7485,43352,3,0
7485,44632,2,0
7483,45007,2,0
7483,49683,4,0
7484,49683,2,1
7487,196,4,0
7487,8518,5,0
7491,10749,2,0
7489,13176,3,0
7490,13176,1,1
7488,14233,5,0
7487,16797,7,0
7490,21137,2,0
7491,21137,3,1
7489,21903,6,0
7491,21903,1,1
7488,22935,1,0
7489,24852,4,0
7488,24964,2,0
7491,26209,5,0
7489,27086,2,0
7489,28204,1,0
7487,40706,3,0
7487,43154,6,0
7491,43154,4,1
7487,43352,1,0
7487,44632,2,0
7488,45007,3,0
7487,47209,8,0
7490,47209,3,1
7491,47209,6,1
7489,47766,5,0
7488,49683,4,0
7497,10749,4,0
7496,13176,2,0
7497,13176,2,1
7497,14233,6,0
7493,14947,1,0
7495,14947,1,1
7496,16797,6,0
7497,21137,1,0
7493,21709,2,0
7495,21709,2,1
7496,21709,1,1
7496,24852,4,0
7494,26209,4,0
7496,26209,5,1
7495,26620,4,0
7494,34126,1,0
7493,35221,3,0
7494,35221,2,1
7495,35221,3,1
7497,35221,5,1
7494,39275,3,0
7493,44632,4,0
7497,47209,3,0
7496,47626,7,0
7496,47766,3,0
7500,4605,4,0
7501,12341,6,0
7502,14947,1,0
7501,16797,2,0
7499,17794,4,0
7501,21288,3,0
7501,21709,8,0
7502,21709,2,1
7503,21709,1,1
7501,22935,7,0
7500,24184,5,0
7502,24184,7,1
7500,24852,1,0
7503,24852,5,1
7500,26209,3,0
7501,27845,1,0
7502,27845,5,1
7501,30489,9,0
7503,30489,4,1
7499,31717,3,0
7503,31717,6,1
7503,34126,7,0
7502,35221,3,0
7499,37710,1,0
7501,39275,4,0
7502,39928,6,0
7503,40706,3,0
7503,43154,2,0
7501,43352,5,0
7502,44632,4,0
7503,45007,9,0
7500,47626,2,0
7499,47766,2,0
7503,49683,8,0
7505,196,3,0
7508,196,5,1
7508,4605,4,0
7512,4605,6,1
7507,5876,5,0
7505,13176,5,0
7509,13176,1,1
7513,13176,5,1
7513,14947,1,0
7512,16797,1,0
7505,21137,6,0
7510,21137,5,1
7511,21288,3,0
7512,21288,2,1
7506,21709,4,0
7513,21709,2,1
7506,21903,3,0
7511,21903,1,1
7510,22935,2,0
7506,24852,1,0
7507,24852,2,1
7507,26209,4,0
7510,26209,3,1
7505,26620,2,0
7513,26620,8,1
7513,27104,6,0
7507,27845,1,0
7508,27845,1,1
7507,27966,6,0
7510,27966,6,1
7510,28842,1,0
7513,28842,7,1
7512,30489,5,0
7505,35221,4,0
7510,35221,4,1
7513,35221,3,1
7505,37710,1,0
7512,39275,3,0
7512,43352,4,0
7513,44632,4,0
7508,45007,3,0
7508,46979,2,0
7509,47209,4,0
7507,47626,3,0
7509,47626,3,1
7506,47766,2,0
7511,47766,2,1
7509,49683,2,0
7522,5876,6,0
7515,10749,4,0
7521,10749,2,1
7519,13176,1,0
7522,13176,4,1
7515,21137,2,0
7519,21137,2,1
7520,21137,1,1
7522,21288,7,0
7518,21709,3,0
7520,21709,5,1
7521,21903,1,0
7517,22935,4,0
7518,22935,4,1
7517,24852,1,0
7515,26209,1,0
7517,26209,3,1
7518,26620,6,0
7522,26620,1,1
7518,27845,2,0
7520,27845,3,1
7520,28204,2,0
7516,35951,1,0
7522,39275,5,0
7520,39928,4,0
7522,40706,3,0
7518,43352,5,0
7522,44632,2,0
7515,47209,3,0
7518,47209,1,1
7519,47209,3,1
7517,47626,2,0
7516,49683,2,0
7528,196,7,0
7525,4605,8,0
7524,5077,2,0
7532,5077,2,1
7529,6184,1,0
7525,12341,9,0
7530,13176,1,0
7528,14233,3,0
7525,14947,2,0
7527,14947,1,1
7531,21137,2,0
7525,21709,3,0
7527,21709,2,1
7528,21709,1,1
7525,21903,6,0
7531,21903,5,1
7524,22935,6,0
7526,22935,1,1
7530,24852,3,0
7531,24852,3,1
7526,24964,2,0
7528,24964,4,1
7525,26209,7,0
7530,26209,2,1
7525,26620,5,0
7527,26620,4,1
7524,27086,3,0
7525,27086,1,1
7532,27086,3,1
7528,27104,5,0
7524,27845,1,0
7531,27845,1,1
7532,27845,1,1
7529,27966,2,0
7526,28204,5,0
7524,31717,4,0
7525,35221,4,0
7527,35221,3,1
7528,35221,2,1
7529,35221,3,1
7529,39928,4,0
7524,43352,5,0
7526,43352,6,1
7528,43352,6,1
7526,45007,3,0
7531,47766,4,0
7524,49235,7,0
7526,49683,4,0
7536,4605,6,0
7534,5077,2,0
7538,5077,6,1
7536,5876,5,0
7538,5876,5,1
7534,6184,5,0
7537,12341,7,0
7535,14947,1,0
7537,14947,2,1
7539,18523,4,0
7536,21137,7,0
7535,21709,2,0
7537,21709,3,1
7538,21709,1,1
7536,21903,4,0
7540,21903,3,1
7535,24852,7,0
7536,24852,2,1
7540,24852,1,1
7535,24964,6,0
7537,26209,6,0
7535,26620,5,0
7540,26620,6,1
7534,27086,3,0
7538,27086,3,1
7534,27845,1,0
7536,27845,1,1
7537,27845,1,1
7538,27845,2,1
7540,27966,4,0
7535,35221,3,0
7537,35221,4,1
7539,39275,1,0
7534,43154,4,0
7538,43352,4,0
7535,44632,4,0
7537,44632,5,1
7540,47209,5,0
7538,47626,7,0
7536,47766,3,0
7539,47766,2,1
7540,47766,2,1
7539,49235,3,0
7537,49683,8,0
7544,5077,2,0
7547,5077,2,1
7546,5876,2,0
7544,6184,6,0
7548,13176,4,0
7542,14947,1,0
7543,14947,1,1
7546,16797,1,0
7547,21288,1,0
7542,21709,2,0
7543,21709,2,1
7545,22825,5,0
7545,22935,1,0
7548,24852,1,0
7545,24964,2,0
7548,24964,6,1
7548,26209,3,0
7544,27086,3,0
7544,27845,1,0
7547,27845,4,1
7547,27966,3,0
7542,30489,5,0
7544,31717,5,0
7542,35221,3,0
7543,35221,3,1
7547,39275,5,0
7542,44632,4,0
7543,44632,4,1
7544,44632,4,1
7545,45007,3,0
7548,45007,5,1
7548,47626,2,0
7544,47766,7,0
7545,49683,4,0
7552,12341,7,0
7552,14947,1,0
7550,16797,1,0
7553,16797,6,1
7551,17794,4,0
7550,21137,2,0
7552,21137,4,1
7551,21288,1,0
7551,21709,5,0
7553,21709,1,1
7552,21903,6,0
7551,27104,3,0
7552,27104,2,1
7550,27966,3,0
7553,27966,2,1
7553,35221,3,0
7550,39275,4,0
7553,39275,4,1
7551,39928,2,0
7552,43352,3,0
7553,44632,5,0
7552,47209,5,0
7550,49683,5,0
7555,12341,3,0
7555,13176,5,0
7560,13176,1,1
7555,14233,2,0
7556,14233,2,1
7558,14233,4,1
7558,14947,2,0
7556,21137,1,0
7560,21137,2,1
7555,21903,1,0
7558,21903,5,1
7556,22825,4,0
7559,22825,2,1
7556,24852,3,0
7557,24964,1,0
7555,27845,4,0
7558,27966,3,0
7557,35221,4,0
7557,39275,3,0
7559,40706,1,0
7560,40706,4,1
7557,45007,2,0
7558,47209,1,0
7560,47209,3,1
7560,47766,5,0
7566,5876,6,0
7564,8518,5,0
7567,10749,5,0
7563,14947,1,0
7566,14947,1,1
7566,17794,5,0
7562,21137,1,0
7567,21137,3,1
7563,21709,2,0
7564,21709,1,1
7566,21709,2,1
7567,21709,1,1
7564,21903,4,0
7564,24852,2,0
7562,24964,2,0
7566,26209,8,0
7567,26209,6,1
7566,26620,4,0
7567,26620,2,1
7565,27845,1,0
7563,35221,3,0
7566,35221,3,1
7562,37710,3,0
7564,40706,6,0
7566,40706,7,1
7563,44632,4,0
7565,44632,2,1
7565,47626,3,0
7564,47766,3,0
7567,49683,4,0
7574,196,4,0
7569,4605,5,0
7571,5876,6,0
7569,12341,7,0
7572,12341,2,1
7572,13176,4,0
7575,13176,1,1
7570,14947,2,0
7571,14947,2,1
7569,16797,1,0
7573,16797,2,1
7574,16797,1,1
7575,17794,5,0
7569,21137,2,0
7573,21137,1,1
7575,21137,2,1
7570,21288,1,0
7572,21288,3,1
7570,21709,3,0
7571,21709,1,1
7572,21709,1,1
7575,21709,7,1
7569,24964,6,0
7572,26209,5,0
7571,26620,5,0
7572,27086,7,0
7575,27086,6,1
7571,27845,8,0
7569,27966,3,0
7573,27966,3,1
7574,28842,2,0
7570,35221,4,0
7571,35221,3,1
7569,39275,4,0
7573,39275,4,1
7570,44632,5,0
7571,44632,4,1
7572,45007,6,0
7569,47209,8,0
7571,47209,7,1
7575,47209,3,1
7573,47626,5,0
7574,47766,3,0
7575,49235,4,0
7577,4605,4,0
7577,5077,2,0
7579,5077,3,1
7578,14233,1,0
7578,14947,2,0
7582,14947,1,1
7583,14947,1,1
7581,16797,1,0
7579,21137,5,0
7581,21288,2,0
7578,21709,3,0
7579,21709,1,1
7582,21709,2,1
7583,21709,2,1
7580,21903,4,0
7580,26620,2,0
7583,26620,4,1
7577,27086,3,0
7579,27086,4,1
7580,27086,1,1
7583,27086,5,1
7577,27845,1,0
7579,27845,2,1
7582,35221,3,0
7583,35221,3,1
7577,37710,5,0
7580,37710,5,1
7581,39275,3,0
7581,43352,4,0
7582,44632,4,0
7580,47209,3,0
7585,4605,1,0
7589,5077,2,0
7586,5876,2,0
7587,5876,5,1
7588,8518,7,0
7590,8518,6,1
7591,10749,5,0
7586,12341,7,0
7586,13176,8,0
7587,14233,4,0
7588,14233,1,1
7589,14233,5,1
7592,14233,5,1
7588,14947,2,0
7590,16797,2,0
7593,16797,4,1
7586,21137,4,0
7587,21137,3,1
7590,21137,3,1
7586,21288,6,0
7588,21709,3,0
7591,21903,2,0
7592,21903,4,1
7593,21903,3,1
7586,24852,1,0
7593,24852,1,1
7588,24964,6,0
7591,24964,7,1
7588,26209,5,0
7589,27086,3,0
7590,27086,1,1
7586,27845,5,0
7587,27845,1,1
7589,27845,1,1
7591,27845,3,1
7590,27966,4,0
7592,27966,6,1
7585,28204,2,0
7587,28204,6,1
7592,28842,2,0
7585,34126,3,0
7587,39275,2,0
7590,39275,5,1
7591,39275,1,1
7589,39928,4,0
7586,40706,3,0
7587,43154,7,0
7589,43154,6,1
7592,43154,3,1
7585,43352,4,0
7593,43352,6,1
7592,44632,1,0
7588,46979,4,0
7593,47209,5,0
7593,47766,2,0
7591,49235,4,0
7591,49683,6,0
7595,5077,5,0
7596,5876,9,0
7596,8518,8,0
7597,13176,2,0
7596,16797,3,0
7597,17794,5,0
7596,21137,4,0
7597,21137,3,1
7597,21288,1,0
7595,21903,3,0
7597,24184,6,0
7595,24852,1,0
7595,26620,4,0
7596,27086,2,0
7596,27845,1,0
7596,27966,5,0
7596,34126,7,0
7596,39275,6,0
7597,47209,4,0
7595,47766,2,0
7596,49235,10,0
7600,6184,1,0
7603,10749,2,0
7603,13176,3,0
7599,14947,4,0
7604,14947,1,1
7603,16797,1,0
7604,16797,2,1
7601,17794,5,0
7601,21137,3,0
7604,21137,5,1
7604,21288,4,0
7601,21709,2,0
7601,24852,1,0
7602,24852,1,1
7602,26209,3,0
7600,27966,2,0
7599,28204,3,0
7601,28204,4,1
7601,30489,8,0
7602,31717,4,0
7601,35221,7,0
7599,45007,2,0
7599,47626,1,0
7600,47626,3,1
7602,47626,2,1
7599,47766,5,0
7604,47766,3,1
7601,49683,6,0
7610,5876,5,0
7609,8518,7,0
7609,10749,6,0
7606,16797,1,0
7609,16797,2,1
7606,21137,7,0
7609,21137,3,1
7606,21288,2,0
7608,21709,1,0
7607,22935,1,0
7610,22935,1,1
7608,24852,2,0
7607,24964,2,0
7608,26620,3,0
7610,26620,2,1
7609,27845,1,0
7610,27845,4,1
7609,27966,4,0
7608,28842,4,0
7610,28842,3,1
7606,39275,3,0
7609,39275,5,1
7606,43352,4,0
7606,44632,6,0
7606,45007,5,0
7607,45007,3,1
7608,47766,6,0
7608,49235,5,0
7607,49683,4,0
7616,4605,7,0
7614,5077,4,0
7614,5876,5,0
7617,13176,2,0
7616,16797,4,0
7617,21137,3,0
7612,21288,1,0
7614,21709,2,0
7612,21903,7,0
7613,21903,3,1
7614,21903,3,1
7615,21903,3,1
7617,22935,6,0
7613,24852,1,0
7615,24852,1,1
7616,24852,1,1
7613,24964,7,0
7616,24964,5,1
7612,26209,2,0
7616,26209,3,1
7612,26620,5,0
7613,26620,4,1
7615,27104,4,0
7612,27845,4,0
7614,27845,1,1
7617,27845,1,1
7612,27966,6,0
7613,35221,5,0
7617,43154,5,0
7614,43352,6,0
7616,44632,6,0
7613,47209,6,0
7617,47209,4,1
7616,47626,2,0
7613,47766,2,0
7615,47766,2,1
7612,49235,3,0
7614,49235,7,1
7615,49683,5,0
7622,196,7,0
7622,5876,5,0
7623,8518,2,0
7621,12341,2,0
7623,12341,1,1
7621,13176,3,0
7621,14233,1,0
7619,14947,2,0
7624,16797,1,0
7625,16797,2,1
7624,21137,2,0
7625,21137,3,1
7620,21288,3,0
7622,21288,2,1
7625,21288,1,1
7621,21709,4,0
7623,22825,5,0
7625,22935,9,0
7619,24852,1,0
7623,24852,4,1
7622,26209,6,0
7625,26620,8,0
7620,27845,1,0
7623,27845,3,1
7624,27966,3,0
7625,27966,4,1
7619,28204,4,0
7620,28842,4,0
7622,31717,1,0
7622,39275,4,0
7624,39275,4,1
7625,39275,5,1
7619,40706,5,0
7620,40706,5,1
7625,43154,7,0
7625,45007,6,0
7620,47766,2,0
7622,47766,3,1
7619,49235,3,0
7627,5876,3,0
7628,13176,1,0
7629,14947,1,0
7628,21137,2,0
7629,21709,2,0
7629,24852,5,0
7629,26620,4,0
7629,35221,3,0
7629,35951,6,0
7629,37710,7,0
7627,40706,2,0
7627,43352,1,0
7628,47209,3,0
7631,6184,1,0
7633,14947,2,0
7632,16797,4,0
7634,16797,2,1
7633,18523,7,0
7633,21288,1,0
7634,21288,3,1
7633,21709,3,0
7634,21709,1,1
7634,21903,7,0
7632,24852,1,0
7631,26209,2,0
7632,26209,3,1
7631,26620,3,0
7632,27966,6,0
7632,30489,5,0
7633,35221,4,0
7634,35221,8,1
7634,39275,4,0
7633,40706,6,0
7634,43352,5,0
7633,44632,5,0
7634,46979,6,0
7632,47626,2,0
7632,49683,7,0
7638,196,4,0
7640,5077,2,0
7642,5077,4,1
7639,6184,4,0
7640,12341,1,0
7638,13176,6,0
7639,13176,2,1
7641,13176,2,1
7636,14233,1,0
7643,14233,3,1
7636,14947,2,0
7637,14947,1,1
7643,14947,4,1
7637,16797,5,0
7644,16797,2,1
7639,21137,1,0
7641,21137,3,1
7642,21137,1,1
7638,21288,3,0
7644,21288,3,1
7636,21709,3,0
7637,21709,2,1
7638,21709,1,1
7642,21709,5,1
7643,21709,5,1
7644,21709,1,1
7638,21903,5,0
7642,21903,8,1
7643,21903,8,1
7639,22935,6,0
7638,24852,7,0
7641,24852,6,1
7642,24852,7,1
7643,24852,6,1
7637,26620,4,0
7641,26620,5,1
7641,27086,1,0
7643,27086,2,1
7640,27845,4,0
7643,27845,1,1
7639,28204,5,0
7642,34126,3,0
7637,35221,3,0
7642,39275,6,0
7644,39275,4,1
7643,43154,7,0
7640,43352,3,0
7644,43352,5,1
7638,44632,2,0
7642,45007,2,0
7639,47209,3,0
7641,47209,4,1
7643,49235,9,0
7652,196,4,0
7649,5077,5,0
7646,13176,2,0
7650,14233,4,0
7652,14947,2,0
7647,18523,2,0
7647,21137,3,0
7646,21288,1,0
7648,21288,2,1
7648,21903,1,0
7650,22825,5,0
7650,22935,6,0
7648,24852,3,0
7649,24852,1,1
7649,26209,3,0
7650,26209,8,1
7651,26209,1,1
7650,26620,2,0
7652,26620,3,1
7650,27086,1,0
7650,27845,9,0
7652,27845,5,1
7652,28204,1,0
7651,34126,3,0
7647,39275,1,0
7650,39928,7,0
7650,40706,3,0
7651,43352,2,0
7648,44632,4,0
7649,45007,4,0
7649,47626,2,0
7660,196,2,0
7660,4605,4,0
7657,5876,3,0
7661,12341,2,0
7657,14233,1,0
7659,14947,2,0
7654,16797,1,0
7656,16797,2,1
7658,16797,1,1
7662,16797,1,1
7654,17794,5,0
7658,21137,2,0
7660,21137,5,1
7654,21288,2,0
7656,21288,3,1
7659,21288,1,1
7662,21288,2,1
7659,21709,3,0
7660,21709,1,1
7661,21709,1,1
7655,21903,3,0
7657,21903,2,1
7655,24852,1,0
7662,24852,7,1
7658,24964,5,0
7661,26209,5,0
7656,27845,1,0
7658,27966,3,0
7662,27966,5,1
7659,35221,4,0
7661,37710,3,0
7654,39275,3,0
7656,39275,4,1
7658,39275,4,1
7660,39275,3,1
7662,39275,3,1
7661,40706,4,0
7657,43154,4,0
7654,43352,4,0
7656,43352,5,1
7662,43352,4,1
7659,44632,5,0
7660,45007,6,0
7655,47209,4,0
7659,47209,6,1
7655,47766,2,0
7662,47766,6,1
7664,14233,3,0
7666,14947,1,0
7664,16797,5,0
7665,16797,2,1
7665,21137,3,0
7665,21288,1,0
7666,21709,2,0
7664,24964,2,0
7666,26620,5,0
7665,27966,4,0
7665,28204,6,0
7666,35221,3,0
7664,35951,4,0
7664,39275,1,0
7665,39275,5,1
7666,44632,4,0
7666,49683,6,0
7675,8518,7,0
7674,12341,2,0
7668,13176,6,0
7672,14233,2,0
7674,14233,5,1
7673,14947,1,0
7674,14947,4,1
7676,14947,2,1
7671,16797,3,0
7673,16797,6,1
7675,16797,2,1
7673,18523,8,0
7668,21137,7,0
7675,21137,3,1
7676,21288,1,0
7668,21709,3,0
7672,21709,4,1
7673,21709,2,1
7674,21709,1,1
7675,21709,1,1
7676,21709,3,1
7668,21903,2,0
7672,21903,1,1
7673,21903,7,1
7670,22935,2,0
7674,22935,3,1
7670,24964,5,0
7670,26620,6,0
7671,26620,1,1
7670,27966,4,0
7673,27966,5,1
7675,27966,4,1
7670,28204,3,0
7672,28204,3,1
7671,28842,4,0
7668,30489,1,0
7670,31717,1,0
7669,35221,2,0
7673,35221,3,1
7676,35221,4,1
7668,35951,4,0
7676,35951,6,1
7676,37710,7,0
7669,39275,1,0
7675,39275,5,1
7668,40706,5,0
7674,40706,6,1
7669,43352,3,0
7673,44632,4,0
7676,44632,5,1
7675,47626,6,0
7671,47766,5,0
7671,49235,2,0
7671,49683,6,0
7679,5077,5,0
7680,5876,6,0
7678,21137,4,0
7678,24852,1,0
7680,24964,5,0
7678,26209,3,0
7680,26209,3,1
7679,27086,3,0
7680,27086,1,1
7678,27845,6,0
7679,27845,1,1
7680,27966,2,0
7678,43352,5,0
7678,44632,7,0
7680,45007,4,0
7679,47209,4,0
7678,47626,2,0
7679,47766,2,0
7682,14947,1,0
7683,14947,2,1
7684,17794,3,0
7683,21709,1,0
7684,21709,1,1
7682,22935,2,0
7682,26620,3,0
7683,26620,4,1
7684,30489,4,0
7683,35221,3,0
7682,43154,4,0
7684,47766,2,0
7687,4605,7,0
7688,13176,6,0
7688,14947,1,0
7687,16797,1,0
7687,21288,2,0
7688,21709,2,0
7686,22825,6,0
7686,22935,2,0
7689,22935,4,1
7686,24184,4,0
7686,24852,1,0
7688,27086,5,0
7689,27104,2,0
7686,30489,3,0
7689,30489,1,1
7687,35221,6,0
7688,35221,3,1
7687,39275,3,0
7689,40706,5,0
7687,43352,4,0
7688,44632,4,0
7689,45007,3,0
7687,47766,5,0
7686,49235,5,0
7692,5077,5,0
7698,6184,5,0
7691,10749,6,0
7691,13176,3,0
7696,14233,2,0
7692,14947,1,0
7693,14947,5,1
7695,14947,4,1
7696,14947,3,1
7698,14947,1,1
7697,16797,3,0
7699,16797,8,1
7697,21288,1,0
7692,21709,2,0
7696,21709,1,1
7698,21709,2,1
7699,21709,1,1
7694,21903,3,0
7699,21903,4,1
7693,22825,8,0
7691,22935,5,0
7691,24852,2,0
7692,24852,6,1
7693,24852,2,1
7694,24852,1,1
7699,24852,2,1
7693,26209,4,0
7693,27086,1,0
7695,27086,3,1
7693,27845,6,0
7695,27845,1,1
7697,27845,2,1
7699,27845,7,1
7695,28842,2,0
7692,35221,3,0
7698,35221,3,1
7696,37710,4,0
7691,39275,1,0
7692,40706,8,0
7696,40706,5,1
7699,40706,5,1
7692,44632,4,0
7698,44632,4,1
7693,47209,7,0
7693,47626,3,0
7697,47626,4,1
7699,47626,6,1
7694,47766,2,0
7699,47766,3,1
7691,49235,4,0
7692,49235,7,1
7707,196,4,0
7704,5077,4,0
7705,5077,2,1
7708,6184,7,0
7707,12341,1,0
7703,13176,2,0
7707,13176,3,1
7706,14233,2,0
7702,14947,1,0
7708,14947,5,1
7702,16797,6,0
7701,21137,5,0
7703,21137,3,1
7705,21137,4,1
7708,21137,1,1
7703,21288,1,0
7702,21709,2,0
7701,21903,3,0
7701,24852,1,0
7703,24852,5,1
7704,24852,5,1
7706,24852,4,1
7708,24852,2,1
7706,26209,3,0
7708,26209,4,1
7702,26620,7,0
7705,27086,3,0
7706,27086,1,1
7708,27086,6,1
7704,27845,1,0
7705,27845,1,1
7702,35221,3,0
7705,35221,5,1
7701,35951,4,0
7702,39275,5,0
7702,44632,4,0
7704,44632,2,1
7708,45007,8,0
7703,47209,4,0
7707,47626,2,0
7708,47626,3,1
7701,47766,2,0
7704,47766,3,1
7706,49235,5,0
7717,196,8,0
7717,6184,7,0
7711,13176,5,0
7714,14233,5,0
7715,14233,6,1
7713,14947,1,0
7714,14947,2,1
7715,14947,5,1
7717,14947,4,1
7718,14947,2,1
7712,16797,1,0
7716,16797,3,1
7717,17794,5,0
7710,18523,3,0
7712,21137,8,0
7714,21137,6,1
7715,21137,7,1
7712,21288,2,0
7717,21288,1,1
7713,21709,2,0
7714,21709,1,1
7715,21709,1,1
7718,21709,1,1
7712,21903,7,0
7717,21903,2,1
7710,22935,2,0
7715,22935,4,1
7715,24184,2,0
7717,24184,3,1
7711,24852,1,0
7713,24852,5,1
7714,24852,8,1
7717,24852,6,1
7710,26209,1,0
7711,26209,3,1
7716,26620,1,0
7711,27104,6,0
7710,27845,4,0
7712,28204,5,0
7713,35221,3,0
7714,35221,3,1
7718,35221,3,1
7712,35951,6,0
7712,39275,3,0
7712,43352,4,0
7713,44632,4,0
7714,44632,4,1
7718,44632,4,1
7713,46979,6,0
7711,47209,4,0
7717,47209,9,1
7711,47626,2,0
7714,49235,7,0
7715,49683,3,0
7716,49683,2,1
7724,196,5,0
7728,196,5,1
7720,5876,4,0
7728,5876,6,1
7727,6184,7,0
7728,8518,7,0
7720,12341,3,0
7726,12341,3,1
7727,12341,6,1
7721,14947,2,0
7722,14947,3,1
7725,14947,2,1
7726,14947,1,1
7728,14947,1,1
7721,16797,4,0
7727,17794,1,0
7723,21137,3,0
7724,21137,1,1
7722,21288,2,0
7722,21709,1,0
7723,21709,1,1
7726,21709,2,1
7728,21709,2,1
7724,21903,2,0
7727,22935,8,0
7721,24852,5,0
7723,24852,2,1
7724,24852,4,1
7727,24852,4,1
7728,24964,8,0
7724,26209,3,0
7721,26620,1,0
7728,26620,4,1
7725,27845,1,0
7727,27845,5,1
7720,27966,1,0
7727,28204,3,0
7722,35221,4,0
7728,35221,3,1
7723,37710,4,0
7721,43352,3,0
7724,43352,6,1
7722,44632,5,0
7720,45007,2,0
7723,45007,5,1
7725,47626,3,0
7727,47766,2,0
7734,196,3,0
7733,12341,6,0
7736,13176,1,0
7737,13176,6,1
7731,14233,1,0
7731,14947,2,0
7732,14947,6,1
7733,14947,2,1
7737,14947,1,1
7730,16797,1,0
7733,16797,5,1
7735,21137,4,0
7736,21137,2,1
7732,21288,3,0
7734,21288,2,1
7731,21709,3,0
7732,21709,1,1
7733,21709,1,1
7734,21709,1,1
7737,21709,2,1
7735,21903,3,0
7738,21903,3,1
7733,22935,7,0
7732,24184,9,0
7735,24852,1,0
7737,24852,7,1
7738,24852,4,1
7738,24964,1,0
7731,26620,4,0
7733,26620,4,1
7735,26620,5,1
7732,27086,4,0
7734,27104,4,0
7731,27845,6,0
7730,27966,4,0
7737,28204,8,0
7733,35221,3,0
7737,35221,3,1
7730,35951,3,0
7732,39275,7,0
7734,39275,5,1
7738,43352,2,0
7737,44632,4,0
7732,45007,8,0
7731,47209,5,0
7732,47209,5,1
7736,47209,3,1
7735,47766,2,0
7730,49235,2,0
7736,49235,4,1
7737,49235,5,1
7732,49683,2,0
7740,5077,4,0
7740,14233,5,0
7743,14233,5,1
7743,16797,3,0
7740,21903,2,0
7740,24184,3,0
7742,24852,1,0
7741,24964,3,0
7742,26209,3,0
7741,27086,1,0
7741,27845,4,0
7743,27845,1,1
7741,27966,2,0
7741,39928,5,0
7740,45007,1,0
7740,47209,6,0
7743,47209,4,1
7742,47626,2,0
7743,49235,2,0
7746,5077,5,0
7747,13176,9,0
7747,14233,8,0
7745,16797,1,0
7747,16797,3,1
7748,16797,8,1
7747,17794,7,0
7748,17794,6,1
7748,21137,1,0
7745,21288,2,0
7747,21288,4,1
7748,21288,2,1
7746,21903,3,0
7746,24852,1,0
7747,27086,2,0
7747,27845,1,0
7746,31717,6,0
7745,39275,3,0
7747,39275,5,1
7748,43154,3,0
7745,43352,4,0
7747,43352,6,1
7746,44632,4,0
7748,45007,7,0
7746,47766,2,0
7748,47766,5,1
7748,49235,4,0
7752,5077,3,0
7754,5077,4,1
7754,5876,3,0
7757,6184,2,0
7756,12341,3,0
7751,14233,2,0
7756,14233,5,1
7751,14947,3,0
7756,14947,4,1
7751,16797,5,0
7753,16797,2,1
7755,16797,2,1
7757,18523,4,0
7755,21137,3,0
7752,21288,1,0
7753,21288,3,1
7754,21288,1,1
7756,21288,1,1
7751,21709,4,0
7757,21709,1,1
7755,21903,9,0
7750,22825,3,0
7753,22935,6,0
7750,24184,2,0
7750,24852,1,0
7751,27086,8,0
7752,27086,4,1
7753,27086,1,1
7755,27086,1,1
7756,27086,2,1
7754,27104,2,0
7751,27845,1,0
7752,27845,2,1
7751,27966,6,0
7752,27966,5,1
7755,27966,4,1
7751,30489,7,0
7757,35221,5,0
7750,35951,4,0
7752,35951,6,1
7753,39275,4,0
7755,39275,5,1
7753,43352,5,0
7750,45007,5,0
7755,45007,6,1
7757,45007,3,1
7752,46979,7,0
7755,47209,7,0
7755,47626,8,0
7752,49683,8,0
7760,13176,1,0
7759,14947,1,0
7761,14947,2,1
7760,21137,2,0
7761,21137,1,1
7759,21288,5,0
7759,21709,2,0
7761,21709,3,1
7760,21903,4,0
7761,24184,7,0
7759,35221,3,0
7761,35221,4,1
7759,44632,4,0
7761,44632,5,1
7759,46979,6,0
7760,47209,3,0
7761,49235,6,0
7763,4605,5,0
7765,5077,2,0
7766,12341,5,0
7764,14947,1,0
7766,14947,1,1
7763,16797,1,0
7763,21137,2,0
7764,21709,2,0
7766,21709,2,1
7765,24964,5,0
7763,26209,7,0
7764,26209,5,1
7764,26620,4,0
7765,27086,3,0
7765,27845,1,0
7763,27966,3,0
7766,28204,6,0
7764,35221,3,0
7766,35221,3,1
7763,37710,6,0
7763,39275,4,0
7765,39275,4,1
7766,44632,4,0
7765,47766,6,0
7765,49683,7,0
7770,4605,7,0
7776,5876,5,0
7776,12341,4,0
7771,13176,3,0
7772,13176,2,1
7773,13176,2,1
7776,13176,1,1
7769,14233,7,0
7769,16797,1,0
7770,16797,3,1
7770,21137,6,0
7772,21137,1,1
7773,21137,1,1
7769,21288,2,0
7768,22935,3,0
7776,24184,2,0
7770,24852,8,0
7774,24852,1,1
7773,24964,4,0
7771,26209,1,0
7773,26209,5,1
7774,26209,3,1
7775,26209,3,1
7772,27104,4,0
7775,27845,1,0
7776,27845,6,1
7771,27966,2,0
7770,28204,5,0
7774,28204,5,1
7776,31717,3,0
7772,34126,5,0
7769,39275,3,0
7770,40706,2,0
7772,43154,6,0
7769,43352,4,0
7772,43352,7,1
7774,43352,4,1
7770,44632,4,0
7776,44632,7,1
7775,45007,2,0
7770,46979,1,0
7772,47209,3,0
7773,47209,3,1
7769,47626,6,0
7774,47626,2,1
7769,47766,5,0
7768,49235,1,0
7768,49683,2,0
7780,5077,3,0
7784,5077,5,1
7784,5876,8,0
7779,6184,2,0
7784,13176,2,0
7778,14233,5,0
7779,14947,4,0
7778,16797,6,0
7782,16797,2,1
7784,18523,6,0
7782,21288,3,0
7783,21288,1,1
7780,21709,1,0
7780,21903,5,0
7781,21903,3,1
7784,21903,7,1
7778,22935,1,0
7779,22935,3,1
7781,24852,1,0
7783,24852,2,1
7778,24964,2,0
7779,26620,1,0
7780,27086,4,0
7780,27845,2,0
7781,27845,6,1
7782,27845,1,1
7783,27845,3,1
7784,27845,1,1
7783,27966,4,0
7781,28204,4,0
7784,28842,4,0
7778,31717,7,0
7782,35221,6,0
7782,39275,4,0
7782,43352,5,0
7784,43352,3,1
7781,44632,5,0
7778,45007,3,0
7783,46979,5,0
7781,47209,7,0
7781,47766,2,0
7778,49235,8,0
7778,49683,4,0
7788,6184,5,0
7788,13176,2,0
7790,13176,1,1
7786,14947,1,0
7791,16797,4,0
7790,17794,4,0
7789,21137,7,0
7790,21137,2,1
7791,21137,1,1
7786,21288,5,0
7786,21709,2,0
7787,21709,1,1
7791,21709,5,1
7787,22935,2,0
7789,22935,1,1
7789,24964,2,0
7791,26209,3,0
7786,26620,4,0
7787,31717,4,0
7786,35221,3,0
7789,35221,5,1
7788,35951,4,0
7788,39928,1,0
7787,40706,3,0
7789,40706,6,1
7791,44632,2,0
7789,45007,3,0
7790,47209,3,0
7788,47626,3,0
7789,49683,4,0
7796,196,6,0
7800,4605,5,0
7796,5077,2,0
7800,6184,4,0
7800,10749,3,0
7799,13176,1,0
7794,14947,1,0
7796,21137,4,0
7798,21137,5,1
7799,21137,2,1
7793,21288,2,0
7794,21709,2,0
7795,22935,3,0
7798,22935,1,1
7796,24184,5,0
7795,24852,8,0
7798,24964,2,0
7796,26209,3,0
7793,26620,1,0
7795,26620,2,1
7797,26620,2,1
7793,27086,4,0
7799,27086,3,1
7793,27845,3,0
7795,28204,4,0
7795,28842,6,0
7793,34126,5,0
7794,35221,3,0
7797,35951,1,0
7797,39275,3,0
7800,40706,2,0
7795,43352,7,0
7796,43352,1,1
7794,44632,4,0
7798,45007,3,0
7800,46979,6,0
7795,47209,1,0
7800,47766,7,0
7795,49235,5,0
7798,49683,4,0
7800,49683,1,1
7803,4605,1,0
7804,5876,4,0
7808,6184,1,0
7810,6184,1,1
7808,10749,4,0
7804,13176,2,0
7809,14233,5,0
7806,14947,1,0
7803,16797,4,0
7807,16797,2,1
7809,16797,1,1
7804,17794,5,0
7803,18523,6,0
7807,21137,3,0
7809,21137,2,1
7806,21709,2,0
7807,21709,1,1
7810,21903,8,0
7804,22825,1,0
7802,22935,1,0
7807,22935,6,1
7808,22935,5,1
7802,24964,2,0
7805,24964,3,1
7810,24964,7,1
7803,26209,5,0
7806,26620,4,0
7805,27086,2,0
7808,27086,3,1
7810,27086,3,1
7806,27966,7,0
7807,27966,4,1
7809,27966,3,1
7804,28842,3,0
7802,30489,5,0
7806,35221,3,0
7806,37710,5,0
7809,37710,6,1
7807,39275,5,0
7808,39275,2,1
7809,39275,4,1
7804,39928,6,0
7804,44632,7,0
7806,44632,8,1
7808,44632,6,1
7809,44632,7,1
7810,44632,5,1
7802,45007,3,0
7810,46979,2,0
7810,47209,6,0
7805,47626,1,0
7803,47766,2,0
7806,47766,6,1
7810,47766,4,1
7803,49235,3,0
7802,49683,4,0
7815,196,1,0
7816,14233,1,0
7813,14947,2,0
7816,14947,2,1
7814,16797,2,0
7816,16797,6,1
7815,17794,2,0
7813,18523,1,0
7812,21137,2,0
7814,21288,3,0
7814,21709,1,0
7816,21709,3,1
7812,26209,3,0
7812,27086,4,0
7813,27845,5,0
7813,30489,4,0
7814,39275,4,0
7816,39275,4,1
7813,43154,3,0
7814,43352,5,0
7815,44632,4,0
7816,46979,5,0
7812,47209,1,0
7815,47626,3,0
7821,5077,3,0
7819,5876,4,0
7820,5876,6,1
7822,5876,8,1
7818,13176,1,0
7819,13176,1,1
7819,14233,6,0
7823,14947,1,0
7825,14947,1,1
7826,14947,1,1
7820,16797,1,0
7821,16797,6,1
7821,17794,1,0
7824,17794,4,1
7818,21137,2,0
7819,21137,2,1
7820,21137,2,1
7822,21288,1,0
7823,21709,2,0
7824,21709,2,1
7826,21709,2,1
7821,21903,2,0
7822,21903,7,1
7825,21903,2,1
7822,22935,3,0
7818,24184,4,0
7820,24184,5,1
7825,24184,4,1
7822,24852,10,0
7823,24852,5,1
7822,24964,4,0
7822,26209,9,0
7822,27086,2,0
7824,27845,1,0
7820,27966,3,0
7821,27966,5,1
7824,27966,5,1
7823,35221,3,0
7826,35221,3,1
7820,39275,4,0
7821,39275,7,1
7819,43154,7,0
7823,44632,4,0
7826,44632,4,1
7822,45007,5,0
7824,45007,3,1
7818,47209,3,0
7819,47209,3,1
7821,47209,4,1
7819,47626,5,0
7825,47766,3,0
7825,49235,5,0
7822,49683,6,0
7832,4605,6,0
7832,5077,2,0
7831,5876,2,0
7833,8518,4,0
7831,14233,3,0
7828,14947,1,0
7831,14947,4,1
7834,14947,1,1
7835,14947,2,1
7829,16797,5,0
7830,16797,1,1
7829,17794,2,0
7833,17794,5,1
7835,21137,7,0
7830,21288,2,0
7831,21288,1,1
7828,21709,2,0
7829,21709,1,1
7834,21709,2,1
7835,21709,1,1
7828,21903,5,0
7831,21903,5,1
7834,21903,6,1
7830,22935,5,0
7833,24852,1,0
7835,24964,8,0
7833,26209,3,0
7832,27086,3,0
7832,27845,1,0
7835,27845,5,1
7829,28204,7,0
7832,30489,5,0
7828,35221,3,0
7834,35221,3,1
7835,35221,3,1
7829,39275,6,0
7830,39275,3,1
7831,39928,6,0
7835,39928,6,1
7830,43352,4,0
7834,43352,5,1
7828,44632,4,0
7829,44632,3,1
7834,44632,4,1
7835,44632,4,1
7829,45007,4,0
7832,45007,7,1
7834,45007,7,1
7832,47626,4,0
7833,47626,2,1
7831,49683,7,0
7844,4605,5,0
7837,5077,1,0
7838,5876,8,0
7839,8518,3,0
7840,8518,6,1
7837,13176,5,0
7837,14233,3,0
7838,14233,4,1
7842,14233,4,1
7845,14233,1,1
7845,14947,2,0
7840,16797,1,0
7845,16797,6,1
7838,21137,1,0
7840,21137,2,1
7840,21709,7,0
7843,21709,2,1
7845,21709,3,1
7841,22935,5,0
7840,24184,5,0
7841,24852,1,0
7844,24852,1,1
7841,24964,4,0
7844,26209,3,0
7838,26620,3,0
7843,27086,3,0
7842,27845,1,0
7845,27845,4,1
7840,27966,3,0
7838,28204,6,0
7839,28842,2,0
7844,28842,6,1
7837,31717,4,0
7844,31717,7,1
7843,34126,4,0
7840,39275,4,0
7842,39275,3,1
7838,40706,2,0
7844,40706,4,1
7839,44632,1,0
7841,45007,3,0
7838,47209,5,0
7845,47209,7,1
7838,47626,7,0
7842,47626,2,1
7844,47626,2,1
7845,47626,5,1
7837,49683,2,0
7841,49683,2,1
7843,49683,1,1
7851,5876,6,0
7851,8518,5,0
7848,12341,2,0
7849,12341,1,1
7850,12341,3,1
7853,13176,4,0
7848,14233,3,0
7854,16797,2,0
7849,17794,6,0
7848,21137,1,0
7849,21137,3,1
7850,21137,2,1
7854,21137,1,1
7849,21288,5,0
7853,21288,3,1
7847,21709,1,0
7852,21903,3,0
7847,22935,2,0
7851,22935,2,1
7852,22935,1,1
7849,24852,7,0
7848,26209,5,0
7853,26209,1,1
7850,27845,1,0
7854,27966,3,0
7854,28204,6,0
7848,34126,4,0
7854,35951,5,0
7848,37710,6,0
7851,39275,4,0
7854,39275,4,1
7847,39928,3,0
7851,43154,1,0
7849,43352,2,0
7852,44632,4,0
7851,45007,3,0
7852,47209,2,0
7853,47209,2,1
7849,49235,4,0
7861,4605,4,0
7859,5876,7,0
7857,12341,2,0
7857,14233,5,0
7858,14233,1,1
7860,14233,6,1
7856,14947,1,0
7858,14947,2,1
7859,14947,2,1
7861,16797,1,0
7862,21288,1,0
7856,21709,2,0
7857,21709,1,1
7858,21709,3,1
7859,21709,1,1
7858,21903,4,0
7860,21903,5,1
7860,22935,1,0
7857,24964,3,0
7860,24964,2,1
7857,26620,4,0
7859,26620,4,1
7856,27104,6,0
7857,28842,6,0
7858,30489,5,0
7856,35221,3,0
7859,35221,3,1
7861,35951,2,0
7856,43352,5,0
7859,43352,5,1
7856,44632,4,0
7860,45007,3,0
7861,45007,3,1
7859,46979,6,0
7862,47209,3,0
7862,49235,2,0
7860,49683,4,0
7866,10749,7,0
7865,14233,5,0
7866,14233,1,1
7864,14947,3,0
7866,14947,2,1
7865,16797,1,0
7865,21288,2,0
7866,21709,3,0
7866,24184,5,0
7865,24964,6,0
7864,26209,4,0
7866,34126,4,0
7865,35221,7,0
7864,35951,1,0
7865,39275,3,0
7864,43352,2,0
7865,43352,4,1
7866,47209,6,0
7874,5077,7,0
7872,8518,6,0
7871,10749,6,0
7869,13176,6,0
7868,14233,5,0
7871,14233,7,1
7873,14233,3,1
7874,16797,1,0
7871,17794,2,0
7874,18523,6,0
7873,21288,4,0
7874,21288,2,1
7868,21903,3,0
7869,21903,4,1
7870,21903,3,1
7872,21903,3,1
7873,22935,5,0
7871,24184,4,0
7868,24852,1,0
7870,24852,1,1
7872,24852,1,1
7868,27086,6,0
7871,27086,3,1
7869,27845,1,0
7871,27845,1,1
7873,27845,1,1
7872,27966,4,0
7873,27966,2,1
7869,28204,3,0
7868,35951,4,0
7874,39275,3,0
7874,43352,4,0
7868,44632,7,0
7873,44632,6,1
7874,44632,5,1
7869,47626,5,0
7872,47626,5,1
7868,47766,2,0
7870,47766,2,1
7872,47766,2,1
7869,49235,2,0
7871,49235,5,1
7878,196,4,0
7879,13176,2,0
7876,14233,4,0
7877,14233,2,1
7877,16797,4,0
7879,21137,1,0
7878,21903,3,0
7878,24852,1,0
7876,34126,2,0
7878,35221,5,0
7876,35951,3,0
7877,40706,1,0
7876,43154,1,0
7879,43154,3,1
7877,43352,3,0
7878,47766,2,0
7882,196,4,0
7883,196,2,1
7881,10749,8,0
7881,12341,3,0
7881,16797,1,0
7882,16797,6,1
7887,16797,1,1
7887,21137,2,0
7881,21288,2,0
7885,21903,4,0
7887,21903,6,1
7887,22825,5,0
7883,22935,4,0
7882,24184,2,0
7884,24852,1,0
7885,24852,2,1
7884,26209,3,0
7881,27845,5,0
7885,27845,1,1
7887,27966,3,0
7882,28204,3,0
7883,28204,1,1
7885,28842,5,0
7881,30489,7,0
7883,31717,3,0
7887,35951,8,0
7886,39275,4,0
7887,39275,4,1
7881,39928,4,0
7886,39928,3,1
7884,40706,4,0
7882,43352,1,0
7884,44632,5,0
7886,44632,1,1
7886,45007,2,0
7887,47209,7,0
7881,47626,6,0
7882,47626,5,1
7884,47626,2,1
7886,47626,5,1
7884,47766,6,0
7885,47766,3,1
7893,6184,7,0
7893,8518,8,0
7892,10749,6,0
7891,12341,2,0
7893,14947,2,0
7894,14947,1,1
7890,16797,1,0
7892,16797,1,1
7890,21288,2,0
7891,21288,1,1
7892,21288,2,1
7893,21288,1,1
7890,21709,5,0
7893,21709,3,1
7894,21709,2,1
7889,24852,1,0
7893,26620,5,0
7892,27966,7,0
7889,30489,2,0
7889,34126,3,0
7892,34126,5,1
7893,35221,4,0
7894,35221,3,1
7891,35951,3,0
7890,39275,3,0
7892,39275,3,1
7894,39275,5,1
7890,43352,4,0
7892,43352,4,1
7894,44632,4,0
7893,47209,6,0
7894,49683,6,0
7900,5876,7,0
7901,6184,4,0
7899,14233,5,0
7899,14947,2,0
7900,14947,1,1
7900,21709,2,0
7897,21903,3,0
7901,21903,2,1
7901,22825,1,0
7899,24184,4,0
7896,24852,1,0
7897,24852,1,1
7896,26209,3,0
7898,27845,1,0
7901,27845,6,1
7896,27966,6,0
7901,28204,5,0
7896,28842,4,0
7900,31717,6,0
7900,35221,3,0
7896,37710,5,0
7899,39275,1,0
7897,43352,4,0
7900,44632,4,0
7901,44632,7,1
7898,47209,2,0
7896,47626,2,0
7897,47766,2,0
7900,47766,5,1
7898,49235,3,0
7899,49235,3,1
7900,49683,8,0
7901,49683,3,1
7906,5876,6,0
7907,5876,2,1
7906,13176,2,0
7905,14233,3,0
7907,14233,8,1
7903,16797,1,0
7905,16797,5,1
7903,21137,2,0
7906,21137,3,1
7904,21288,1,0
7906,21288,1,1
7907,21709,7,0
7905,21903,8,0
7906,21903,5,1
7907,22935,4,0
7907,24852,1,0
7904,24964,3,0
7905,24964,4,1
7905,27845,2,0
7903,27966,3,0
7905,27966,7,1
7906,28204,8,0
7906,37710,7,0
7903,39275,4,0
7903,43154,5,0
7905,43154,1,1
7907,43154,3,1
7904,45007,2,0
7906,47209,4,0
7907,47209,5,1
7907,47766,6,0
7905,49235,6,0
7910,196,4,0
7911,196,1,1
7912,5077,2,0
7915,5876,3,0
7912,13176,5,0
7914,13176,1,1
7910,16797,3,0
7910,21137,5,0
7914,21137,2,1
7909,21288,5,0
7915,21288,2,1
7915,21709,6,0
7913,24184,2,0
7915,24184,7,1
7909,24852,1,0
7915,24852,4,1
7909,26209,3,0
7912,26209,6,1
7909,26620,4,0
7915,26620,1,1
7912,27086,3,0
7913,27086,1,1
7910,27845,1,0
7912,27845,1,1
7911,27966,2,0
7910,28204,2,0
7914,28842,4,0
7915,28842,8,1
7913,30489,3,0
7915,31717,5,0
7909,35221,6,0
7912,35951,4,0
7911,43352,3,0
7909,45007,7,0
7911,47209,4,0
7914,47209,3,1
7909,47626,2,0
7918,4605,4,0
7919,5876,2,0
7921,6184,7,0
7923,6184,4,1
7918,12341,6,0
7920,12341,5,1
7918,14233,2,0
7920,14947,1,0
7921,14947,3,1
7925,14947,1,1
7919,16797,4,0
7922,16797,2,1
7924,16797,2,1
7920,18523,8,0
7921,18523,8,1
7919,21137,6,0
7920,21137,6,1
7922,21137,3,1
7924,21137,3,1
7920,21709,2,0
7921,21709,2,1
7922,21709,1,1
7925,21709,2,1
7923,21903,3,0
7917,22935,1,0
7918,24852,7,0
7920,24852,7,1
7923,24852,1,1
7917,24964,2,0
7918,26209,1,0
7920,26620,4,0
7919,27845,1,0
7921,27845,1,1
7924,27845,1,1
7918,27966,3,0
7922,27966,4,1
7923,27966,7,1
7924,27966,4,1
7923,30489,5,0
7920,35221,3,0
7921,35221,4,1
7925,35221,3,1
7922,39275,5,0
7924,39275,5,1
7919,39928,5,0
7921,39928,6,1
7923,43154,6,0
7921,44632,5,0
7925,44632,4,1
7917,45007,3,0
7921,46979,9,0
7918,47766,5,0
7923,47766,2,1
7917,49683,4,0
7919,49683,3,1
7927,5077,2,0
7929,5876,5,0
7928,12341,3,0
7930,14233,7,0
7929,14947,1,0
7931,14947,2,1
7928,18523,2,0
7927,21288,4,0
7929,21709,2,0
7930,21709,1,1
7931,21709,3,1
7930,22935,2,0
7930,24852,9,0
7931,24852,7,1
7930,24964,3,0
7931,26620,5,0
7927,27086,3,0
7928,27086,1,1
7927,27104,6,0
7927,27845,1,0
7931,27845,1,1
7928,28842,4,0
7929,35221,3,0
7930,35221,6,1
7931,35221,4,1
7927,37710,5,0
7929,44632,4,0
7930,45007,4,0
7931,47626,6,0
7930,47766,8,0
7930,49683,5,0
7933,5077,2,0
7934,5077,2,1
7934,8518,8,0
7937,10749,2,0
7937,13176,5,0
7935,14947,1,0
7934,16797,3,0
7936,16797,1,1
7934,21288,6,0
7937,21288,3,1
7935,21709,2,0
7936,21903,4,0
7937,21903,4,1
7938,24852,1,0
7933,27086,3,0
7936,27104,2,0
7933,27845,1,0
7936,27966,3,0
7934,35221,4,0
7935,35221,3,1
7938,39275,2,0
7934,43154,7,0
7935,44632,4,0
7936,44632,5,1
7937,46979,1,0
7934,47209,1,0
7934,47626,5,0
7938,47626,3,1
7940,196,5,0
7943,13176,1,0
7940,14233,6,0
7942,14947,2,0
7943,14947,4,1
7940,16797,3,0
7942,17794,4,0
7943,21137,2,0
7941,21903,4,0
7943,22935,6,0
7940,24852,4,0
7941,24852,2,1
7941,27845,1,0
7943,35221,7,0
7942,37710,3,0
7940,43154,1,0
7940,44632,2,0
7940,45007,7,0
7943,47209,3,0
7941,47766,3,0
7943,47766,5,1
7942,49235,1,0
7949,5077,2,0
7948,5876,6,0
7949,8518,7,0
7946,13176,7,0
7950,13176,3,1
7946,14233,2,0
7946,14947,3,0
7948,14947,1,1
7949,14947,4,1
7947,16797,3,0
7948,16797,5,1
7950,16797,8,1
7949,18523,5,0
7947,21137,2,0
7950,21137,4,1
7946,21709,4,0
7948,21709,2,1
7950,21709,1,1
7945,21903,3,0
7946,22935,8,0
7945,24852,1,0
7946,24852,6,1
7946,26620,5,0
7948,26620,4,1
7949,27086,3,0
7950,27086,2,1
7946,27845,1,0
7947,27845,1,1
7949,27845,1,1
7949,27966,6,0
7948,35221,3,0
7948,37710,7,0
7950,39275,7,0
7950,40706,6,0
7950,47209,5,0
7945,47766,2,0
7947,47766,4,1
7956,5876,2,0
7954,12341,5,0
7956,12341,1,1
7955,13176,5,0
7952,14233,5,0
7952,16797,1,0
7954,16797,1,1
7952,21137,2,0
7953,21137,8,1
7953,21288,1,0
7954,21288,2,1
7955,21288,1,1
7956,21288,4,1
7955,21903,4,0
7953,22935,2,0
7956,24184,3,0
7955,24852,2,0
7953,24964,3,0
7955,27086,8,0
7952,27966,3,0
7953,27966,6,1
7955,28842,7,0
7953,35221,9,0
7952,39275,4,0
7953,39275,7,1
7954,39275,3,1
7954,43352,4,0
7953,45007,4,0
7955,47766,3,0
7955,49235,6,0
7953,49683,5,0
7959,14947,1,0
7958,21137,7,0
7959,21709,2,0
7960,21709,1,1
7959,21903,5,0
7960,21903,4,1
7958,22935,1,0
7960,22935,2,1
7958,24964,2,0
7960,24964,5,1
7959,26620,4,0
7958,27845,6,0
7958,27966,5,0
7960,30489,3,0
7959,31717,8,0
7959,35221,3,0
7960,35221,6,1
7958,45007,3,0
7959,45007,6,1
7959,47766,7,0
7958,49683,4,0
7967,5077,2,0
7966,5876,1,0
7962,6184,4,0
7965,12341,2,0
7963,14233,1,0
7965,14233,1,1
7966,14233,4,1
7967,14233,4,1
7967,17794,1,0
7962,21903,3,0
7963,21903,3,1
7965,22825,3,0
7964,22935,1,0
7962,24852,1,0
7964,24964,2,0
7965,24964,6,1
7966,26209,3,0
7966,26620,2,0
7965,28842,5,0
7967,40706,5,0
7966,43352,5,0
7962,45007,5,0
7963,45007,2,1
7964,45007,3,1
7965,45007,4,1
7967,47209,3,0
7962,47766,2,0
7964,49683,4,0
7969,5077,3,0
7975,5077,2,1
7973,13176,1,0
7969,14233,1,0
7970,14233,3,1
7973,21137,2,0
7974,21137,1,1
7974,21288,5,0
7969,24184,5,0
7974,24184,7,1
7970,24964,4,0
7974,26209,3,0
7975,26209,4,1
7969,27086,2,0
7971,27086,3,1
7975,27086,3,1
7971,27104,4,0
7975,27845,1,0
7969,28204,4,0
7972,30489,2,0
7974,34126,4,0
7971,35221,5,0
7971,37710,6,0
7970,39928,1,0
7971,40706,2,0
7970,43154,2,0
7974,43352,6,0
7969,44632,6,0
7972,45007,4,0
7972,46979,3,0
7972,47209,1,0
7973,47209,3,1
7970,47626,5,0
7971,47626,1,1
7972,47766,5,0
7974,47766,2,1
7982,5876,8,0
7982,13176,6,0
7985,13176,1,1
7978,14233,4,0
7981,14233,1,1
7981,14947,2,0
7978,16797,6,0
7979,16797,1,1
7983,16797,2,1
7977,17794,3,0
7983,21137,1,0
7985,21137,2,1
7979,21288,2,0
7980,21288,1,1
7978,21709,7,0
7981,21709,3,1
7982,21709,1,1
7980,21903,4,0
7977,22935,5,0
7980,24852,2,0
7982,24852,2,1
7981,24964,4,0
7982,26209,4,0
7984,26209,2,1
7979,27086,5,0
7978,27104,1,0
7978,27845,2,0
7980,27845,5,1
7981,27966,5,0
7982,27966,5,1
7983,27966,3,1
7984,28204,3,0
7984,28842,1,0
7980,37710,7,0
7977,39275,2,0
7979,39275,3,1
7980,39275,6,1
7983,39275,4,1
7978,40706,3,0
7978,43352,5,0
7979,43352,4,1
7985,43352,4,1
7982,44632,7,0
7985,44632,5,1
7985,47209,3,0
7982,47626,3,0
7977,47766,4,0
7980,47766,3,1
7977,49235,1,0
7979,49235,6,1
7984,49235,4,1
7990,5077,3,0
7987,5876,5,0
7988,6184,2,0
7988,13176,5,0
7991,14233,1,0
7989,14947,1,0
7991,14947,2,1
7987,16797,1,0
7987,18523,8,0
7987,21288,2,0
7989,21709,2,0
7990,21709,1,1
7991,21709,3,1
7988,21903,4,0
7989,26620,4,0
7988,27086,3,0
7990,27086,4,1
7990,27845,2,0
7990,27966,5,0
7988,28204,1,0
7989,35221,3,0
7987,39275,3,0
7987,39928,7,0
7990,40706,8,0
7987,43352,4,0
7990,45007,6,0
7990,47209,7,0
7987,49683,6,0
7996,5077,3,0
7993,5876,5,0
7994,8518,5,0
7993,12341,4,0
7995,13176,7,0
7993,16797,1,0
7994,16797,1,1
7994,21137,2,0
7996,21137,1,1
7995,21288,1,0
7995,21709,4,0
7993,26209,2,0
7995,26209,6,1
7996,27086,4,0
7996,27845,2,0
7994,27966,3,0
7995,27966,8,1
7996,35221,6,0
7994,39275,4,0
7995,44632,9,0
7994,45007,6,0
7995,45007,2,1
7995,47626,3,0
7995,47766,5,0
7996,47766,5,1
7993,49235,3,0
8002,4605,5,0
8002,5077,6,0
8003,12341,8,0
8000,13176,5,0
8003,13176,7,1
7999,14947,1,0
8002,16797,1,0
8004,16797,1,1
8001,18523,5,0
8004,18523,4,1
8001,21137,1,0
8002,21137,2,1
8004,21137,3,1
8003,21288,1,0
7999,21709,2,0
8000,21709,1,1
8000,21903,4,0
8003,21903,5,1
7999,22935,5,0
7999,24852,6,0
8000,24852,2,1
8003,24852,3,1
7999,26620,4,0
8003,27086,2,0
8004,27086,2,1
7998,27104,1,0
8001,27104,6,1
8002,27966,3,0
8002,28204,7,0
7998,30489,3,0
7998,31717,5,0
7999,35221,3,0
8000,35221,6,1
8001,35221,2,1
8000,39275,7,0
8002,39275,4,1
8003,39275,6,1
7998,40706,4,0
8001,40706,4,1
8002,40706,8,1
7999,47209,7,0
8001,47626,3,0
8000,47766,3,0
8003,47766,4,1
7998,49235,2,0
8008,196,2,0
8013,196,2,1
8008,4605,6,0
8012,4605,4,1
8009,5077,6,0
8011,8518,4,0
8012,13176,2,0
8009,14947,4,0
8013,17794,3,0
8012,21288,5,0
8006,21709,5,0
8010,21709,2,1
8006,21903,3,0
8007,21903,3,1
8009,21903,3,1
8006,24852,1,0
8007,24852,1,1
8009,24852,1,1
8010,24852,4,1
8008,26209,3,0
8008,26620,5,0
8010,27086,3,0
8008,27845,1,0
8010,27845,1,1
8011,27845,1,1
8013,27845,1,1
8008,28204,4,0
8009,30489,5,0
8011,31717,5,0
8011,35951,2,0
8006,39275,4,0
8012,39275,3,1
8006,43154,6,0
8010,45007,5,0
8006,47766,2,0
8007,47766,2,1
8009,47766,2,1
8006,49235,7,0
8011,49683,3,0
8012,49683,1,1
8017,196,5,0
8020,196,8,1
8015,14233,2,0
8021,14233,8,1
8022,14947,4,0
8018,16797,1,0
8020,16797,3,1
8018,21137,2,0
8019,21137,1,1
8020,21137,4,1
8023,21137,3,1
8017,21288,6,0
8021,21288,1,1
8023,21709,2,0
8015,21903,1,0
8022,21903,3,1
8021,22825,6,0
8021,22935,2,0
8016,24852,2,0
8022,24852,1,1
8021,24964,3,0
8015,26209,3,0
8019,26209,6,1
8020,26620,5,0
8017,27845,1,0
8023,27845,1,1
8017,27966,4,0
8018,27966,3,1
8023,27966,4,1
8019,30489,4,0
8017,34126,2,0
8016,35221,3,0
8015,35951,4,0
8017,39275,3,0
8018,39275,4,1
8021,39275,7,1
8018,43352,5,0
8019,43352,2,1
8020,43352,6,1
8020,45007,7,0
8021,45007,4,1
8016,46979,1,0
8019,47209,3,0
8020,47626,2,0
8020,47766,1,0
8022,47766,2,1
8019,49683,5,0
8021,49683,5,1
8025,6184,4,0
8026,10749,6,0
8028,13176,2,0
8027,14947,1,0
8028,21137,3,0
8027,21709,2,0
8028,21709,1,1
8025,21903,3,0
8026,22935,5,0
8026,24184,4,0
8025,24852,1,0
8027,26620,4,0
8026,30489,2,0
8026,31717,1,0
8028,31717,5,1
8025,35221,6,0
8027,35221,3,1
8026,44632,3,0
8028,47209,4,0
8025,47626,5,0
8025,47766,2,0
8033,196,3,0
8032,4605,4,0
8036,8518,7,0
8033,12341,8,0
8035,12341,6,1
8036,12341,6,1
8033,14233,4,0
8034,14233,2,1
8030,14947,1,0
8033,14947,7,1
8034,14947,3,1
8036,14947,2,1
8030,16797,5,0
8035,16797,4,1
8033,17794,5,0
8032,21137,5,0
8031,21288,2,0
8036,21288,1,1
8030,21709,2,0
8031,21709,1,1
8034,21709,1,1
8036,21709,3,1
8031,21903,5,0
8034,22935,5,0
8035,22935,3,1
8030,24852,6,0
8031,24852,3,1
8035,26209,1,0
8036,26620,5,0
8035,27845,8,0
8031,27966,8,0
8032,30489,2,0
8030,35221,3,0
8031,35221,7,1
8036,35221,4,1
8033,35951,2,0
8032,37710,3,0
8033,37710,6,1
8033,39275,1,0
8034,40706,4,0
8035,43352,7,0
8030,44632,4,0
8035,44632,2,1
8032,45007,1,0
8035,47626,5,0
8031,47766,4,0
8031,49235,6,0
8040,5876,4,0
8045,5876,4,1
8044,6184,5,0
8038,13176,1,0
8039,14233,10,0
8038,14947,2,0
8040,14947,2,1
8043,14947,1,1
8038,16797,6,0
8039,16797,3,1
8041,16797,1,1
8045,18523,1,0
8039,21137,1,0
8040,21137,3,1
8038,21288,4,0
8039,21288,4,1
8042,21288,1,1
8039,21709,2,0
8043,21709,2,1
8044,21903,4,0
8042,22935,2,0
8044,22935,1,1
8045,22935,5,1
8042,24184,6,0
8044,24852,6,0
8042,24964,3,0
8043,26620,4,0
8039,27104,8,0
8039,27845,9,0
8039,27966,7,0
8045,27966,3,1
8041,28842,2,0
8043,35221,3,0
8039,39275,5,0
8038,39928,5,0
8039,43352,6,0
8045,44632,2,0
8042,45007,4,0
8038,47209,3,0
8044,47209,3,1
8040,47626,5,0
8041,47626,3,1
8044,49235,2,0
8040,49683,1,0
8042,49683,5,1
8048,4605,7,0
8051,5077,3,0
8052,5876,6,0
8047,12341,3,0
8048,12341,4,1
8049,13176,3,0
8048,16797,5,0
8050,16797,4,1
8050,21137,1,0
8051,21288,1,0
8047,21709,1,0
8047,21903,2,0
8048,21903,3,1
8047,22825,5,0
8052,22825,1,1
8048,24852,1,0
8050,24852,2,1
8052,24852,2,1
8050,24964,5,0
8051,26620,5,0
8051,27086,4,0
8052,27086,3,1
8049,27845,1,0
8051,27845,2,1
8047,27966,8,0
8050,27966,3,1
8049,34126,2,0
8047,37710,6,0
8052,39275,4,0
8048,40706,6,0
8047,44632,7,0
8052,44632,7,1
8047,45007,4,0
8050,47209,6,0
8052,47209,5,1
8048,47766,2,0
8052,47766,8,1
8056,8518,6,0
8055,13176,6,0
8054,14233,1,0
8054,14947,3,0
8055,14947,2,1
8056,21137,1,0
8055,21709,1,0
8057,21709,7,1
8055,21903,7,0
8056,22935,2,0
8057,22935,1,1
8056,24964,3,0
8057,24964,2,1
8054,26209,2,0
8055,28842,5,0
8054,35221,4,0
8055,35221,3,1
8057,43352,6,0
8055,44632,4,0
8054,45007,5,0
8056,45007,4,1
8057,45007,3,1
8057,46979,5,0
8056,49683,5,0
8057,49683,4,1
8062,4605,4,0
8066,5077,3,0
8062,6184,1,0
8064,8518,7,0
8059,13176,1,0
8060,13176,2,1
8061,14233,6,0
8066,14233,5,1
8063,14947,1,0
8065,14947,1,1
8060,17794,4,0
8059,21137,2,0
8060,21137,3,1
8063,21709,2,0
8064,21709,1,1
8065,21709,2,1
8066,21709,1,1
8063,22825,6,0
8064,22935,8,0
8061,24964,4,0
8063,26620,4,0
8064,26620,5,1
8061,27086,3,0
8064,27086,2,1
8066,27086,4,1
8062,27845,2,0
8066,27845,2,1
8062,28204,3,0
8063,28204,5,1
8061,30489,5,0
8062,34126,5,0
8063,35221,3,0
8064,35221,4,1
8065,35221,3,1
8064,37710,3,0
8061,44632,2,0
8065,44632,4,1
8063,45007,7,0
8064,45007,6,1
8059,47209,3,0
8060,49235,1,0
8061,49235,1,1
8068,13176,1,0
8070,13176,1,1
8071,13176,7,1
8069,14233,3,0
8072,14233,2,1
8073,14233,3,1
8072,14947,3,0
8074,14947,1,1
8075,16797,1,0
8068,21137,2,0
8070,21137,2,1
8072,21137,1,1
8072,21709,4,0
8074,21709,2,1
8073,22935,1,0
8069,24852,1,0
8071,24852,1,1
8072,24852,5,1
8073,24852,2,1
8069,26620,4,0
8071,28204,5,0
8069,34126,2,0
8074,35221,3,0
8071,43154,4,0
8074,44632,4,0
8075,45007,2,0
8071,46979,6,0
8068,47209,3,0
8070,47209,3,1
8071,47626,2,0
8068,47766,4,0
8074,47766,5,1
8071,49683,3,0
8081,4605,1,0
8082,4605,4,1
8083,5077,2,0
8081,5876,3,0
8082,6184,6,0
8077,10749,3,0
8082,13176,1,0
8079,14947,2,0
8078,17794,2,0
8080,21137,5,0
8082,21137,2,1
8079,22935,1,0
8080,24964,2,0
8080,26209,3,0
8083,27086,3,0
8077,27845,1,0
8081,27845,2,1
8083,27845,1,1
8080,27966,4,0
8077,28204,2,0
8082,40706,5,0
8081,43154,4,0
8079,47209,4,0
8082,47209,3,1
8078,47626,1,0
8080,47626,1,1
8081,47626,5,1
8077,47766,4,0
8079,49235,3,0
8090,5876,4,0
8085,14233,3,0
8089,14947,2,0
8091,14947,1,1
8085,16797,4,0
8092,16797,2,1
8087,17794,5,0
8088,21137,4,0
8090,21288,6,0
8092,21288,3,1
8090,21709,1,0
8091,21709,2,1
8092,21709,1,1
8089,21903,4,0
8087,22935,1,0
8090,22935,3,1
8087,24184,6,0
8085,24852,5,0
8088,24852,1,1
8087,24964,2,0
8088,26209,3,0
8093,26209,1,1
8085,26620,1,0
8085,27845,2,0
8089,27845,1,1
8090,27845,5,1
8089,27966,3,0
8092,27966,6,1
8085,28842,7,0
8091,35221,3,0
8092,39275,4,0
8092,43352,5,0
8093,43352,2,1
8086,44632,3,0
8091,44632,4,1
8087,45007,3,0
8085,47209,6,0
8090,47209,2,1
8086,47626,2,0
8088,47626,2,1
8086,49683,1,0
8087,49683,4,1
8095,4605,2,0
8095,13176,3,0
8100,13176,1,1
8097,16797,1,0
8098,18523,3,0
8096,21137,1,0
8097,21137,2,1
8100,21137,2,1
8096,21288,2,0
8096,21903,5,0
8097,22825,5,0
8099,22935,1,0
8099,24964,2,0
8097,27966,3,0
8095,31717,1,0
8097,39275,4,0
8098,39928,1,0
8099,40706,6,0
8099,44632,5,0
8099,45007,3,0
8096,47209,4,0
8098,47209,4,1
8100,47209,3,1
8095,47626,5,0
8096,47626,3,1
8095,47766,4,0
8098,49683,2,0
8099,49683,4,1
8106,196,7,0
8107,5077,2,0
8103,6184,1,0
8102,12341,3,0
8108,12341,1,1
8103,13176,4,0
8105,13176,5,1
8103,16797,2,0
8106,21288,5,0
8108,21709,2,0
8106,21903,4,0
8102,24852,1,0
8104,24852,1,1
8105,24852,2,1
8106,24852,2,1
8104,26209,3,0
8105,26209,4,1
8102,26620,4,0
8107,27086,3,0
8106,27104,8,0
8103,27845,3,0
8105,27845,1,1
8106,27845,1,1
8107,27845,1,1
8106,27966,6,0
8108,27966,3,1
8108,30489,4,0
8105,31717,6,0
8105,39275,8,0
8107,39928,5,0
8104,45007,5,0
8107,47209,4,0
8102,47626,5,0
8104,47626,2,1
8105,47626,3,1
8102,47766,2,0
8103,47766,5,1
8106,47766,3,1
8104,49683,4,0
8105,49683,7,1
8114,4605,8,0
8111,5077,4,0
8112,6184,3,0
8110,14947,1,0
8114,16797,2,0
8113,18523,4,0
8114,21288,3,0
8110,21709,2,0
8111,21709,1,1
8112,21709,4,1
8113,21903,3,0
8112,22935,2,0
8111,24852,2,0
8113,24852,1,1
8111,26209,3,0
8112,27845,1,0
8113,27845,5,1
8114,27845,1,1
8110,35221,3,0
8111,35221,6,1
8114,39275,4,0
8111,43352,5,0
8114,43352,5,1
8110,44632,4,0
8113,44632,6,1
8113,46979,7,0
8113,47766,2,0
8114,47766,7,1
8114,49683,6,0
8117,196,4,0
8118,6184,5,0
8119,10749,3,0
8119,13176,2,0
8121,13176,2,1
8122,13176,1,1
8123,13176,7,1
8117,14233,1,0
8117,14947,2,0
8116,16797,5,0
8122,16797,5,1
8123,16797,1,1
8120,21137,1,0
8122,21137,2,1
8123,21288,2,0
8117,21709,3,0
8121,21709,4,1
8120,21903,5,0
8119,22825,4,0
8116,24852,3,0
8118,24852,1,1
8120,24852,6,1
8116,24964,6,0
8121,24964,6,1
8116,26209,2,0
8118,26209,3,1
8120,26209,3,1
8116,27086,8,0
8119,27845,1,0
8121,27845,1,1
8116,28842,1,0
8123,28842,5,1
8122,30489,4,0
8121,35951,5,0
8123,39275,3,0
8119,43154,6,0
8118,43352,4,0
8119,43352,5,1
8123,43352,4,1
8118,44632,6,0
8120,44632,4,1
8120,45007,2,0
8121,45007,3,1
8122,45007,7,1
8122,46979,6,0
8116,47209,4,0
8122,47209,3,1
8118,47626,2,0
8123,47626,6,1
8119,47766,7,0
8119,49235,8,0
8116,49683,7,0
8120,49683,7,1
8130,196,7,0
8126,5876,6,0
8129,12341,7,0
8125,13176,1,0
8126,13176,3,1
8127,16797,3,0
8130,16797,2,1
8131,16797,2,1
8131,17794,1,0
8125,21137,2,0
8126,21137,2,1
8127,21137,1,1
8130,21137,3,1
8131,21137,3,1
8130,21709,8,0
8128,21903,3,0
8129,21903,5,1
8132,21903,3,1
8126,22825,8,0
8125,22935,7,0
8125,24852,4,0
8128,24852,1,1
8129,24852,1,1
8132,24852,1,1
8129,26209,3,0
8128,27086,4,0
8126,27845,1,0
8130,27845,1,1
8131,27845,5,1
8130,27966,4,0
8125,28842,5,0
8131,35221,4,0
8127,37710,2,0
8130,39275,5,0
8130,40706,9,0
8129,44632,6,0
8125,46979,6,0
8125,47209,3,0
8126,47209,4,1
8129,47209,4,1
8129,47626,2,0
8126,47766,7,0
8128,47766,2,1
8132,47766,2,1
8126,49683,5,0
8130,49683,6,1
8136,196,5,0
8139,196,2,1
8138,5077,4,0
8135,14947,2,0
8137,14947,1,1
8136,16797,6,0
8134,17794,6,0
8134,21137,4,0
8135,21709,3,0
8137,21709,2,1
8134,21903,3,0
8136,21903,3,1
8139,24184,3,0
8134,24852,1,0
8136,24964,1,0
8134,26620,5,0
8138,26620,2,1
8139,27086,1,0
8137,27104,6,0
8135,27845,1,0
8136,27966,2,0
8137,27966,7,1
8135,35221,4,0
8137,35221,3,1
8138,39275,1,0
8138,40706,3,0
8135,44632,5,0
8137,44632,4,1
8136,45007,4,0
8134,47766,2,0
8137,47766,5,1
8141,5077,2,0
8142,13176,2,0
8143,14947,5,0
8143,16797,4,0
8145,16797,1,1
8141,21137,4,0
8142,21137,3,1
8143,21137,1,1
8144,21288,1,0
8145,21288,2,1
8142,22935,5,0
8143,22935,2,1
8144,24852,2,0
8142,24964,7,0
8144,26209,4,0
8141,27086,3,0
8142,27086,1,1
8141,27845,1,0
8143,27966,3,0
8145,39275,3,0
8143,43154,6,0
8145,43352,4,0
8145,44632,5,0
8142,47209,4,0
8144,47626,3,0
8142,47766,6,0
8148,5077,2,0
8149,5077,3,1
8150,5876,6,0
8151,6184,5,0
8147,8518,3,0
8148,14233,6,0
8151,14233,4,1
8153,16797,1,0
8150,21137,4,0
8153,21288,2,0
8154,21288,1,1
8149,21709,5,0
8151,21903,3,0
8152,21903,4,1
8154,21903,4,1
8148,24852,4,0
8150,24852,7,1
8151,24852,1,1
8152,24852,2,1
8154,24852,2,1
8149,26209,4,0
8154,26209,7,1
8154,26620,5,0
8148,27086,3,0
8149,27086,2,1
8150,27086,1,1
8148,27845,1,0
8149,27845,1,1
8152,27845,1,1
8147,27966,1,0
8150,28204,3,0
8147,34126,2,0
8154,35221,8,0
8153,39275,3,0
8150,40706,2,0
8153,43352,4,0
8147,44632,4,0
8150,46979,5,0
8151,47766,2,0
8152,47766,3,1
8154,47766,3,1
8148,49683,5,0
8154,49683,6,1
8157,5077,2,0
8163,5077,1,1
8156,5876,3,0
8160,8518,2,0
8156,12341,1,0
8157,12341,6,1
8158,14947,2,0
8159,14947,2,1
8163,14947,4,1
8160,16797,1,0
8161,16797,1,1
8162,17794,4,0
8161,21288,2,0
8158,21709,3,0
8159,21709,1,1
8156,21903,4,0
8164,22935,1,0
8162,24852,3,0
8164,24964,2,0
8162,26209,1,0
8158,26620,5,0
8159,26620,5,1
8157,27086,3,0
8158,27086,1,1
8159,27086,7,1
8157,27845,1,0
8162,27845,7,1
8162,27966,2,0
8156,28204,6,0
8158,35221,4,0
8159,35221,3,1
8156,39275,2,0
8157,39275,4,1
8161,39275,3,1
8162,39275,6,1
8164,39275,5,1
8161,43352,4,0
8159,44632,4,0
8163,45007,5,0
8164,45007,3,1
8163,46979,2,0
8157,47209,5,0
8163,47209,3,1
8162,47626,5,0
8156,49683,5,0
8159,49683,6,1
8164,49683,4,1
8169,4605,4,0
8170,4605,3,1
8172,4605,5,1
8172,5077,2,0
8169,10749,3,0
8166,12341,1,0
8166,13176,5,0
8167,13176,2,1
8168,14947,2,0
8171,14947,1,1
8173,14947,6,1
8173,16797,2,0
8173,17794,9,0
8167,21137,1,0
8168,21137,1,1
8170,21137,1,1
8173,21137,3,1
8169,21288,7,0
8172,21288,6,1
8168,21709,3,0
8169,21709,1,1
8171,21709,2,1
8169,22935,2,0
8169,26209,6,0
8172,27086,3,0
8173,27086,1,1
8172,27845,1,0
8166,27966,2,0
8169,27966,5,1
8173,27966,4,1
8172,31717,4,0
8168,35221,4,0
8171,35221,3,1
8172,37710,7,0
8173,39275,5,0
8168,44632,5,0
8171,44632,4,1
8170,45007,2,0
8171,45007,5,1
8166,47209,3,0
8167,47209,3,1
8173,47209,7,1
8166,49683,4,0
8173,49683,8,1
8178,4605,7,0
8175,5077,2,0
8177,21903,1,0
8177,22935,2,0
8178,22935,1,1
8175,24184,4,0
8176,24964,3,0
8178,24964,2,1
8175,27086,3,0
8176,27086,1,1
8178,27086,6,1
8175,27845,1,0
8175,27966,5,0
8178,45007,3,0
8176,47626,2,0
8178,49235,5,0
8178,49683,4,0
8182,196,2,0
8183,196,3,1
8183,8518,4,0
8181,14947,1,0
8180,16797,1,0
8180,21288,2,0
8182,21288,3,1
8181,21709,2,0
8183,22935,2,0
8183,24852,1,0
8181,26620,4,0
8180,28842,5,0
8183,34126,5,0
8181,35221,3,0
8180,39275,3,0
8182,39275,1,1
8180,40706,7,0
8180,43352,4,0
8180,47626,6,0
8183,47626,6,1
8182,47766,4,0
8186,196,3,0
8186,5876,4,0
8187,13176,1,0
8185,14233,6,0
8185,14947,1,0
8187,21137,2,0
8189,21288,5,0
8185,21709,2,0
8186,21709,1,1
8186,21903,5,0
8189,22935,1,0
8187,24852,4,0
8188,24852,2,1
8189,24964,2,0
8188,26209,4,0
8186,27845,2,0
8188,27845,1,1
8185,35221,3,0
8185,43352,5,0
8185,44632,4,0
8189,45007,3,0
8187,47209,3,0
8188,47626,3,0
8187,49683,5,0
8189,49683,4,1
8195,196,4,0
8196,12341,5,0
8191,13176,5,0
8194,14947,1,0
8196,16797,1,0
8194,18523,5,0
8196,21137,2,0
8194,21288,6,0
8194,21709,2,0
8192,21903,3,0
8193,21903,4,1
8195,21903,3,1
8191,22935,1,0
8192,24852,1,0
8193,24852,2,1
8191,24964,2,0
8193,27845,1,0
8196,27966,3,0
8194,30489,7,0
8195,30489,1,1
8192,34126,4,0
8195,34126,6,1
8194,35221,3,0
8196,39275,4,0
8195,40706,7,0
8193,44632,5,0
8194,44632,4,1
8191,45007,3,0
8195,45007,5,1
8192,47766,2,0
8193,47766,3,1
8193,49235,6,0
8194,49235,8,1
8195,49235,2,1
8191,49683,4,0
8196,49683,6,1
8205,196,1,0
8198,5077,5,0
8198,5876,6,0
8203,5876,1,1
8200,8518,5,0
8200,13176,1,0
8202,13176,1,1
8205,13176,4,1
8201,14947,2,0
8202,17794,4,0
8205,17794,5,1
8200,21137,2,0
8201,21137,1,1
8202,21137,2,1
8205,21137,2,1
8198,21709,3,0
8201,21709,3,1
8205,21709,3,1
8199,21903,6,0
8201,21903,7,1
8198,22935,4,0
8199,22935,1,1
8199,24964,2,0
8198,26209,1,0
8199,27845,7,0
8203,27845,4,1
8201,35221,4,0
8204,35221,1,1
8199,39275,5,0
8204,39275,3,1
8203,39928,2,0
8201,40706,6,0
8204,43352,2,0
8200,44632,4,0
8201,44632,5,1
8205,44632,6,1
8199,45007,3,0
8200,47209,3,0
8202,47209,3,1
8203,47209,3,1
8198,47626,2,0
8199,49683,4,0
8211,5876,5,0
8210,6184,4,0
8208,10749,6,0
8211,12341,7,0
8208,13176,1,0
8209,13176,2,1
8211,13176,6,1
8207,14233,1,0
8207,14947,2,0
8210,14947,5,1
8212,14947,1,1
8213,14947,2,1
8208,21137,2,0
8210,21137,1,1
8207,21709,3,0
8211,21709,1,1
8212,21709,2,1
8213,21709,1,1
8211,21903,4,0
8209,22825,3,0
8208,24852,5,0
8211,24852,2,1
8209,24964,4,0
8210,24964,2,1
8210,26620,3,0
8208,27104,4,0
8213,27104,5,1
8209,27845,1,0
8208,28842,7,0
8210,30489,6,0
8213,30489,6,1
8211,35221,8,0
8212,35221,3,1
8213,35221,3,1
8212,44632,4,0
8213,44632,4,1
8208,47209,3,0
8211,47766,3,0
8216,4605,7,0
8219,5077,2,0
8216,8518,5,0
8218,14233,5,0
8220,14233,4,1
8215,14947,1,0
8215,21709,2,0
8216,21903,6,0
8217,21903,5,1
8220,21903,3,1
8217,22935,1,0
8218,22935,1,1
8216,24184,4,0
8216,24852,8,0
8219,24852,4,1
8217,24964,2,0
8218,24964,2,1
8215,26209,5,0
8216,27086,2,0
8219,27086,3,1
8219,27845,1,0
8220,27845,1,1
8215,35221,3,0
8216,35951,3,0
8217,43154,7,0
8215,44632,4,0
8220,44632,6,1
8216,45007,1,0
8217,45007,3,1
8218,45007,3,1
8220,46979,5,0
8220,47209,2,0
8217,47766,6,0
8218,49235,6,0
8217,49683,4,0
8218,49683,4,1
8226,5077,6,0
8224,14947,1,0
8226,14947,1,1
8224,17794,5,0
8222,21137,5,0
8223,21709,3,0
8224,21709,2,1
8225,21709,1,1
8226,21709,2,1
8224,21903,6,0
8225,22825,3,0
8222,24964,4,0
8223,27966,4,0
8222,28204,1,0
8225,31717,4,0
8223,35221,2,0
8224,35221,3,1
8226,35221,3,1
8224,44632,4,0
8226,44632,4,1
8225,45007,2,0
8225,46979,5,0
8222,47626,2,0
8222,49683,3,0
8223,49683,1,1
8226,49683,5,1
8236,4605,4,0
8235,5077,2,0
8229,5876,6,0
8230,5876,5,1
8233,8518,3,0
8228,14947,3,0
8230,14947,1,1
8234,14947,1,1
8231,16797,4,0
8228,21137,6,0
8229,21137,2,1
8233,21137,1,1
8230,21288,6,0
8229,21709,5,0
8230,21709,2,1
8232,21709,1,1
8234,21709,2,1
8236,21709,5,1
8228,21903,5,0
8231,21903,3,1
8236,21903,1,1
8232,22935,2,0
8228,24852,4,0
8231,24852,1,1
8228,24964,2,0
8234,24964,5,1
8236,26209,6,0
8234,26620,4,0
8236,26620,2,1
8235,27086,3,0
8236,27086,3,1
8229,27845,1,0
8235,27845,1,1
8233,28842,4,0
8234,30489,6,0
8230,35221,3,0
8234,35221,3,1
8233,37710,5,0
8228,39275,1,0
8229,39275,3,1
8230,44632,4,0
8233,47626,2,0
8229,47766,4,0
8231,47766,2,1
8238,196,8,0
8243,196,2,1
8239,5876,3,0
8239,10749,4,0
8240,12341,5,0
8242,14233,1,0
8238,14947,1,0
8241,14947,2,1
8242,14947,2,1
8242,16797,4,0
8243,16797,3,1
8245,16797,3,1
8238,17794,7,0
8242,21137,5,0
8243,21288,1,0
8238,21709,2,0
8241,21709,3,1
8242,21709,3,1
8241,21903,6,0
8241,22825,9,0
8241,22935,8,0
8244,22935,1,1
8240,24852,2,0
8243,24852,4,1
8244,24852,2,1
8245,24852,4,1
8238,26620,4,0
8241,26620,5,1
8242,26620,6,1
8245,27104,5,0
8241,27845,1,0
8245,27845,1,1
8239,27966,2,0
8240,28842,4,0
8238,35221,3,0
8240,35221,3,1
8241,35221,4,1
8245,35221,2,1
8241,37710,7,0
8244,39928,3,0
8238,40706,6,0
8240,45007,1,0
8238,47209,5,0
8239,47209,1,1
8244,47209,5,1
8244,49235,4,0
8252,5077,2,0
8249,5876,5,0
8253,5876,6,1
8252,10749,5,0
8248,12341,7,0
8247,14947,1,0
8250,14947,1,1
8251,14947,1,1
8248,16797,4,0
8253,16797,2,1
8253,21137,3,0
8254,21137,4,1
8255,21137,3,1
8249,21288,1,0
8250,21288,5,1
8254,21288,1,1
8247,21709,2,0
8248,21709,1,1
8250,21709,2,1
8251,21709,2,1
8254,21903,6,0
8255,21903,2,1
8255,22825,4,0
8251,22935,8,0
8254,24852,3,0
8248,24964,5,0
8255,24964,1,1
8251,26209,5,0
8254,26209,2,1
8248,27086,6,0
8252,27086,3,1
8253,27086,1,1
8248,27845,2,0
8252,27845,1,1
8249,27966,3,0
8251,27966,7,1
8253,27966,4,1
8252,28204,4,0
8249,30489,4,0
8247,35221,3,0
8250,35221,3,1
8251,35221,3,1
8251,35951,6,0
8249,37710,6,0
8253,39275,5,0
8250,39928,6,0
8253,43154,7,0
8247,44632,4,0
8249,44632,2,1
8250,44632,4,1
8251,44632,4,1
8249,45007,7,0
8254,46979,5,0
8248,47209,3,0
8249,49235,8,0
8258,4605,2,0
8258,6184,1,0
8257,12341,2,0
8258,12341,4,1
8257,14947,5,0
8259,14947,1,1
8260,14947,1,1
8259,21709,2,0
8260,21709,2,1
8259,26620,5,0
8260,26620,4,1
8257,28842,1,0
8259,28842,6,1
8258,35221,3,0
8259,35221,3,1
8260,35221,3,1
8257,40706,4,0
8259,44632,4,0
8258,47766,5,0
8257,49235,3,0
8265,5077,6,0
8266,5077,3,1
8265,5876,8,0
8266,6184,4,0
8265,8518,1,0
8265,12341,3,0
8265,14233,5,0
8262,16797,1,0
8264,16797,2,1
8264,21137,3,0
8262,21288,2,0
8263,21903,3,0
8263,24852,1,0
8263,24964,4,0
8266,24964,5,1
8264,27845,1,0
8264,27966,4,0
8265,28204,4,0
8262,39275,3,0
8264,39275,5,1
8265,39275,2,1
8262,43352,4,0
8266,45007,2,0
8266,47209,1,0
8263,47766,2,0
8265,49683,7,0
8268,196,4,0
8271,5077,7,0
8270,5876,3,0
8270,13176,2,0
8269,14947,1,0
8271,14947,4,1
8269,16797,5,0
8272,16797,5,1
8270,21288,5,0
8269,21709,2,0
8270,21709,1,1
8272,24852,2,0
8272,26209,4,0
8271,26620,3,0
8272,27086,1,0
8271,27845,1,0
8272,27845,6,1
8268,31717,3,0
8269,35221,3,0
8268,35951,2,0
8271,37710,2,0
8271,43154,5,0
8269,44632,4,0
8271,44632,6,1
8268,47209,1,0
8270,47209,6,1
8272,47626,3,0
8270,49683,4,0
8277,8518,5,0
8274,13176,1,0
8274,14233,4,0
8275,14233,1,1
8278,14947,1,0
8276,16797,1,0
8274,21137,2,0
8276,21137,5,1
8276,21288,2,0
8278,21709,2,0
8277,22935,1,0
8277,24964,2,0
8277,27845,6,0
8275,27966,3,0
8276,27966,6,1
8275,28204,4,0
8278,35221,3,0
8276,39275,3,0
8275,40706,2,0
8278,43154,6,0
8276,43352,4,0
8278,44632,4,0
8277,45007,3,0
8274,47209,3,0
8278,47209,5,1
8277,47766,7,0
8277,49235,8,0
8277,49683,4,0
8282,8518,6,0
8281,14233,6,0
8284,14233,6,1
8282,14947,2,0
8283,14947,2,1
8282,17794,7,0
8284,17794,4,1
8283,21288,5,0
8282,21709,3,0
8283,21709,1,1
8284,21709,1,1
8280,24852,1,0
8281,24852,7,1
8281,26209,3,0
8280,26620,2,0
8282,26620,5,1
8281,27086,2,0
8282,27845,1,0
8283,27845,7,1
8280,27966,3,0
8283,27966,6,1
8284,28204,2,0
8282,35221,4,0
8283,35221,3,1
8281,39275,4,0
8281,40706,1,0
8284,43154,3,0
8283,44632,4,0
8281,45007,5,0
8282,49235,8,0
8284,49683,5,0
8294,196,4,0
8289,5077,2,0
8286,5876,4,0
8294,5876,5,1
8288,13176,6,0
8290,13176,2,1
8292,13176,1,1
8290,14233,6,0
8288,14947,1,0
8290,16797,5,0
8294,17794,3,0
8289,18523,5,0
8289,21137,1,0
8290,21137,3,1
8292,21137,2,1
8293,21137,1,1
8294,21137,2,1
8287,21288,1,0
8288,21709,2,0
8289,21709,3,1
8291,21903,3,0
8288,22935,8,0
8291,24852,1,0
8288,24964,7,0
8293,24964,3,1
8290,27086,1,0
8286,27845,2,0
8294,27966,1,0
8289,28204,4,0
8293,30489,4,0
8286,34126,1,0
8288,35221,3,0
8290,35221,7,1
8288,35951,5,0
8286,39275,3,0
8287,39275,3,1
8292,39275,4,1
8287,43154,2,0
8288,44632,4,0
8287,45007,4,0
8290,45007,8,1
8293,46979,6,0
8286,47209,5,0
8292,47209,3,1
8293,47209,2,1
8292,47626,5,0
8290,47766,4,0
8291,47766,2,1
8293,47766,5,1
8300,4605,8,0
8299,5077,2,0
8300,5077,6,1
8296,8518,3,0
8296,12341,4,0
8298,16797,2,0
8298,17794,8,0
8298,21137,3,0
8297,21288,4,0
8296,21903,2,0
8299,22935,4,0
8300,22935,2,1
8300,24184,7,0
8297,24852,1,0
8301,24852,3,1
8300,24964,3,0
8297,26209,3,0
8298,26620,6,0
8299,27086,3,0
8300,27086,1,1
8301,27086,1,1
8298,27845,1,0
8299,27845,1,1
8298,27966,4,0
8301,27966,2,1
8301,28842,5,0
8298,39275,5,0
8297,40706,5,0
8301,40706,4,1
8300,45007,4,0
8300,47209,9,0
8296,47626,1,0
8297,47626,2,1
8298,49235,7,0
8300,49683,5,0
8304,196,3,0
8304,5077,5,0
8307,5077,2,1
8304,6184,6,0
8311,6184,7,1
8308,8518,6,0
8306,10749,4,0
8311,10749,8,1
8303,13176,1,0
8307,13176,7,1
8304,14947,4,0
8303,21137,2,0
8304,21137,1,1
8308,21137,1,1
8306,21709,2,0
8309,21709,4,1
8303,21903,4,0
8309,21903,3,1
8310,21903,2,1
8311,22935,1,0
8308,24852,2,0
8309,24852,1,1
8311,24852,2,1
8307,24964,4,0
8310,24964,3,1
8308,26209,4,0
8311,26209,5,1
8306,26620,5,0
8305,27086,1,0
8307,27086,3,1
8307,27845,1,0
8310,27845,1,1
8309,28204,5,0
8311,28204,4,1
8309,31717,6,0
8311,35221,6,0
8305,35951,4,0
8307,37710,5,0
8305,40706,3,0
8308,40706,5,1
8309,44632,7,0
8303,47209,3,0
8304,47209,2,1
8306,47626,1,0
8308,47626,3,1
8310,47626,4,1
8309,47766,2,0
8311,47766,3,1
8307,49235,6,0
8305,49683,2,0
8306,49683,3,1
8320,5876,6,0
8316,13176,5,0
8320,13176,8,1
8320,14947,2,0
8321,14947,2,1
8314,16797,1,0
8319,16797,1,1
8320,16797,7,1
8317,21137,1,0
8321,21137,1,1
8314,21288,2,0
8315,21288,1,1
8319,21288,2,1
8320,21288,1,1
8320,21709,3,0
8321,21709,3,1
8315,21903,4,0
8319,22825,6,0
8313,22935,1,0
8316,24184,3,0
8315,24852,2,0
8317,24852,2,1
8318,24852,1,1
8313,24964,2,0
8316,24964,4,1
8317,26209,4,0
8318,26209,3,1
8319,26209,5,1
8316,27845,1,0
8319,27966,7,0
8314,30489,5,0
8320,35221,4,0
8321,35221,4,1
8314,39275,3,0
8319,39275,3,1
8317,40706,5,0
8314,43352,4,0
8315,43352,5,1
8319,43352,4,1
8316,44632,6,0
8320,44632,5,1
8321,44632,5,1
8313,45007,3,0
8315,47209,6,0
8317,47626,3,0
8318,47626,2,1
8315,47766,3,0
8316,47766,2,1
8313,49683,4,0
8323,5876,6,0
8325,5876,2,1
8323,16797,1,0
8326,16797,5,1
8323,21137,2,0
8325,21903,3,0
8326,21903,7,1
8326,22935,1,0
8324,24852,1,0
8326,24964,2,0
8324,26209,3,0
8325,26209,5,1
8325,27845,4,0
8326,27845,8,1
8323,27966,3,0
8323,39275,4,0
8325,40706,1,0
8323,44632,5,0
8326,45007,3,0
8324,47626,2,0
8326,49235,6,0
8325,49683,6,0
8326,49683,4,1
8330,5077,2,0
8331,8518,3,0
8329,13176,1,0
8331,13176,6,1
8332,13176,3,1
8333,14233,1,0
8333,14947,2,0
8328,16797,1,0
8332,21137,1,0
8328,21288,2,0
8332,21288,5,1
8331,21709,4,0
8333,21709,3,1
8331,21903,2,0
8332,22935,4,0
8328,24184,6,0
8330,24852,4,0
8329,27086,3,0
8330,27086,3,1
8331,27086,1,1
8330,27845,1,0
8328,37710,7,0
8328,39275,3,0
8329,39275,2,1
8328,39928,5,0
8328,43352,4,0
8328,47209,8,0
8333,47209,4,1
8331,47626,5,0
8332,47766,2,0
8335,196,1,0
8337,6184,4,0
8336,14947,1,0
8337,14947,2,1
8335,18523,2,0
8336,21709,2,0
8337,21709,1,1
8335,26620,4,0
8336,26620,4,1
8336,35221,3,0
8335,39275,3,0
8337,40706,3,0
8336,45007,5,0
8340,4605,5,0
8342,4605,6,1
8339,5077,6,0
8340,5876,7,0
8341,13176,1,0
8344,13176,1,1
8339,14947,1,0
8340,14947,2,1
8345,16797,1,0
8341,21137,2,0
8342,21137,4,1
8344,21137,2,1
8344,21288,4,0
8345,21288,2,1
8346,21288,1,1
8339,21709,2,0
8340,21709,1,1
8342,21903,3,0
8342,24852,1,0
8343,24852,1,1
8347,24852,4,1
8340,24964,8,0
8343,26209,3,0
8347,26209,1,1
8339,26620,4,0
8342,27086,5,0
8346,27086,2,1
8343,27845,5,0
8340,27966,6,0
8339,28204,7,0
8346,28842,3,0
8347,30489,2,0
8339,35221,3,0
8340,35221,3,1
8346,37710,4,0
8345,39275,3,0
8344,39928,5,0
8345,43352,4,0
8340,44632,4,0
8341,47209,3,0
8343,47209,4,1
8344,47209,3,1
8339,47626,5,0
8343,47626,2,1
8347,47626,3,1
8339,47766,8,0
8342,47766,2,1
8345,47766,5,1
8350,196,6,0
8353,196,7,1
8349,5077,5,0
8351,8518,2,0
8353,12341,4,0
8349,13176,1,0
8350,16797,2,0
8352,16797,1,1
8353,18523,6,0
8349,21137,2,0
8350,21137,1,1
8352,21137,2,1
8353,21288,1,0
8349,21709,7,0
8349,22935,6,0
8353,22935,5,1
8350,24852,8,0
8353,24852,8,1
8353,24964,2,0
8350,26620,7,0
8351,27086,3,0
8351,27845,1,0
8350,27966,3,0
8352,27966,3,1
8351,35951,6,0
8350,39275,4,0
8352,39275,4,1
8349,40706,4,0
8350,45007,5,0
8353,45007,3,1
8349,47209,3,0
8351,47626,4,0
8351,49683,5,0
8356,8518,7,0
8356,10749,1,0
8355,14947,4,0
8357,14947,1,1
8355,21288,5,0
8356,21709,5,0
8357,21709,2,1
8356,22935,4,0
8355,24964,1,0
8356,27845,6,0
8356,34126,3,0
8357,35221,3,0
8357,44632,4,0
8356,47626,2,0
8355,49235,3,0
8355,49683,2,0
8362,5077,6,0
8366,5077,2,1
8364,8518,4,0
8359,10749,6,0
8363,12341,8,0
8360,13176,1,0
8362,13176,3,1
8364,13176,3,1
8363,16797,2,0
8359,21137,5,0
8360,21137,2,1
8361,21137,1,1
8363,21137,3,1
8365,21137,1,1
8364,21288,1,0
8361,21903,3,0
8365,21903,4,1
8361,22825,4,0
8359,22935,3,0
8360,22935,5,1
8362,22935,5,1
8365,24852,2,0
8365,24964,5,0
8360,26209,4,0
8359,27086,8,0
8363,27086,1,1
8366,27086,3,1
8359,27845,4,0
8364,27845,2,1
8366,27845,1,1
8363,27966,4,0
8362,28204,4,0
8362,28842,2,0
8359,31717,7,0
8361,31717,2,1
8360,35221,6,0
8362,39275,1,0
8363,39275,5,1
8360,40706,7,0
8363,43154,7,0
8363,46979,6,0
8359,47209,2,0
8360,47209,3,1
8365,47766,3,0
8366,49235,4,0
8359,49683,1,0
8369,196,2,0
8368,4605,5,0
8375,5077,2,0
8369,5876,5,0
8372,5876,5,1
8372,14233,6,0
8372,14947,1,0
8374,14947,1,1
8368,16797,1,0
8371,16797,2,1
8373,18523,1,0
8368,21137,2,0
8371,21288,1,0
8372,21709,2,0
8374,21709,2,1
8374,21903,5,0
8373,24852,3,0
8372,26620,4,0
8370,27086,1,0
8375,27086,3,1
8375,27845,1,0
8368,27966,3,0
8370,27966,4,1
8369,28204,4,0
8368,31717,6,0
8372,35221,3,0
8374,35221,3,1
8373,35951,4,0
8368,39275,4,0
8370,39275,2,1
8373,39275,2,1
8374,39275,6,1
8369,39928,6,0
8370,43352,3,0
8374,44632,4,0
8375,45007,5,0
8369,47626,3,0
8372,47626,7,1
8375,49235,4,0
8369,49683,1,0
8377,5876,2,0
8379,10749,7,0
8377,13176,8,0
8377,14233,7,0
8378,14947,7,0
8378,16797,2,0
8378,21137,1,0
8379,21288,1,0
8377,21903,6,0
8378,21903,6,1
8379,24852,2,0
8379,26209,4,0
8379,27086,6,0
8379,27966,5,0
8378,31717,5,0
8378,35951,4,0
8377,40706,4,0
8377,43352,3,0
8378,44632,3,0
8377,47626,1,0
8379,47626,3,1
8378,47766,9,0
8378,49235,8,0
8377,49683,5,0
8381,6184,5,0
8384,12341,8,0
8381,13176,1,0
8385,13176,7,1
8383,14947,1,0
8384,16797,2,0
8381,21137,2,0
8384,21288,3,0
8385,21288,1,1
8383,21709,2,0
8384,21709,1,1
8385,22935,9,0
8385,24184,6,0
8385,24964,8,0
8383,26209,5,0
8385,26620,3,0
8385,28204,2,0
8381,30489,4,0
8383,35221,3,0
8384,39275,4,0
8385,40706,5,0
8384,43352,5,0
8382,44632,2,0
8383,44632,4,1
8384,45007,7,0
8381,47209,3,0
8382,47209,3,1
8382,47626,1,0
8385,47766,4,0
8381,49235,6,0
8384,49683,6,0
8387,13176,1,0
8388,13176,2,1
8389,14947,1,0
8387,21288,4,0
8389,21709,2,0
8389,22935,5,0
8388,27845,1,0
8389,35221,3,0
8388,37710,3,0
8388,39275,4,0
8387,43352,3,0
8389,44632,4,0
8387,47626,2,0
8393,14233,6,0
8393,14947,1,0
8392,16797,2,0
8392,21137,3,0
8393,21137,5,1
8393,21709,2,0
8391,21903,3,0
8391,24852,1,0
8392,27845,1,0
8392,27966,4,0
8393,31717,7,0
8393,35221,3,0
8392,39275,5,0
8392,40706,6,0
8393,44632,4,0
8391,47766,2,0
8396,196,3,0
8397,4605,6,0
8396,5077,4,0
8402,5077,2,1
8399,10749,6,0
8397,14233,4,0
8398,14947,2,0
8401,14947,2,1
8398,21709,3,0
8399,21709,1,1
8401,21709,3,1
8400,21903,3,0
8401,21903,7,1
8395,22935,1,0
8399,22935,2,1
8397,24852,1,0
8400,24852,1,1
8395,24964,2,0
8399,24964,3,1
8396,26209,2,0
8397,26209,3,1
8398,26620,5,0
8401,27086,6,0
8402,27086,3,1
8398,27845,1,0
8401,27845,1,1
8402,27845,1,1
8398,35221,4,0
8401,35221,4,1
8399,37710,7,0
8397,39928,5,0
8395,40706,6,0
8395,44632,5,0
8401,44632,5,1
8395,45007,3,0
8399,45007,4,1
8402,47209,4,0
8396,47626,5,0
8397,47626,2,1
8400,47766,2,0
8396,49235,1,0
8395,49683,4,0
8399,49683,5,1
8406,196,1,0
8408,196,5,1
8405,4605,6,0
8406,5077,3,0
8407,5876,2,0
8406,8518,6,0
8405,12341,7,0
8407,13176,5,0
8405,16797,1,0
8405,21137,2,0
8408,21137,1,1
8408,21709,3,0
8404,21903,3,0
8407,21903,1,1
8404,24852,1,0
8406,24852,4,1
8405,24964,5,0
8406,27845,2,0
8405,27966,3,0
8407,27966,6,1
8404,35221,4,0
8408,35221,4,1
8407,35951,4,0
8404,39275,7,0
8405,39275,4,1
8407,39275,3,1
8406,40706,5,0
8408,45007,2,0
8404,46979,6,0
8404,47626,5,0
8404,47766,2,0
8413,5077,2,0
8415,5077,3,1
8410,12341,5,0
8410,13176,1,0
8414,14947,1,0
8413,16797,4,0
8414,18523,2,0
8410,21137,2,0
8411,21288,3,0
8415,21709,1,0
8410,21903,6,0
8412,21903,3,1
8412,22935,1,0
8411,24964,2,0
8410,26209,7,0
8415,27086,4,0
8415,27845,2,0
8414,27966,4,0
8411,28204,4,0
8414,30489,3,0
8415,31717,5,0
8410,35951,4,0
8413,35951,3,1
8411,37710,1,0
8413,39275,1,0
8414,40706,6,0
8413,45007,5,0
8412,46979,2,0
8410,47209,3,0
8412,47209,4,1
8415,47766,6,0
8414,49235,5,0
8418,5876,8,0
8418,10749,5,0
8419,14233,1,0
8419,14947,2,0
8418,16797,1,0
8418,21288,2,0
8419,21709,3,0
8417,21903,3,0
8420,21903,3,1
8420,22825,4,0
8417,24852,1,0
8420,24852,1,1
8418,27845,7,0
8418,28842,6,0
8418,39275,3,0
8418,43352,4,0
8417,47766,2,0
8420,47766,2,1
8425,4605,1,0
8424,8518,5,0
8425,13176,4,0
8424,14947,1,0
8423,21137,3,0
8423,21709,6,0
8424,21709,2,1
8425,21903,6,0
8425,26620,3,0
8423,27086,2,0
8425,27966,5,0
8423,35221,5,0
8424,35221,3,1
8422,37710,3,0
8425,37710,2,1
8423,39275,1,0
8422,40706,1,0
8422,43154,2,0
8423,44632,7,0
8424,44632,4,1
8422,47209,4,0
8423,47209,4,1
8430,4605,5,0
8427,5876,1,0
8428,13176,6,0
8428,16797,1,0
8429,16797,1,1
8430,16797,1,1
8428,21137,2,0
8430,21137,2,1
8429,21288,2,0
8428,21709,7,0
8428,21903,5,0
8429,24852,6,0
8430,24852,7,1
8428,27966,3,0
8430,27966,3,1
8430,35951,6,0
8429,37710,7,0
8428,39275,4,0
8429,39275,3,1
8430,39275,4,1
8427,43154,2,0
8429,43352,4,0
8429,44632,5,0
8427,46979,3,0
8436,196,4,0
8435,4605,4,0
8433,5077,7,0
8433,14947,2,0
8436,14947,6,1
8432,16797,1,0
8433,16797,6,1
8434,16797,1,1
8436,17794,1,0
8432,21137,2,0
8433,21137,8,1
8434,21137,2,1
8433,21288,1,0
8433,21709,3,0
8435,21903,3,0
8436,24184,2,0
8435,24852,1,0
8436,24964,5,0
8433,26620,5,0
8436,27104,7,0
8432,27966,3,0
8434,27966,3,1
8433,35221,4,0
8436,35951,3,0
8432,39275,4,0
8434,39275,4,1
8435,39928,5,0
8434,40706,5,0
8432,43154,5,0
8434,43352,7,0
8434,45007,6,0
8433,47766,9,0
8435,47766,2,1
8434,49683,8,0
8439,10749,2,0
8439,13176,4,0
8438,14947,7,0
8440,14947,4,1
8439,16797,3,0
8439,21288,5,0
8439,21709,1,0
8440,21903,5,0
8438,22935,1,0
8438,24852,6,0
8439,24852,7,1
8440,24852,1,1
8438,24964,2,0
8440,26209,3,0
8439,26620,6,0
8440,27845,6,0
8438,39928,5,0
8438,45007,3,0
8439,47626,8,0
8440,47626,2,1
8438,49683,4,0
8443,196,7,0
8446,8518,5,0
8442,13176,7,0
8444,13176,5,1
8445,14947,2,0
8442,16797,1,0
8445,16797,8,1
8447,16797,1,1
8443,21137,1,0
8445,21137,1,1
8442,21288,2,0
8446,21288,1,1
8447,21288,2,1
8444,21709,2,0
8445,21709,3,1
8443,22935,2,0
8444,24184,6,0
8445,24184,7,1
8443,24964,3,0
8446,26209,4,0
8446,27845,6,0
8448,28204,1,0
8443,31717,6,0
8444,31717,1,1
8446,31717,2,1
8442,35221,5,0
8445,35221,4,1
8442,39275,3,0
8447,39275,3,1
8448,39275,3,1
8442,40706,6,0
8445,40706,9,1
8442,43352,4,0
8444,43352,4,1
8447,43352,4,1
8444,44632,3,0
8445,44632,5,1
8443,45007,4,0
8445,45007,6,1
8446,47626,3,0
8448,47626,2,1
8443,49683,5,0
8454,5876,2,0
8451,12341,6,0
8452,12341,6,1
8452,14947,1,0
8452,17794,7,0
8450,21709,5,0
8452,21709,2,1
8454,21709,6,1
8453,21903,3,0
8454,21903,4,1
8450,22935,6,0
8452,24184,5,0
8453,24852,1,0
8454,24852,7,1
8451,24964,5,0
8450,26209,2,0
8451,26209,2,1
8452,26620,4,0
8451,27086,3,0
8450,27104,7,0
8454,27845,5,0
8451,28842,1,0
8450,35221,1,0
8452,35221,3,1
8454,37710,3,0
8454,39275,1,0
8450,47209,4,0
8450,47626,3,0
8453,47766,2,0
8451,49235,4,0
8461,196,7,0
8456,6184,4,0
8458,13176,1,0
8462,13176,1,1
8456,14233,1,0
8459,16797,1,0
8457,21137,6,0
8458,21137,2,1
8460,21137,5,1
8462,21137,2,1
8463,21137,2,1
8463,21903,5,0
8456,22935,2,0
8460,22935,6,1
8461,22935,1,1
8462,24852,5,0
8463,24852,3,1
8464,24852,7,1
8464,26209,4,0
8456,26620,3,0
8457,27104,2,0
8461,27845,5,0
8463,27845,1,1
8457,27966,4,0
8461,27966,6,1
8457,28842,1,0
8464,28842,5,1
8460,34126,4,0
8464,37710,6,0
8458,39275,4,0
8459,39275,2,1
8461,39275,3,1
8464,43154,3,0
8457,43352,5,0
8460,43352,2,1
8457,44632,3,0
8459,44632,3,1
8462,44632,4,1
8464,44632,2,1
8464,45007,1,0
8458,47209,3,0
8460,47209,3,1
8462,47209,3,1
8460,47766,1,0
8461,47766,2,1
8463,47766,4,1
8459,49235,4,0
8461,49235,4,1
8464,49683,8,0
8467,6184,7,0
8467,14233,9,0
8466,14947,1,0
8467,14947,2,1
8468,14947,2,1
8469,14947,2,1
8467,16797,4,0
8466,21709,2,0
8467,21709,1,1
8468,21709,1,1
8469,21709,1,1
8466,21903,6,0
8467,21903,5,1
8469,22935,6,0
8467,26620,6,0
8469,26620,4,1
8467,27845,3,0
8469,28204,5,0
8466,28842,5,0
8466,35221,3,0
8468,35221,3,1
8469,35221,3,1
8467,39928,8,0
8466,44632,4,0
8468,44632,4,1
8468,46979,5,0
8466,47209,7,0
8473,5077,2,0
8475,5077,5,1
8475,8518,2,0
8471,14233,1,0
8471,14947,2,0
8474,14947,1,1
8472,16797,1,0
8472,21288,2,0
8475,21288,6,1
8471,21709,3,0
8474,21709,2,1
8475,21709,1,1
8474,26620,5,0
8473,27086,3,0
8473,27845,1,0
8474,27845,6,1
8475,30489,4,0
8474,35221,3,0
8472,39275,3,0
8472,43352,4,0
8474,44632,4,0
8475,47626,3,0
8478,5876,6,0
8480,6184,5,0
8478,13176,5,0
8477,16797,4,0
8482,16797,1,1
8479,21137,1,0
8478,21288,2,0
8480,21288,3,1
8477,21903,3,0
8479,21903,4,1
8480,21903,2,1
8477,24852,1,0
8479,24852,2,1
8479,24964,5,0
8478,26209,3,0
8479,26209,7,1
8478,27845,1,0
8480,27845,1,1
8481,27845,7,1
8480,27966,4,0
8478,28204,4,0
8482,28204,2,1
8479,39275,6,0
8481,39275,4,1
8481,40706,1,0
8481,43154,2,0
8481,45007,6,0
8477,47626,5,0
8481,47626,3,1
8477,47766,2,0
8479,47766,3,1
8481,49683,5,0
8488,196,5,0
8484,8518,7,0
8485,13176,4,0
8490,13176,4,1
8487,16797,1,0
8489,16797,1,1
8488,18523,4,0
8489,21137,2,0
8487,21288,2,0
8484,21709,5,0
8490,24184,5,0
8484,24852,1,0
8485,24852,6,1
8488,24852,1,1
8489,24852,5,1
8484,26209,3,0
8488,26209,3,1
8490,26209,2,1
8486,27086,3,0
8486,27104,1,0
8485,27845,1,0
8490,27845,1,1
8489,27966,3,0
8487,39275,3,0
8489,39275,4,1
8484,43154,4,0
8490,43154,6,1
8484,43352,6,0
8487,43352,4,1
8485,45007,3,0
8485,46979,2,0
8486,46979,4,1
8487,46979,8,1
8487,47209,7,0
8484,47626,2,0
8485,47626,5,1
8488,47626,2,1
8486,47766,5,0
8487,47766,6,1
8490,47766,3,1
8486,49235,2,0
8487,49235,5,1
8497,5077,2,0
8492,5876,4,0
8497,5876,5,1
8495,13176,1,0
8493,14947,2,0
8497,18523,6,0
8495,21137,2,0
8496,21137,2,1
8493,21709,3,0
8492,21903,5,0
8492,24852,3,0
8494,24852,1,1
8495,24852,5,1
8494,26209,3,0
8493,26620,5,0
8492,27086,2,0
8497,27086,3,1
8493,27845,1,0
8496,27845,1,1
8497,27845,1,1
8495,27966,4,0
8493,35221,4,0
8492,35951,1,0
8496,40706,3,0
8494,44632,5,0
8493,45007,6,0
8494,45007,4,1
8495,47209,3,0
8494,47626,2,0
8497,47766,4,0
8503,5077,1,0
8502,5876,5,0
8501,10749,7,0
8500,12341,4,0
8501,12341,5,1
8502,13176,6,0
8499,14233,1,0
8501,14233,1,1
8499,14947,2,0
8501,14947,2,1
8499,21709,3,0
8500,21709,1,1
8501,21709,3,1
8499,22935,4,0
8500,22935,3,1
8502,22935,1,1
8502,24964,2,0
8500,26209,2,0
8503,28204,3,0
8501,30489,6,0
8501,31717,4,0
8500,37710,5,0
8503,43154,2,0
8502,45007,3,0
8502,49683,4,0
8505,12341,6,0
8505,13176,3,0
8506,13176,1,1
8507,13176,2,1
8507,16797,5,0
8506,21137,2,0
8507,21137,1,1
8507,21903,4,0
8505,22935,7,0
8505,26620,4,0
8505,27845,1,0
8505,35221,2,0
8506,39275,4,0
8505,43352,5,0
8506,45007,5,0
8507,45007,6,1
8506,47209,3,0
8507,47209,3,1
8510,14947,1,0
8510,21137,5,0
8510,21709,2,0
8511,21903,3,0
8511,24852,1,0
8510,26620,4,0
8511,27845,4,0
8509,28204,1,0
8510,35221,3,0
8509,35951,3,0
8510,35951,7,1
8509,43352,4,0
8509,44632,2,0
8510,46979,6,0
8511,47766,2,0
