order_id,user_id,eval_set,order_number,order_dow,order_hour_of_day,days_since_prior_order
1,1,prior,1,5,18,
2,1,prior,2,2,19,11.0
3,1,prior,3,0,15,15.0
4,1,train,4,0,17,14.0
5,2,prior,1,6,11,
6,2,prior,2,3,13,1.0
7,2,prior,3,1,19,2.0
8,2,prior,4,5,17,3.0
9,2,prior,5,4,16,13.0
10,2,prior,6,5,13,23.0
11,2,train,7,3,17,6.0
12,3,prior,1,4,9,
13,3,prior,2,0,9,9.0
14,3,prior,3,2,15,13.0
15,3,prior,4,6,11,11.0
16,3,prior,5,4,13,10.0
17,3,prior,6,6,7,21.0
18,3,prior,7,4,21,1.0
19,3,prior,8,6,11,4.0
20,3,train,9,0,18,21.0
21,4,prior,1,3,10,
22,4,prior,2,1,21,8.0
23,4,prior,3,1,19,6.0
24,4,prior,4,6,14,11.0
25,4,prior,5,6,19,29.0
26,4,train,6,6,17,23.0
27,5,prior,1,2,9,
28,5,prior,2,6,21,22.0
29,5,prior,3,3,13,17.0
30,5,prior,4,2,18,22.0
31,5,prior,5,0,17,28.0
32,5,prior,6,0,11,9.0
33,5,prior,7,4,16,4.0
34,5,prior,8,1,7,24.0
35,5,prior,9,5,19,24.0
36,5,train,10,0,16,29.0
37,6,prior,1,3,11,
38,6,prior,2,0,21,4.0
39,6,prior,3,1,21,25.0
40,6,prior,4,2,15,19.0
41,6,prior,5,0,7,2.0
42,6,train,6,4,8,25.0
43,7,prior,1,3,21,
44,7,prior,2,0,13,3.0
45,7,prior,3,1,14,9.0
46,7,prior,4,5,11,28.0
47,7,prior,5,6,16,29.0
48,7,prior,6,4,20,24.0
49,7,prior,7,5,18,9.0
50,7,prior,8,0,18,15.0
51,7,train,9,2,19,21.0
52,8,prior,1,4,17,
53,8,prior,2,4,15,11.0
54,8,prior,3,4,7,22.0
55,8,prior,4,3,11,22.0
56,8,prior,5,0,15,9.0
57,8,prior,6,6,18,10.0
58,8,train,7,0,19,2.0
59,9,prior,1,0,11,
60,9,prior,2,3,7,8.0
61,9,prior,3,4,12,26.0
62,9,train,4,1,19,28.0
63,10,prior,1,4,21,
64,10,prior,2,2,10,24.0
65,10,prior,3,3,8,24.0
66,10,train,4,6,19,18.0
67,11,prior,1,1,18,
68,11,prior,2,2,14,24.0
69,11,prior,3,6,19,6.0
70,11,prior,4,4,17,22.0
71,11,train,5,6,16,28.0
72,12,prior,1,2,11,
73,12,prior,2,1,9,22.0
74,12,prior,3,3,13,2.0
75,12,prior,4,5,11,10.0
76,12,prior,5,1,8,16.0
77,12,train,6,6,17,7.0
78,13,prior,1,5,15,
79,13,prior,2,5,11,1.0
80,13,prior,3,0,11,4.0
81,13,train,4,4,7,20.0
82,14,prior,1,3,13,
83,14,prior,2,2,13,19.0
84,14,prior,3,5,18,2.0
85,14,prior,4,4,13,6.0
86,14,prior,5,1,8,6.0
87,14,prior,6,0,15,16.0
88,14,prior,7,1,13,24.0
89,14,prior,8,4,12,14.0
90,14,train,9,6,11,14.0
91,15,prior,1,5,10,
92,15,prior,2,5,16,15.0
93,15,prior,3,4,18,11.0
94,15,prior,4,3,10,5.0
95,15,train,5,4,18,10.0
96,16,prior,1,2,10,
97,16,prior,2,4,21,4.0
98,16,prior,3,5,15,17.0
99,16,prior,4,2,15,22.0
100,16,prior,5,4,20,7.0
101,16,prior,6,4,7,9.0
102,16,prior,7,2,12,16.0
103,16,prior,8,5,17,3.0
104,16,train,9,5,12,15.0
105,17,prior,1,6,17,
106,17,prior,2,3,11,12.0
107,17,prior,3,1,15,22.0
108,17,prior,4,3,10,7.0
109,17,prior,5,1,17,2.0
110,17,prior,6,6,15,28.0
111,17,prior,7,0,8,13.0
112,17,prior,8,6,14,1.0
113,17,train,9,4,13,2.0
114,18,prior,1,3,21,
115,18,prior,2,3,12,6.0
116,18,prior,3,2,18,21.0
117,18,prior,4,1,21,4.0
118,18,prior,5,5,16,23.0
119,18,prior,6,1,9,5.0
120,18,prior,7,0,8,11.0
121,18,train,8,3,19,5.0
122,19,prior,1,3,11,
123,19,prior,2,0,15,18.0
124,19,prior,3,4,19,20.0
125,19,prior,4,3,9,10.0
126,19,train,5,5,15,7.0
127,20,prior,1,4,11,
128,20,prior,2,4,16,23.0
129,20,prior,3,3,15,14.0
130,20,prior,4,3,16,29.0
131,20,prior,5,6,20,24.0
132,20,prior,6,0,13,28.0
133,20,prior,7,1,10,17.0
134,20,prior,8,1,13,25.0
135,20,train,9,1,20,24.0
136,21,prior,1,5,16,
137,21,prior,2,0,8,18.0
138,21,prior,3,5,21,25.0
139,21,train,4,4,20,3.0
140,22,prior,1,4,21,
141,22,prior,2,5,12,11.0
142,22,prior,3,2,21,23.0
143,22,prior,4,1,20,24.0
144,22,prior,5,2,16,17.0
145,22,prior,6,4,19,8.0
146,22,prior,7,1,16,19.0
147,22,prior,8,5,18,3.0
148,22,train,9,4,14,18.0
149,23,prior,1,2,18,
150,23,prior,2,2,16,5.0
151,23,prior,3,4,15,8.0
152,23,prior,4,3,21,25.0
153,23,prior,5,3,7,29.0
154,23,train,6,6,15,2.0
155,24,prior,1,5,15,
156,24,prior,2,1,19,27.0
157,24,prior,3,4,12,14.0
158,24,train,4,3,9,17.0
159,25,prior,1,6,17,
160,25,prior,2,4,8,18.0
161,25,prior,3,6,19,14.0
162,25,prior,4,5,18,20.0
163,25,prior,5,3,11,15.0
164,25,train,6,5,7,23.0
165,26,prior,1,5,19,
166,26,prior,2,5,7,27.0
167,26,prior,3,2,14,10.0
168,26,prior,4,5,19,15.0
169,26,prior,5,3,12,20.0
170,26,train,6,1,16,7.0
171,27,prior,1,0,11,
172,27,prior,2,0,16,10.0
173,27,prior,3,4,19,26.0
174,27,prior,4,4,18,1.0
175,27,prior,5,0,20,2.0
176,27,train,6,4,21,12.0
177,28,prior,1,5,12,
178,28,prior,2,0,12,11.0
179,28,prior,3,6,20,23.0
180,28,prior,4,0,12,19.0
181,28,train,5,2,19,14.0
182,29,prior,1,4,10,
183,29,prior,2,6,18,16.0
184,29,prior,3,4,18,4.0
185,29,train,4,1,20,1.0
186,30,prior,1,4,7,
187,30,prior,2,6,16,19.0
188,30,prior,3,1,8,10.0
189,30,prior,4,0,11,19.0
190,30,prior,5,5,8,21.0
191,30,train,6,5,20,9.0
192,31,prior,1,6,8,
193,31,prior,2,2,17,13.0
194,31,prior,3,0,11,4.0
195,31,prior,4,0,12,15.0
196,31,prior,5,2,9,15.0
197,31,prior,6,5,8,27.0
198,31,train,7,6,7,6.0
199,32,prior,1,5,15,
200,32,prior,2,1,18,17.0
201,32,prior,3,4,11,28.0
202,32,prior,4,2,20,5.0
203,32,prior,5,6,20,2.0
204,32,prior,6,6,16,18.0
205,32,prior,7,4,11,23.0
206,32,train,8,6,12,10.0
207,33,prior,1,1,20,
208,33,prior,2,3,16,18.0
209,33,prior,3,0,17,11.0
210,33,train,4,3,21,9.0
211,34,prior,1,5,12,
212,34,prior,2,4,15,28.0
213,34,prior,3,1,19,14.0
214,34,prior,4,0,16,22.0
215,34,prior,5,3,8,12.0
216,34,prior,6,5,15,26.0
217,34,prior,7,5,15,19.0
218,34,prior,8,6,10,2.0
219,34,train,9,1,15,11.0
220,35,prior,1,1,12,
221,35,prior,2,2,9,22.0
222,35,prior,3,6,8,6.0
223,35,prior,4,2,18,25.0
224,35,prior,5,0,19,28.0
225,35,prior,6,1,12,4.0
226,35,prior,7,0,15,29.0
227,35,train,8,4,11,18.0
228,36,prior,1,3,11,
229,36,prior,2,6,21,9.0
230,36,prior,3,3,18,16.0
231,36,prior,4,6,13,28.0
232,36,prior,5,5,13,4.0
233,36,train,6,1,13,8.0
234,37,prior,1,3,21,
235,37,prior,2,5,8,18.0
236,37,prior,3,3,16,12.0
237,37,prior,4,2,15,5.0
238,37,prior,5,5,7,16.0
239,37,train,6,0,18,27.0
240,38,prior,1,3,16,
241,38,prior,2,1,10,28.0
242,38,prior,3,3,8,23.0
243,38,prior,4,2,12,28.0
244,38,prior,5,6,8,5.0
245,38,prior,6,6,9,7.0
246,38,prior,7,1,20,7.0
247,38,train,8,1,10,7.0
248,39,prior,1,6,9,
249,39,prior,2,4,18,8.0
250,39,prior,3,1,16,29.0
251,39,train,4,4,17,19.0
252,40,prior,1,3,21,
253,40,prior,2,2,19,9.0
254,40,prior,3,4,7,3.0
255,40,prior,4,5,12,26.0
256,40,prior,5,2,9,3.0
257,40,prior,6,0,21,7.0
258,40,prior,7,1,15,25.0
259,40,prior,8,6,10,14.0
260,40,prior,9,3,15,29.0
261,40,train,10,0,7,6.0
262,41,prior,1,1,14,
263,41,prior,2,4,17,18.0
264,41,prior,3,1,9,4.0
265,41,train,4,6,8,26.0
266,42,prior,1,0,8,
267,42,prior,2,6,13,13.0
268,42,prior,3,1,8,9.0
269,42,prior,4,6,14,11.0
270,42,prior,5,2,13,21.0
271,42,prior,6,1,15,16.0
272,42,prior,7,3,19,4.0
273,42,prior,8,4,7,13.0
274,42,train,9,3,9,22.0
275,43,prior,1,0,20,
276,43,prior,2,2,21,8.0
277,43,prior,3,2,7,14.0
278,43,prior,4,6,11,6.0
279,43,prior,5,6,19,18.0
280,43,prior,6,0,15,13.0
281,43,train,7,3,21,24.0
282,44,prior,1,5,17,
283,44,prior,2,1,9,13.0
284,44,prior,3,5,21,2.0
285,44,prior,4,1,18,25.0
286,44,prior,5,2,15,19.0
287,44,prior,6,5,14,7.0
288,44,train,7,1,13,29.0
289,45,prior,1,2,7,
290,45,prior,2,1,19,19.0
291,45,prior,3,2,7,18.0
292,45,prior,4,2,11,7.0
293,45,prior,5,2,17,26.0
294,45,prior,6,2,7,22.0
295,45,prior,7,2,12,18.0
296,45,prior,8,5,20,13.0
297,45,prior,9,5,12,27.0
298,45,train,10,4,15,28.0
299,46,prior,1,0,8,
300,46,prior,2,5,13,9.0
301,46,prior,3,3,10,25.0
302,46,prior,4,2,10,22.0
303,46,prior,5,0,11,5.0
304,46,prior,6,1,9,3.0
305,46,prior,7,4,18,13.0
306,46,train,8,3,13,15.0
307,47,prior,1,1,21,
308,47,prior,2,5,8,14.0
309,47,prior,3,0,19,15.0
310,47,prior,4,2,14,4.0
311,47,prior,5,6,9,26.0
312,47,prior,6,1,13,3.0
313,47,prior,7,2,21,3.0
314,47,train,8,6,12,4.0
315,48,prior,1,4,8,
316,48,prior,2,0,15,15.0
317,48,prior,3,5,12,10.0
318,48,prior,4,3,7,27.0
319,48,prior,5,1,21,10.0
320,48,prior,6,4,11,12.0
321,48,prior,7,0,17,14.0
322,48,train,8,3,15,29.0
323,49,prior,1,4,13,
324,49,prior,2,6,13,19.0
325,49,prior,3,5,15,22.0
326,49,prior,4,4,13,18.0
327,49,prior,5,3,18,18.0
328,49,prior,6,2,7,19.0
329,49,prior,7,4,7,21.0
330,49,prior,8,1,17,1.0
331,49,prior,9,6,16,23.0
332,49,train,10,1,21,27.0
333,50,prior,1,3,15,
334,50,prior,2,0,18,9.0
335,50,prior,3,6,17,22.0
336,50,prior,4,3,17,23.0
337,50,prior,5,5,7,16.0
338,50,prior,6,5,17,4.0
339,50,train,7,6,21,27.0
340,51,prior,1,3,11,
341,51,prior,2,6,7,23.0
342,51,prior,3,4,7,24.0
343,51,prior,4,0,10,20.0
344,51,train,5,1,15,3.0
345,52,prior,1,1,15,
346,52,prior,2,6,16,15.0
347,52,prior,3,2,17,4.0
348,52,prior,4,3,10,17.0
349,52,prior,5,4,18,5.0
350,52,prior,6,1,9,5.0
351,52,prior,7,0,9,17.0
352,52,prior,8,3,7,9.0
353,52,train,9,0,19,17.0
354,53,prior,1,2,16,
355,53,prior,2,6,11,27.0
356,53,prior,3,6,18,29.0
357,53,prior,4,6,14,25.0
358,53,prior,5,5,15,22.0
359,53,prior,6,3,7,1.0
360,53,prior,7,0,8,21.0
361,53,train,8,0,14,7.0
362,54,prior,1,0,9,
363,54,prior,2,2,8,15.0
364,54,prior,3,6,19,3.0
365,54,prior,4,3,10,26.0
366,54,prior,5,0,17,7.0
367,54,prior,6,4,16,28.0
368,54,prior,7,1,8,16.0
369,54,train,8,5,15,6.0
370,55,prior,1,2,17,
371,55,prior,2,6,17,12.0
372,55,prior,3,6,17,23.0
373,55,prior,4,1,14,12.0
374,55,prior,5,3,18,13.0
375,55,prior,6,6,16,13.0
376,55,prior,7,4,9,22.0
377,55,prior,8,0,14,7.0
378,55,train,9,2,16,14.0
379,56,prior,1,1,15,
380,56,prior,2,0,18,14.0
381,56,prior,3,0,18,24.0
382,56,prior,4,6,17,2.0
383,56,prior,5,3,12,27.0
384,56,prior,6,4,19,10.0
385,56,prior,7,4,9,12.0
386,56,prior,8,3,13,28.0
387,56,prior,9,6,16,20.0
388,56,train,10,5,8,18.0
389,57,prior,1,4,14,
390,57,prior,2,1,17,26.0
391,57,prior,3,3,9,20.0
392,57,train,4,6,17,19.0
393,58,prior,1,4,10,
394,58,prior,2,5,10,20.0
395,58,prior,3,4,15,18.0
396,58,prior,4,1,16,23.0
397,58,prior,5,6,14,7.0
398,58,prior,6,5,13,13.0
399,58,prior,7,3,13,23.0
400,58,train,8,6,21,17.0
401,59,prior,1,6,13,
402,59,prior,2,3,7,8.0
403,59,prior,3,2,12,15.0
404,59,prior,4,0,13,6.0
405,59,prior,5,0,20,20.0
406,59,prior,6,6,9,1.0
407,59,prior,7,4,10,27.0
408,59,prior,8,3,15,23.0
409,59,train,9,6,14,29.0
410,60,prior,1,4,7,
411,60,prior,2,4,18,10.0
412,60,prior,3,5,9,22.0
413,60,prior,4,1,12,8.0
414,60,prior,5,2,9,1.0
415,60,prior,6,2,20,4.0
416,60,prior,7,6,21,18.0
417,60,prior,8,4,19,26.0
418,60,prior,9,3,19,18.0
419,60,train,10,2,10,29.0
420,61,prior,1,6,9,
421,61,prior,2,0,20,11.0
422,61,prior,3,3,9,22.0
423,61,prior,4,2,8,2.0
424,61,prior,5,0,18,25.0
425,61,prior,6,1,15,5.0
426,61,prior,7,4,13,13.0
427,61,prior,8,5,14,12.0
428,61,train,9,1,17,18.0
429,62,prior,1,3,20,
430,62,prior,2,3,10,3.0
431,62,prior,3,4,14,2.0
432,62,prior,4,5,13,5.0
433,62,prior,5,4,13,11.0
434,62,prior,6,3,12,5.0
435,62,prior,7,2,10,5.0
436,62,prior,8,4,14,7.0
437,62,train,9,2,12,20.0
438,63,prior,1,1,18,
439,63,prior,2,4,14,26.0
440,63,prior,3,2,15,3.0
441,63,prior,4,3,15,16.0
442,63,prior,5,2,15,9.0
443,63,train,6,4,14,13.0
444,64,prior,1,0,9,
445,64,prior,2,0,18,5.0
446,64,prior,3,4,9,11.0
447,64,prior,4,3,19,23.0
448,64,train,5,6,15,27.0
449,65,prior,1,5,16,
450,65,prior,2,6,18,23.0
451,65,prior,3,4,19,1.0
452,65,prior,4,2,16,22.0
453,65,prior,5,1,21,25.0
454,65,prior,6,6,19,8.0
455,65,prior,7,4,14,19.0
456,65,prior,8,3,18,24.0
457,65,train,9,5,10,11.0
458,66,prior,1,6,21,
459,66,prior,2,4,21,28.0
460,66,prior,3,6,17,8.0
461,66,prior,4,6,11,18.0
462,66,prior,5,0,17,16.0
463,66,prior,6,4,15,4.0
464,66,prior,7,5,11,14.0
465,66,prior,8,1,15,8.0
466,66,train,9,3,17,2.0
467,67,prior,1,5,15,
468,67,prior,2,2,21,5.0
469,67,prior,3,1,17,20.0
470,67,prior,4,0,14,19.0
471,67,prior,5,3,16,5.0
472,67,prior,6,6,17,15.0
473,67,prior,7,6,12,27.0
474,67,prior,8,1,13,10.0
475,67,train,9,0,11,12.0
476,68,prior,1,0,15,
477,68,prior,2,4,8,2.0
478,68,prior,3,0,12,29.0
479,68,prior,4,2,8,15.0
480,68,prior,5,1,11,9.0
481,68,prior,6,2,17,10.0
482,68,prior,7,0,15,28.0
483,68,train,8,1,21,29.0
484,69,prior,1,5,16,
485,69,prior,2,3,18,15.0
486,69,prior,3,5,12,15.0
487,69,prior,4,3,16,17.0
488,69,prior,5,0,16,3.0
489,69,prior,6,6,16,8.0
490,69,prior,7,3,9,26.0
491,69,train,8,0,10,2.0
492,70,prior,1,2,18,
493,70,prior,2,6,21,25.0
494,70,prior,3,4,13,3.0
495,70,prior,4,5,19,26.0
496,70,prior,5,6,20,5.0
497,70,prior,6,3,19,3.0
498,70,prior,7,0,11,9.0
499,70,train,8,6,14,6.0
500,71,prior,1,0,14,
501,71,prior,2,5,14,12.0
502,71,prior,3,1,8,23.0
503,71,prior,4,3,17,22.0
504,71,train,5,4,21,8.0
505,72,prior,1,5,16,
506,72,prior,2,5,10,27.0
507,72,prior,3,4,13,20.0
508,72,prior,4,5,7,23.0
509,72,prior,5,1,13,9.0
510,72,prior,6,1,8,15.0
511,72,prior,7,1,20,18.0
512,72,prior,8,3,19,12.0
513,72,train,9,5,14,13.0
514,73,prior,1,6,16,
515,73,prior,2,2,14,1.0
516,73,prior,3,2,9,1.0
517,73,prior,4,5,8,29.0
518,73,train,5,2,10,1.0
519,74,prior,1,0,18,
520,74,prior,2,6,16,17.0
521,74,prior,3,3,8,28.0
522,74,prior,4,0,8,19.0
523,74,prior,5,3,15,14.0
524,74,prior,6,4,14,9.0
525,74,train,7,5,14,12.0
526,75,prior,1,4,16,
527,75,prior,2,2,7,18.0
528,75,prior,3,0,10,29.0
529,75,prior,4,1,12,14.0
530,75,prior,5,5,21,15.0
531,75,prior,6,2,19,20.0
532,75,prior,7,6,12,1.0
533,75,train,8,1,16,29.0
534,76,prior,1,2,21,
535,76,prior,2,0,11,7.0
536,76,prior,3,0,12,17.0
537,76,prior,4,6,17,22.0
538,76,train,5,5,20,4.0
539,77,prior,1,5,19,
540,77,prior,2,2,7,27.0
541,77,prior,3,5,21,13.0
542,77,prior,4,5,20,25.0
543,77,prior,5,2,9,27.0
544,77,prior,6,2,15,17.0
545,77,prior,7,0,8,28.0
546,77,prior,8,5,13,26.0
547,77,train,9,3,12,29.0
548,78,prior,1,0,14,
549,78,prior,2,2,8,6.0
550,78,prior,3,3,12,9.0
551,78,prior,4,6,17,1.0
552,78,train,5,6,16,24.0
553,79,prior,1,3,19,
554,79,prior,2,4,21,28.0
555,79,prior,3,2,16,23.0
556,79,prior,4,0,11,20.0
557,79,prior,5,2,8,21.0
558,79,prior,6,5,12,5.0
559,79,prior,7,1,14,20.0
560,79,train,8,6,10,13.0
561,80,prior,1,3,21,
562,80,prior,2,6,9,2.0
563,80,prior,3,4,17,15.0
564,80,prior,4,6,15,19.0
565,80,prior,5,3,16,20.0
566,80,train,6,0,21,5.0
567,81,prior,1,3,18,
568,81,prior,2,6,8,4.0
569,81,prior,3,3,18,7.0
570,81,prior,4,2,10,5.0
571,81,prior,5,0,14,22.0
572,81,train,6,4,15,9.0
573,82,prior,1,0,17,
574,82,prior,2,0,16,3.0
575,82,prior,3,3,17,17.0
576,82,prior,4,6,21,16.0
577,82,prior,5,0,10,7.0
578,82,train,6,5,15,15.0
579,83,prior,1,0,11,
580,83,prior,2,2,15,6.0
581,83,prior,3,2,20,11.0
582,83,prior,4,1,15,10.0
583,83,prior,5,5,13,23.0
584,83,train,6,5,8,8.0
585,84,prior,1,5,21,
586,84,prior,2,4,15,18.0
587,84,prior,3,6,7,20.0
588,84,train,4,1,12,4.0
589,85,prior,1,0,17,
590,85,prior,2,3,11,7.0
591,85,prior,3,0,16,26.0
592,85,prior,4,1,16,1.0
593,85,train,5,0,21,12.0
594,86,prior,1,4,12,
595,86,prior,2,5,21,6.0
596,86,prior,3,2,8,21.0
597,86,prior,4,4,17,29.0
598,86,prior,5,2,9,23.0
599,86,train,6,6,10,17.0
600,87,prior,1,6,10,
601,87,prior,2,1,7,28.0
602,87,prior,3,2,10,22.0
603,87,prior,4,6,16,25.0
604,87,prior,5,5,16,18.0
605,87,prior,6,6,15,2.0
606,87,prior,7,2,10,4.0
607,87,prior,8,2,14,6.0
608,87,prior,9,0,12,12.0
609,87,train,10,0,15,18.0
610,88,prior,1,1,12,
611,88,prior,2,2,18,8.0
612,88,prior,3,3,17,8.0
613,88,prior,4,5,15,15.0
614,88,prior,5,2,10,21.0
615,88,prior,6,3,21,9.0
616,88,prior,7,4,8,28.0
617,88,train,8,2,8,22.0
618,89,prior,1,2,21,
619,89,prior,2,1,14,7.0
620,89,prior,3,5,21,28.0
621,89,prior,4,5,13,7.0
622,89,prior,5,3,10,8.0
623,89,prior,6,5,15,7.0
624,89,prior,7,0,15,12.0
625,89,train,8,3,13,28.0
626,90,prior,1,6,17,
627,90,prior,2,0,9,7.0
628,90,prior,3,1,13,22.0
629,90,prior,4,6,8,22.0
630,90,prior,5,5,17,21.0
631,90,train,6,1,11,5.0
632,91,prior,1,1,14,
633,91,prior,2,2,15,20.0
634,91,prior,3,4,9,7.0
635,91,prior,4,6,12,27.0
636,91,train,5,6,10,27.0
637,92,prior,1,4,8,
638,92,prior,2,0,21,4.0
639,92,prior,3,5,12,16.0
640,92,prior,4,5,17,3.0
641,92,prior,5,1,11,12.0
642,92,prior,6,2,18,2.0
643,92,prior,7,2,21,5.0
644,92,prior,8,6,10,9.0
645,92,train,9,5,10,2.0
646,93,prior,1,0,13,
647,93,prior,2,3,19,20.0
648,93,prior,3,1,19,1.0
649,93,prior,4,3,11,13.0
650,93,prior,5,1,8,17.0
651,93,prior,6,4,15,17.0
652,93,prior,7,4,9,22.0
653,93,train,8,6,20,19.0
654,94,prior,1,1,7,
655,94,prior,2,2,7,20.0
656,94,prior,3,3,8,28.0
657,94,prior,4,3,10,9.0
658,94,prior,5,3,12,23.0
659,94,prior,6,1,20,24.0
660,94,prior,7,6,10,19.0
661,94,prior,8,5,10,2.0
662,94,train,9,2,11,4.0
663,95,prior,1,4,14,
664,95,prior,2,6,13,26.0
665,95,prior,3,0,12,8.0
666,95,prior,4,1,8,26.0
667,95,prior,5,4,13,29.0
668,95,train,6,1,20,25.0
669,96,prior,1,2,11,
670,96,prior,2,3,21,12.0
671,96,prior,3,4,14,29.0
672,96,prior,4,0,8,18.0
673,96,prior,5,6,13,9.0
674,96,prior,6,5,15,4.0
675,96,prior,7,0,16,17.0
676,96,prior,8,3,21,3.0
677,96,train,9,6,18,11.0
678,97,prior,1,5,19,
679,97,prior,2,1,9,15.0
680,97,prior,3,3,16,3.0
681,97,prior,4,5,11,5.0
682,97,prior,5,5,19,26.0
683,97,prior,6,3,18,6.0
684,97,prior,7,0,13,12.0
685,97,prior,8,3,19,17.0
686,97,train,9,1,21,18.0
687,98,prior,1,1,18,
688,98,prior,2,3,13,3.0
689,98,prior,3,1,21,26.0
690,98,prior,4,1,13,3.0
691,98,prior,5,3,21,21.0
692,98,prior,6,3,21,18.0
693,98,prior,7,3,9,23.0
694,98,train,8,3,15,8.0
695,99,prior,1,2,18,
696,99,prior,2,3,11,17.0
697,99,prior,3,2,13,25.0
698,99,prior,4,6,17,1.0
699,99,prior,5,5,17,24.0
700,99,prior,6,0,20,9.0
701,99,prior,7,6,16,14.0
702,99,prior,8,3,14,25.0
703,99,train,9,4,16,10.0
704,100,prior,1,6,10,
705,100,prior,2,6,16,24.0
706,100,prior,3,3,11,16.0
707,100,prior,4,1,19,18.0
708,100,prior,5,2,17,1.0
709,100,prior,6,3,10,7.0
710,100,train,7,0,11,7.0
711,101,prior,1,2,7,
712,101,prior,2,6,14,4.0
713,101,prior,3,3,11,22.0
714,101,prior,4,5,20,24.0
715,101,prior,5,5,18,19.0
716,101,prior,6,3,21,14.0
717,101,prior,7,3,13,18.0
718,101,prior,8,1,7,27.0
719,101,prior,9,3,12,12.0
720,101,train,10,5,10,27.0
721,102,prior,1,0,18,
722,102,prior,2,4,13,2.0
723,102,prior,3,5,12,17.0
724,102,prior,4,2,17,21.0
725,102,prior,5,5,7,1.0
726,102,prior,6,1,12,6.0
727,102,prior,7,5,14,14.0
728,102,prior,8,4,9,28.0
729,102,train,9,3,18,28.0
730,103,prior,1,5,17,
731,103,prior,2,6,11,17.0
732,103,prior,3,3,17,28.0
733,103,prior,4,2,10,11.0
734,103,train,5,4,20,25.0
735,104,prior,1,0,16,
736,104,prior,2,6,9,13.0
737,104,prior,3,0,8,17.0
738,104,prior,4,0,14,19.0
739,104,prior,5,6,21,3.0
740,104,prior,6,1,8,19.0
741,104,train,7,4,19,14.0
742,105,prior,1,5,7,
743,105,prior,2,4,10,7.0
744,105,prior,3,2,16,23.0
745,105,prior,4,5,9,21.0
746,105,prior,5,1,18,1.0
747,105,prior,6,5,16,20.0
748,105,prior,7,4,7,15.0
749,105,train,8,1,10,16.0
750,106,prior,1,4,9,
751,106,prior,2,0,9,26.0
752,106,prior,3,2,8,4.0
753,106,prior,4,5,21,3.0
754,106,prior,5,1,12,13.0
755,106,prior,6,5,7,4.0
756,106,prior,7,2,17,9.0
757,106,prior,8,1,15,13.0
758,106,prior,9,0,15,10.0
759,106,train,10,5,7,2.0
760,107,prior,1,3,21,
761,107,prior,2,4,19,14.0
762,107,prior,3,1,14,22.0
763,107,prior,4,6,17,13.0
764,107,prior,5,3,9,6.0
765,107,prior,6,0,17,1.0
766,107,train,7,3,21,1.0
767,108,prior,1,3,15,
768,108,prior,2,5,8,20.0
769,108,prior,3,1,7,19.0
770,108,prior,4,3,9,14.0
771,108,prior,5,2,16,17.0
772,108,prior,6,4,18,29.0
773,108,prior,7,0,17,14.0
774,108,prior,8,1,14,15.0
775,108,train,9,4,11,16.0
776,109,prior,1,4,8,
777,109,prior,2,3,7,21.0
778,109,prior,3,5,18,6.0
779,109,prior,4,2,8,7.0
780,109,prior,5,0,17,17.0
781,109,prior,6,4,8,16.0
782,109,prior,7,3,19,28.0
783,109,prior,8,3,13,9.0
784,109,train,9,0,8,9.0
785,110,prior,1,6,7,
786,110,prior,2,5,7,10.0
787,110,prior,3,2,11,15.0
788,110,prior,4,4,13,22.0
789,110,prior,5,2,12,29.0
790,110,prior,6,4,21,13.0
791,110,prior,7,1,17,8.0
792,110,prior,8,5,17,26.0
793,110,prior,9,0,19,29.0
794,110,train,10,0,21,11.0
795,111,prior,1,3,9,
796,111,prior,2,3,17,23.0
797,111,prior,3,5,19,14.0
798,111,prior,4,3,16,13.0
799,111,prior,5,5,10,7.0
800,111,prior,6,1,17,28.0
801,111,train,7,6,18,8.0
802,112,prior,1,1,7,
803,112,prior,2,3,12,22.0
804,112,prior,3,6,15,25.0
805,112,prior,4,3,11,17.0
806,112,prior,5,3,14,5.0
807,112,prior,6,3,12,27.0
808,112,prior,7,3,18,26.0
809,112,prior,8,1,12,23.0
810,112,prior,9,5,19,12.0
811,112,train,10,2,10,10.0
812,113,prior,1,1,9,
813,113,prior,2,6,11,14.0
814,113,prior,3,1,18,10.0
815,113,prior,4,1,10,6.0
816,113,prior,5,5,17,7.0
817,113,prior,6,5,8,13.0
818,113,prior,7,0,21,18.0
819,113,train,8,5,11,13.0
820,114,prior,1,0,12,
821,114,prior,2,1,17,21.0
822,114,prior,3,3,16,9.0
823,114,prior,4,5,17,4.0
824,114,prior,5,4,8,9.0
825,114,prior,6,5,20,16.0
826,114,prior,7,5,16,3.0
827,114,prior,8,6,13,19.0
828,114,prior,9,2,11,6.0
829,114,train,10,6,15,28.0
830,115,prior,1,2,9,
831,115,prior,2,3,19,6.0
832,115,prior,3,5,10,5.0
833,115,prior,4,6,8,23.0
834,115,train,5,0,8,2.0
835,116,prior,1,5,10,
836,116,prior,2,2,12,1.0
837,116,prior,3,4,16,2.0
838,116,train,4,4,17,13.0
839,117,prior,1,2,8,
840,117,prior,2,1,13,21.0
841,117,prior,3,3,17,12.0
842,117,train,4,1,16,15.0
843,118,prior,1,5,18,
844,118,prior,2,2,11,11.0
845,118,prior,3,5,19,19.0
846,118,prior,4,6,8,23.0
847,118,prior,5,2,14,21.0
848,118,prior,6,0,14,21.0
849,118,prior,7,4,8,27.0
850,118,prior,8,0,19,21.0
851,118,prior,9,4,18,23.0
852,118,train,10,6,19,8.0
853,119,prior,1,2,19,
854,119,prior,2,6,16,9.0
855,119,prior,3,1,20,11.0
856,119,prior,4,3,11,17.0
857,119,prior,5,2,19,13.0
858,119,prior,6,3,15,21.0
859,119,prior,7,5,19,24.0
860,119,train,8,6,12,13.0
861,120,prior,1,6,10,
862,120,prior,2,4,19,23.0
863,120,prior,3,0,17,15.0
864,120,prior,4,5,19,22.0
865,120,train,5,6,15,24.0
866,121,prior,1,5,19,
867,121,prior,2,2,14,2.0
868,121,prior,3,1,8,5.0
869,121,prior,4,6,12,23.0
870,121,prior,5,5,9,16.0
871,121,prior,6,0,18,8.0
872,121,prior,7,5,7,17.0
873,121,prior,8,5,8,11.0
874,121,train,9,5,21,16.0
875,122,prior,1,6,13,
876,122,prior,2,4,12,7.0
877,122,prior,3,3,7,4.0
878,122,prior,4,5,14,6.0
879,122,prior,5,5,9,14.0
880,122,prior,6,3,16,9.0
881,122,prior,7,6,19,8.0
882,122,prior,8,2,11,2.0
883,122,train,9,2,13,23.0
884,123,prior,1,0,9,
885,123,prior,2,1,15,24.0
886,123,prior,3,6,16,21.0
887,123,prior,4,4,11,8.0
888,123,prior,5,5,12,8.0
889,123,prior,6,5,12,9.0
890,123,train,7,6,17,25.0
891,124,prior,1,6,18,
892,124,prior,2,3,14,9.0
893,124,prior,3,6,15,15.0
894,124,prior,4,5,20,7.0
895,124,prior,5,5,16,27.0
896,124,prior,6,4,13,17.0
897,124,prior,7,5,13,6.0
898,124,prior,8,3,21,8.0
899,124,prior,9,4,16,23.0
900,124,train,10,0,16,11.0
901,125,prior,1,1,16,
902,125,prior,2,2,17,10.0
903,125,prior,3,1,21,15.0
904,125,train,4,6,15,25.0
905,126,prior,1,4,15,
906,126,prior,2,1,12,15.0
907,126,prior,3,4,10,18.0
908,126,prior,4,5,10,22.0
909,126,prior,5,3,17,11.0
910,126,train,6,5,12,21.0
911,127,prior,1,2,21,
912,127,prior,2,6,7,1.0
913,127,prior,3,3,20,22.0
914,127,prior,4,6,16,15.0
915,127,prior,5,0,18,17.0
916,127,prior,6,0,14,12.0
917,127,prior,7,0,11,23.0
918,127,prior,8,0,13,3.0
919,127,prior,9,1,9,14.0
920,127,train,10,3,21,16.0
921,128,prior,1,1,16,
922,128,prior,2,1,7,11.0
923,128,prior,3,2,15,4.0
924,128,prior,4,0,13,21.0
925,128,prior,5,2,13,24.0
926,128,prior,6,4,13,11.0
927,128,prior,7,1,19,25.0
928,128,prior,8,2,19,6.0
929,128,train,9,3,7,18.0
930,129,prior,1,2,20,
931,129,prior,2,1,13,15.0
932,129,prior,3,6,7,10.0
933,129,prior,4,0,9,6.0
934,129,train,5,3,15,12.0
935,130,prior,1,5,10,
936,130,prior,2,4,20,28.0
937,130,prior,3,4,19,1.0
938,130,train,4,1,21,22.0
939,131,prior,1,5,8,
940,131,prior,2,5,11,16.0
941,131,prior,3,1,14,10.0
942,131,prior,4,6,9,13.0
943,131,prior,5,3,18,6.0
944,131,train,6,3,9,1.0
945,132,prior,1,1,9,
946,132,prior,2,3,20,22.0
947,132,prior,3,4,7,5.0
948,132,prior,4,6,8,28.0
949,132,prior,5,0,10,28.0
950,132,prior,6,0,9,26.0
951,132,prior,7,3,12,12.0
952,132,train,8,6,16,10.0
953,133,prior,1,4,12,
954,133,prior,2,3,17,15.0
955,133,prior,3,5,12,4.0
956,133,prior,4,3,9,8.0
957,133,prior,5,3,9,24.0
958,133,prior,6,3,21,7.0
959,133,prior,7,1,15,29.0
960,133,prior,8,0,18,23.0
961,133,prior,9,1,15,1.0
962,133,train,10,4,8,24.0
963,134,prior,1,0,7,
964,134,prior,2,0,19,19.0
965,134,prior,3,5,20,16.0
966,134,prior,4,5,18,3.0
967,134,prior,5,1,18,21.0
968,134,prior,6,4,13,24.0
969,134,prior,7,1,13,5.0
970,134,prior,8,0,10,15.0
971,134,train,9,2,7,7.0
972,135,prior,1,2,13,
973,135,prior,2,6,20,14.0
974,135,prior,3,5,20,11.0
975,135,prior,4,0,11,5.0
976,135,prior,5,1,20,1.0
977,135,prior,6,4,17,8.0
978,135,train,7,5,13,9.0
979,136,prior,1,4,9,
980,136,prior,2,2,8,4.0
981,136,prior,3,0,9,10.0
982,136,prior,4,0,7,12.0
983,136,prior,5,5,7,19.0
984,136,prior,6,2,12,16.0
985,136,train,7,0,14,15.0
986,137,prior,1,6,20,
987,137,prior,2,6,21,23.0
988,137,prior,3,2,10,5.0
989,137,prior,4,0,8,17.0
990,137,prior,5,0,11,10.0
991,137,prior,6,1,14,23.0
992,137,prior,7,6,15,7.0
993,137,train,8,6,19,9.0
994,138,prior,1,3,21,
995,138,prior,2,3,15,17.0
996,138,prior,3,1,9,25.0
997,138,prior,4,5,13,29.0
998,138,prior,5,6,16,14.0
999,138,train,6,2,12,8.0
1000,139,prior,1,2,20,
1001,139,prior,2,5,21,6.0
1002,139,prior,3,4,18,18.0
1003,139,prior,4,0,15,12.0
1004,139,train,5,5,20,6.0
1005,140,prior,1,2,15,
1006,140,prior,2,0,10,4.0
1007,140,prior,3,2,14,16.0
1008,140,prior,4,3,16,16.0
1009,140,prior,5,2,8,15.0
1010,140,prior,6,6,17,29.0
1011,140,train,7,1,19,15.0
1012,141,prior,1,6,12,
1013,141,prior,2,3,17,1.0
1014,141,prior,3,3,15,23.0
1015,141,train,4,4,8,25.0
1016,142,prior,1,5,20,
1017,142,prior,2,0,12,19.0
1018,142,prior,3,3,10,12.0
1019,142,prior,4,0,11,25.0
1020,142,prior,5,1,21,8.0
1021,142,prior,6,1,7,22.0
1022,142,train,7,2,15,28.0
1023,143,prior,1,1,16,
1024,143,prior,2,1,19,7.0
1025,143,prior,3,2,11,6.0
1026,143,prior,4,0,12,3.0
1027,143,prior,5,1,8,20.0
1028,143,prior,6,6,7,24.0
1029,143,prior,7,1,9,17.0
1030,143,prior,8,2,18,17.0
1031,143,prior,9,4,21,23.0
1032,143,train,10,6,8,14.0
1033,144,prior,1,5,9,
1034,144,prior,2,1,19,18.0
1035,144,prior,3,5,10,2.0
1036,144,prior,4,6,19,13.0
1037,144,prior,5,3,12,5.0
1038,144,train,6,0,12,14.0
1039,145,prior,1,2,16,
1040,145,prior,2,1,14,29.0
1041,145,prior,3,4,11,20.0
1042,145,prior,4,6,8,28.0
1043,145,train,5,1,7,17.0
1044,146,prior,1,0,9,
1045,146,prior,2,3,7,3.0
1046,146,prior,3,1,9,20.0
1047,146,prior,4,2,21,2.0
1048,146,prior,5,4,19,4.0
1049,146,prior,6,1,21,29.0
1050,146,prior,7,0,16,4.0
1051,146,prior,8,2,21,8.0
1052,146,train,9,2,11,11.0
1053,147,prior,1,4,15,
1054,147,prior,2,2,10,29.0
1055,147,prior,3,5,8,4.0
1056,147,prior,4,5,15,26.0
1057,147,prior,5,2,19,8.0
1058,147,prior,6,3,10,19.0
1059,147,train,7,6,15,10.0
1060,148,prior,1,5,21,
1061,148,prior,2,2,20,4.0
1062,148,prior,3,1,8,16.0
1063,148,prior,4,6,15,28.0
1064,148,train,5,1,17,8.0
1065,149,prior,1,4,14,
1066,149,prior,2,6,10,23.0
1067,149,prior,3,3,21,7.0
1068,149,prior,4,2,15,11.0
1069,149,prior,5,1,11,20.0
1070,149,prior,6,3,17,1.0
1071,149,prior,7,1,21,15.0
1072,149,prior,8,2,18,7.0
1073,149,train,9,1,7,16.0
1074,150,prior,1,1,16,
1075,150,prior,2,3,20,11.0
1076,150,prior,3,0,11,23.0
1077,150,prior,4,5,14,9.0
1078,150,prior,5,3,21,16.0
1079,150,prior,6,3,14,10.0
1080,150,train,7,6,15,18.0
1081,151,prior,1,3,10,
1082,151,prior,2,4,19,11.0
1083,151,prior,3,2,11,4.0
1084,151,prior,4,0,19,8.0
1085,151,prior,5,5,12,25.0
1086,151,prior,6,1,20,25.0
1087,151,train,7,2,11,29.0
1088,152,prior,1,1,18,
1089,152,prior,2,6,19,25.0
1090,152,prior,3,1,7,28.0
1091,152,prior,4,4,15,7.0
1092,152,prior,5,0,17,8.0
1093,152,prior,6,5,20,24.0
1094,152,train,7,4,19,5.0
1095,153,prior,1,6,11,
1096,153,prior,2,6,19,15.0
1097,153,prior,3,5,18,18.0
1098,153,prior,4,2,18,28.0
1099,153,prior,5,5,9,7.0
1100,153,prior,6,3,9,27.0
1101,153,prior,7,3,20,21.0
1102,153,prior,8,0,21,26.0
1103,153,prior,9,6,7,7.0
1104,153,train,10,6,16,16.0
1105,154,prior,1,4,8,
1106,154,prior,2,5,21,27.0
1107,154,prior,3,1,19,21.0
1108,154,prior,4,3,21,29.0
1109,154,prior,5,0,9,14.0
1110,154,prior,6,4,7,8.0
1111,154,prior,7,2,11,4.0
1112,154,train,8,5,21,16.0
1113,155,prior,1,2,11,
1114,155,prior,2,1,14,16.0
1115,155,prior,3,5,11,10.0
1116,155,prior,4,6,17,18.0
1117,155,prior,5,0,8,19.0
1118,155,train,6,2,17,28.0
1119,156,prior,1,1,8,
1120,156,prior,2,0,20,20.0
1121,156,prior,3,1,7,12.0
1122,156,prior,4,0,9,13.0
1123,156,prior,5,5,19,12.0
1124,156,prior,6,3,20,14.0
1125,156,prior,7,6,15,27.0
1126,156,train,8,4,10,22.0
1127,157,prior,1,5,11,
1128,157,prior,2,6,17,21.0
1129,157,prior,3,0,16,25.0
1130,157,prior,4,1,9,29.0
1131,157,train,5,0,12,23.0
1132,158,prior,1,1,17,
1133,158,prior,2,6,18,2.0
1134,158,prior,3,6,21,26.0
1135,158,prior,4,4,9,14.0
1136,158,prior,5,2,12,15.0
1137,158,train,6,3,17,5.0
1138,159,prior,1,1,17,
1139,159,prior,2,6,20,17.0
1140,159,prior,3,5,18,11.0
1141,159,prior,4,4,9,13.0
1142,159,prior,5,0,11,11.0
1143,159,prior,6,4,11,24.0
1144,159,prior,7,3,7,13.0
1145,159,prior,8,5,15,18.0
1146,159,prior,9,2,18,2.0
1147,159,train,10,0,7,10.0
1148,160,prior,1,6,13,
1149,160,prior,2,6,17,22.0
1150,160,prior,3,4,9,7.0
1151,160,prior,4,5,10,20.0
1152,160,prior,5,3,12,25.0
1153,160,prior,6,6,12,2.0
1154,160,prior,7,5,14,7.0
1155,160,train,8,0,18,25.0
1156,161,prior,1,3,9,
1157,161,prior,2,6,17,14.0
1158,161,prior,3,5,8,21.0
1159,161,prior,4,5,19,27.0
1160,161,prior,5,5,7,7.0
1161,161,prior,6,3,20,17.0
1162,161,prior,7,2,11,24.0
1163,161,prior,8,5,14,14.0
1164,161,train,9,2,10,21.0
1165,162,prior,1,5,9,
1166,162,prior,2,6,20,25.0
1167,162,prior,3,0,9,10.0
1168,162,prior,4,3,7,12.0
1169,162,prior,5,0,17,2.0
1170,162,prior,6,0,14,21.0
1171,162,prior,7,2,21,28.0
1172,162,train,8,1,9,24.0
1173,163,prior,1,2,17,
1174,163,prior,2,2,13,2.0
1175,163,prior,3,5,20,25.0
1176,163,prior,4,4,18,25.0
1177,163,train,5,3,16,1.0
1178,164,prior,1,3,14,
1179,164,prior,2,6,14,11.0
1180,164,prior,3,1,9,6.0
1181,164,prior,4,6,7,1.0
1182,164,prior,5,5,21,26.0
1183,164,prior,6,0,19,16.0
1184,164,prior,7,0,11,20.0
1185,164,prior,8,5,11,27.0
1186,164,train,9,3,19,17.0
1187,165,prior,1,4,18,
1188,165,prior,2,1,7,21.0
1189,165,prior,3,1,20,14.0
1190,165,prior,4,2,15,7.0
1191,165,prior,5,5,15,8.0
1192,165,prior,6,3,10,20.0
1193,165,prior,7,3,10,25.0
1194,165,prior,8,6,8,29.0
1195,165,prior,9,3,17,11.0
1196,165,train,10,3,13,6.0
1197,166,prior,1,0,8,
1198,166,prior,2,2,9,26.0
1199,166,prior,3,3,11,6.0
1200,166,prior,4,2,8,20.0
1201,166,prior,5,6,8,4.0
1202,166,prior,6,6,15,25.0
1203,166,prior,7,5,16,27.0
1204,166,prior,8,3,15,2.0
1205,166,prior,9,0,9,28.0
1206,166,train,10,5,7,16.0
1207,167,prior,1,3,9,
1208,167,prior,2,2,11,26.0
1209,167,prior,3,5,18,21.0
1210,167,prior,4,3,10,23.0
1211,167,prior,5,2,18,19.0
1212,167,prior,6,5,12,25.0
1213,167,prior,7,4,20,3.0
1214,167,prior,8,4,11,19.0
1215,167,prior,9,5,12,28.0
1216,167,train,10,0,7,15.0
1217,168,prior,1,0,15,
1218,168,prior,2,1,11,2.0
1219,168,prior,3,3,13,28.0
1220,168,prior,4,2,18,1.0
1221,168,prior,5,3,10,19.0
1222,168,prior,6,3,18,20.0
1223,168,train,7,6,21,24.0
1224,169,prior,1,3,10,
1225,169,prior,2,1,7,4.0
1226,169,prior,3,1,20,29.0
1227,169,prior,4,2,10,27.0
1228,169,prior,5,6,14,15.0
1229,169,prior,6,3,7,9.0
1230,169,prior,7,2,20,13.0
1231,169,train,8,4,16,22.0
1232,170,prior,1,6,9,
1233,170,prior,2,4,18,22.0
1234,170,prior,3,1,17,26.0
1235,170,prior,4,4,14,3.0
1236,170,prior,5,4,10,21.0
1237,170,prior,6,4,14,4.0
1238,170,train,7,1,21,14.0
1239,171,prior,1,4,11,
1240,171,prior,2,2,19,27.0
1241,171,prior,3,5,9,16.0
1242,171,prior,4,2,20,21.0
1243,171,prior,5,3,9,28.0
1244,171,prior,6,6,14,20.0
1245,171,train,7,2,16,1.0
1246,172,prior,1,4,12,
1247,172,prior,2,2,7,25.0
1248,172,prior,3,6,8,26.0
1249,172,prior,4,1,9,12.0
1250,172,train,5,4,10,6.0
1251,173,prior,1,2,20,
1252,173,prior,2,3,8,19.0
1253,173,prior,3,0,18,22.0
1254,173,prior,4,6,9,29.0
1255,173,prior,5,5,16,15.0
1256,173,prior,6,2,8,18.0
1257,173,prior,7,3,21,12.0
1258,173,train,8,5,11,12.0
1259,174,prior,1,1,21,
1260,174,prior,2,2,8,8.0
1261,174,prior,3,3,14,11.0
1262,174,train,4,2,16,3.0
1263,175,prior,1,0,13,
1264,175,prior,2,6,16,19.0
1265,175,prior,3,5,8,18.0
1266,175,prior,4,5,10,13.0
1267,175,prior,5,1,12,1.0
1268,175,prior,6,6,10,9.0
1269,175,prior,7,3,20,2.0
1270,175,prior,8,0,11,15.0
1271,175,prior,9,2,17,20.0
1272,175,train,10,2,18,4.0
1273,176,prior,1,4,9,
1274,176,prior,2,2,11,4.0
1275,176,prior,3,0,16,4.0
1276,176,prior,4,2,12,15.0
1277,176,prior,5,0,12,13.0
1278,176,train,6,4,9,9.0
1279,177,prior,1,5,8,
1280,177,prior,2,2,16,25.0
1281,177,prior,3,3,21,7.0
1282,177,prior,4,5,20,20.0
1283,177,prior,5,2,18,14.0
1284,177,prior,6,2,21,18.0
1285,177,train,7,1,11,18.0
1286,178,prior,1,2,7,
1287,178,prior,2,5,7,4.0
1288,178,prior,3,0,16,13.0
1289,178,train,4,1,13,23.0
1290,179,prior,1,1,12,
1291,179,prior,2,4,7,19.0
1292,179,prior,3,5,12,13.0
1293,179,prior,4,6,14,15.0
1294,179,prior,5,4,8,9.0
1295,179,prior,6,1,21,18.0
1296,179,train,7,6,13,22.0
1297,180,prior,1,2,15,
1298,180,prior,2,4,7,15.0
1299,180,prior,3,5,17,17.0
1300,180,prior,4,3,16,22.0
1301,180,prior,5,3,15,10.0
1302,180,prior,6,5,11,11.0
1303,180,prior,7,5,14,23.0
1304,180,prior,8,4,13,8.0
1305,180,train,9,0,16,2.0
1306,181,prior,1,0,20,
1307,181,prior,2,5,12,5.0
1308,181,prior,3,6,20,29.0
1309,181,prior,4,1,15,4.0
1310,181,prior,5,5,19,18.0
1311,181,train,6,5,19,11.0
1312,182,prior,1,5,14,
1313,182,prior,2,3,21,6.0
1314,182,prior,3,4,15,15.0
1315,182,prior,4,1,21,11.0
1316,182,prior,5,5,7,2.0
1317,182,prior,6,0,9,28.0
1318,182,prior,7,6,8,21.0
1319,182,prior,8,2,20,6.0
1320,182,prior,9,1,14,23.0
1321,182,train,10,0,11,28.0
1322,183,prior,1,3,15,
1323,183,prior,2,6,15,22.0
1324,183,prior,3,6,16,21.0
1325,183,prior,4,1,9,28.0
1326,183,prior,5,5,21,6.0
1327,183,prior,6,5,7,20.0
1328,183,prior,7,5,12,11.0
1329,183,prior,8,0,12,9.0
1330,183,prior,9,0,20,27.0
1331,183,train,10,2,20,26.0
1332,184,prior,1,5,18,
1333,184,prior,2,2,18,9.0
1334,184,prior,3,5,11,4.0
1335,184,prior,4,4,13,6.0
1336,184,prior,5,2,21,14.0
1337,184,prior,6,1,21,19.0
1338,184,prior,7,5,9,26.0
1339,184,prior,8,5,15,1.0
1340,184,prior,9,2,16,27.0
1341,184,train,10,6,11,1.0
1342,185,prior,1,6,16,
1343,185,prior,2,5,8,16.0
1344,185,prior,3,6,8,24.0
1345,185,prior,4,5,21,20.0
1346,185,prior,5,6,20,19.0
1347,185,prior,6,0,14,27.0
1348,185,train,7,2,20,9.0
1349,186,prior,1,4,7,
1350,186,prior,2,4,20,24.0
1351,186,prior,3,5,9,18.0
1352,186,prior,4,0,7,8.0
1353,186,train,5,5,13,27.0
1354,187,prior,1,2,14,
1355,187,prior,2,1,12,12.0
1356,187,prior,3,6,21,23.0
1357,187,prior,4,3,15,23.0
1358,187,train,5,4,8,26.0
1359,188,prior,1,4,7,
1360,188,prior,2,0,21,6.0
1361,188,prior,3,0,15,3.0
1362,188,prior,4,1,9,10.0
1363,188,prior,5,1,12,11.0
1364,188,prior,6,6,8,3.0
1365,188,prior,7,4,9,22.0
1366,188,prior,8,3,18,6.0
1367,188,train,9,5,10,4.0
1368,189,prior,1,4,18,
1369,189,prior,2,3,13,3.0
1370,189,prior,3,5,19,4.0
1371,189,prior,4,1,21,21.0
1372,189,prior,5,1,15,4.0
1373,189,prior,6,1,8,5.0
1374,189,prior,7,2,13,28.0
1375,189,prior,8,2,9,14.0
1376,189,prior,9,1,21,26.0
1377,189,train,10,3,10,19.0
1378,190,prior,1,0,10,
1379,190,prior,2,2,16,23.0
1380,190,prior,3,0,15,17.0
1381,190,prior,4,4,10,19.0
1382,190,prior,5,3,18,2.0
1383,190,prior,6,3,15,15.0
1384,190,prior,7,1,18,4.0
1385,190,prior,8,2,18,1.0
1386,190,prior,9,3,9,20.0
1387,190,train,10,2,16,7.0
1388,191,prior,1,6,10,
1389,191,prior,2,2,12,23.0
1390,191,prior,3,6,14,11.0
1391,191,prior,4,6,20,21.0
1392,191,train,5,2,18,10.0
1393,192,prior,1,0,7,
1394,192,prior,2,5,7,9.0
1395,192,prior,3,6,16,21.0
1396,192,prior,4,3,19,3.0
1397,192,prior,5,1,20,14.0
1398,192,prior,6,1,19,26.0
1399,192,train,7,3,8,10.0
1400,193,prior,1,6,16,
1401,193,prior,2,6,12,25.0
1402,193,prior,3,5,21,15.0
1403,193,prior,4,2,8,19.0
1404,193,prior,5,1,17,10.0
1405,193,prior,6,0,7,13.0
1406,193,train,7,3,7,3.0
1407,194,prior,1,2,9,
1408,194,prior,2,4,7,9.0
1409,194,prior,3,1,13,8.0
1410,194,prior,4,5,8,21.0
1411,194,prior,5,5,7,28.0
1412,194,prior,6,4,16,17.0
1413,194,train,7,2,10,13.0
1414,195,prior,1,3,13,
1415,195,prior,2,6,8,7.0
1416,195,prior,3,0,16,22.0
1417,195,prior,4,6,18,5.0
1418,195,prior,5,3,15,8.0
1419,195,train,6,4,21,4.0
1420,196,prior,1,3,18,
1421,196,prior,2,4,19,13.0
1422,196,prior,3,1,12,8.0
1423,196,prior,4,2,16,18.0
1424,196,prior,5,2,21,23.0
1425,196,prior,6,5,21,16.0
1426,196,prior,7,5,9,11.0
1427,196,prior,8,6,16,19.0
1428,196,train,9,4,17,12.0
1429,197,prior,1,5,11,
1430,197,prior,2,5,11,12.0
1431,197,prior,3,0,12,14.0
1432,197,prior,4,4,16,10.0
1433,197,prior,5,3,8,15.0
1434,197,prior,6,2,11,4.0
1435,197,prior,7,5,18,24.0
1436,197,prior,8,5,19,25.0
1437,197,train,9,3,21,20.0
1438,198,prior,1,2,9,
1439,198,prior,2,4,7,2.0
1440,198,prior,3,1,11,13.0
1441,198,prior,4,4,21,10.0
1442,198,prior,5,5,7,13.0
1443,198,prior,6,2,19,26.0
1444,198,prior,7,1,15,11.0
1445,198,prior,8,0,8,29.0
1446,198,train,9,3,14,22.0
1447,199,prior,1,3,13,
1448,199,prior,2,1,9,26.0
1449,199,prior,3,0,20,20.0
1450,199,prior,4,2,7,21.0
1451,199,prior,5,5,12,4.0
1452,199,prior,6,3,7,7.0
1453,199,train,7,1,21,28.0
1454,200,prior,1,4,14,
1455,200,prior,2,0,10,28.0
1456,200,prior,3,5,17,14.0
1457,200,prior,4,0,14,24.0
1458,200,train,5,4,20,1.0
1459,201,prior,1,3,16,
1460,201,prior,2,6,21,7.0
1461,201,prior,3,0,10,4.0
1462,201,prior,4,2,13,18.0
1463,201,prior,5,2,19,12.0
1464,201,train,6,1,12,29.0
1465,202,prior,1,0,16,
1466,202,prior,2,5,7,23.0
1467,202,prior,3,6,17,12.0
1468,202,prior,4,0,13,23.0
1469,202,prior,5,5,15,6.0
1470,202,prior,6,3,7,4.0
1471,202,prior,7,6,13,18.0
1472,202,train,8,4,20,23.0
1473,203,prior,1,1,14,
1474,203,prior,2,5,12,29.0
1475,203,prior,3,1,19,23.0
1476,203,train,4,5,19,25.0
1477,204,prior,1,5,18,
1478,204,prior,2,1,11,18.0
1479,204,prior,3,6,7,15.0
1480,204,prior,4,1,10,20.0
1481,204,prior,5,5,8,9.0
1482,204,prior,6,5,17,26.0
1483,204,prior,7,6,21,29.0
1484,204,prior,8,0,14,25.0
1485,204,prior,9,3,10,27.0
1486,204,train,10,4,9,29.0
1487,205,prior,1,3,21,
1488,205,prior,2,6,12,2.0
1489,205,prior,3,0,13,4.0
1490,205,prior,4,4,16,26.0
1491,205,prior,5,3,14,12.0
1492,205,prior,6,3,9,1.0
1493,205,prior,7,2,9,25.0
1494,205,prior,8,6,20,21.0
1495,205,train,9,3,16,23.0
1496,206,prior,1,3,13,
1497,206,prior,2,6,7,3.0
1498,206,prior,3,2,19,16.0
1499,206,prior,4,4,7,21.0
1500,206,prior,5,2,21,2.0
1501,206,prior,6,0,13,14.0
1502,206,prior,7,5,9,25.0
1503,206,prior,8,5,12,20.0
1504,206,prior,9,5,15,10.0
1505,206,train,10,5,19,18.0
1506,207,prior,1,3,11,
1507,207,prior,2,0,11,20.0
1508,207,prior,3,1,14,25.0
1509,207,prior,4,6,16,20.0
1510,207,train,5,3,20,28.0
1511,208,prior,1,5,18,
1512,208,prior,2,1,15,24.0
1513,208,prior,3,1,21,22.0
1514,208,prior,4,6,13,26.0
1515,208,prior,5,1,13,13.0
1516,208,prior,6,4,8,9.0
1517,208,prior,7,5,11,2.0
1518,208,prior,8,4,13,4.0
1519,208,prior,9,2,15,17.0
1520,208,train,10,1,13,8.0
1521,209,prior,1,0,17,
1522,209,prior,2,2,19,22.0
1523,209,prior,3,1,13,26.0
1524,209,prior,4,2,14,19.0
1525,209,prior,5,2,10,5.0
1526,209,train,6,0,16,17.0
1527,210,prior,1,2,8,
1528,210,prior,2,2,13,15.0
1529,210,prior,3,1,15,10.0
1530,210,prior,4,4,14,14.0
1531,210,prior,5,4,11,6.0
1532,210,prior,6,5,11,26.0
1533,210,prior,7,3,9,19.0
1534,210,train,8,5,20,3.0
1535,211,prior,1,2,16,
1536,211,prior,2,5,12,5.0
1537,211,prior,3,2,18,7.0
1538,211,train,4,5,16,17.0
1539,212,prior,1,3,15,
1540,212,prior,2,4,9,12.0
1541,212,prior,3,2,18,26.0
1542,212,prior,4,6,12,21.0
1543,212,prior,5,5,8,1.0
1544,212,prior,6,6,21,18.0
1545,212,prior,7,4,21,11.0
1546,212,train,8,6,21,17.0
1547,213,prior,1,4,17,
1548,213,prior,2,6,19,4.0
1549,213,prior,3,5,18,13.0
1550,213,prior,4,0,10,29.0
1551,213,prior,5,1,7,25.0
1552,213,prior,6,2,8,10.0
1553,213,prior,7,1,11,14.0
1554,213,prior,8,6,15,18.0
1555,213,train,9,6,11,28.0
1556,214,prior,1,2,7,
1557,214,prior,2,1,8,11.0
1558,214,prior,3,4,12,20.0
1559,214,prior,4,6,21,20.0
1560,214,train,5,0,19,20.0
1561,215,prior,1,1,14,
1562,215,prior,2,2,7,2.0
1563,215,prior,3,4,20,5.0
1564,215,prior,4,3,10,15.0
1565,215,prior,5,5,9,28.0
1566,215,prior,6,5,18,15.0
1567,215,prior,7,0,14,29.0
1568,215,train,8,6,7,16.0
1569,216,prior,1,4,18,
1570,216,prior,2,1,8,23.0
1571,216,prior,3,4,8,16.0
1572,216,prior,4,1,15,6.0
1573,216,train,5,2,16,24.0
1574,217,prior,1,4,15,
1575,217,prior,2,4,14,27.0
1576,217,prior,3,1,16,14.0
1577,217,prior,4,1,8,26.0
1578,217,prior,5,5,11,18.0
1579,217,train,6,4,20,19.0
1580,218,prior,1,5,12,
1581,218,prior,2,5,12,2.0
1582,218,prior,3,1,17,9.0
1583,218,prior,4,5,10,25.0
1584,218,prior,5,6,16,4.0
1585,218,train,6,5,20,21.0
1586,219,prior,1,6,21,
1587,219,prior,2,3,9,10.0
1588,219,prior,3,3,10,8.0
1589,219,prior,4,3,21,19.0
1590,219,prior,5,3,12,23.0
1591,219,prior,6,3,21,18.0
1592,219,train,7,6,10,1.0
1593,220,prior,1,4,16,
1594,220,prior,2,0,19,15.0
1595,220,prior,3,0,17,29.0
1596,220,prior,4,6,20,16.0
1597,220,prior,5,4,7,7.0
1598,220,prior,6,1,10,5.0
1599,220,prior,7,4,10,1.0
1600,220,prior,8,0,13,23.0
1601,220,train,9,3,15,1.0
1602,221,prior,1,4,19,
1603,221,prior,2,5,21,12.0
1604,221,prior,3,3,15,1.0
1605,221,train,4,4,8,26.0
1606,222,prior,1,2,14,
1607,222,prior,2,1,7,18.0
1608,222,prior,3,3,13,9.0
1609,222,prior,4,6,18,24.0
1610,222,prior,5,2,12,18.0
1611,222,train,6,6,16,28.0
1612,223,prior,1,2,14,
1613,223,prior,2,6,11,23.0
1614,223,prior,3,4,17,7.0
1615,223,prior,4,0,20,12.0
1616,223,prior,5,3,10,2.0
1617,223,prior,6,3,10,14.0
1618,223,prior,7,4,10,7.0
1619,223,prior,8,0,21,19.0
1620,223,train,9,3,14,26.0
1621,224,prior,1,3,10,
1622,224,prior,2,6,10,16.0
1623,224,prior,3,2,14,29.0
1624,224,prior,4,5,20,5.0
1625,224,prior,5,6,21,9.0
1626,224,prior,6,2,13,7.0
1627,224,prior,7,3,16,24.0
1628,224,prior,8,2,19,5.0
1629,224,train,9,1,19,28.0
1630,225,prior,1,3,13,
1631,225,prior,2,0,15,8.0
1632,225,prior,3,0,18,23.0
1633,225,prior,4,1,11,14.0
1634,225,prior,5,2,21,22.0
1635,225,prior,6,1,19,29.0
1636,225,prior,7,0,21,20.0
1637,225,train,8,5,21,6.0
1638,226,prior,1,0,10,
1639,226,prior,2,2,13,10.0
1640,226,prior,3,2,18,24.0
1641,226,prior,4,3,18,22.0
1642,226,train,5,3,14,10.0
1643,227,prior,1,5,14,
1644,227,prior,2,0,13,21.0
1645,227,prior,3,1,12,27.0
1646,227,prior,4,3,18,28.0
1647,227,prior,5,2,7,26.0
1648,227,train,6,1,11,29.0
1649,228,prior,1,6,18,
1650,228,prior,2,4,20,25.0
1651,228,prior,3,6,14,26.0
1652,228,prior,4,4,14,16.0
1653,228,train,5,1,20,5.0
1654,229,prior,1,3,16,
1655,229,prior,2,5,17,29.0
1656,229,prior,3,1,21,12.0
1657,229,prior,4,6,7,15.0
1658,229,prior,5,6,15,29.0
1659,229,prior,6,0,19,3.0
1660,229,prior,7,0,16,1.0
1661,229,prior,8,1,19,4.0
1662,229,train,9,4,10,4.0
1663,230,prior,1,4,17,
1664,230,prior,2,0,14,4.0
1665,230,prior,3,0,20,26.0
1666,230,prior,4,2,21,27.0
1667,230,prior,5,6,16,3.0
1668,230,prior,6,5,14,29.0
1669,230,prior,7,1,18,8.0
1670,230,prior,8,2,19,11.0
1671,230,train,9,2,15,8.0
1672,231,prior,1,1,17,
1673,231,prior,2,6,21,5.0
1674,231,prior,3,0,20,11.0
1675,231,prior,4,6,15,15.0
1676,231,prior,5,2,14,18.0
1677,231,prior,6,3,8,15.0
1678,231,train,7,3,17,25.0
1679,232,prior,1,1,7,
1680,232,prior,2,6,18,17.0
1681,232,prior,3,4,21,27.0
1682,232,prior,4,4,8,26.0
1683,232,prior,5,4,19,4.0
1684,232,train,6,6,19,13.0
1685,233,prior,1,1,19,
1686,233,prior,2,5,15,23.0
1687,233,prior,3,4,12,22.0
1688,233,prior,4,2,21,3.0
1689,233,prior,5,4,16,28.0
1690,233,prior,6,5,18,7.0
1691,233,prior,7,0,21,13.0
1692,233,train,8,0,18,4.0
1693,234,prior,1,2,20,
1694,234,prior,2,6,21,26.0
1695,234,prior,3,0,13,21.0
1696,234,prior,4,2,12,18.0
1697,234,prior,5,1,18,24.0
1698,234,prior,6,0,14,17.0
1699,234,prior,7,5,10,24.0
1700,234,prior,8,0,8,16.0
1701,234,prior,9,0,12,14.0
1702,234,train,10,2,8,19.0
1703,235,prior,1,5,16,
1704,235,prior,2,4,20,13.0
1705,235,prior,3,6,20,8.0
1706,235,train,4,2,18,4.0
1707,236,prior,1,3,9,
1708,236,prior,2,3,11,24.0
1709,236,prior,3,5,13,26.0
1710,236,prior,4,4,17,4.0
1711,236,prior,5,0,18,3.0
1712,236,prior,6,2,19,1.0
1713,236,prior,7,1,11,9.0
1714,236,train,8,4,11,4.0
1715,237,prior,1,2,9,
1716,237,prior,2,5,15,4.0
1717,237,prior,3,0,9,23.0
1718,237,prior,4,0,12,13.0
1719,237,prior,5,5,21,18.0
1720,237,prior,6,3,18,2.0
1721,237,prior,7,6,12,9.0
1722,237,prior,8,5,17,2.0
1723,237,prior,9,0,8,17.0
1724,237,train,10,5,8,9.0
1725,238,prior,1,1,11,
1726,238,prior,2,6,19,27.0
1727,238,prior,3,6,12,26.0
1728,238,prior,4,5,8,26.0
1729,238,prior,5,6,10,16.0
1730,238,prior,6,5,9,22.0
1731,238,train,7,5,21,5.0
1732,239,prior,1,4,16,
1733,239,prior,2,0,13,25.0
1734,239,prior,3,0,18,17.0
1735,239,prior,4,6,20,6.0
1736,239,prior,5,3,19,29.0
1737,239,prior,6,0,17,4.0
1738,239,prior,7,1,19,22.0
1739,239,prior,8,5,18,12.0
1740,239,train,9,5,13,6.0
1741,240,prior,1,3,16,
1742,240,prior,2,6,8,29.0
1743,240,prior,3,6,20,12.0
1744,240,prior,4,1,17,20.0
1745,240,prior,5,4,9,2.0
1746,240,prior,6,4,12,13.0
1747,240,prior,7,3,12,7.0
1748,240,train,8,3,9,12.0
1749,241,prior,1,3,11,
1750,241,prior,2,6,19,22.0
1751,241,prior,3,4,9,10.0
1752,241,prior,4,3,15,14.0
1753,241,prior,5,1,9,27.0
1754,241,train,6,3,11,26.0
1755,242,prior,1,2,12,
1756,242,prior,2,5,18,9.0
1757,242,prior,3,3,17,20.0
1758,242,prior,4,0,17,1.0
1759,242,prior,5,4,16,19.0
1760,242,train,6,5,17,7.0
1761,243,prior,1,4,9,
1762,243,prior,2,3,9,1.0
1763,243,prior,3,0,7,14.0
1764,243,prior,4,0,17,20.0
1765,243,prior,5,6,11,13.0
1766,243,prior,6,3,11,16.0
1767,243,train,7,6,21,29.0
1768,244,prior,1,3,12,
1769,244,prior,2,6,9,15.0
1770,244,prior,3,5,20,22.0
1771,244,prior,4,0,20,22.0
1772,244,prior,5,3,12,13.0
1773,244,prior,6,2,13,11.0
1774,244,prior,7,2,16,26.0
1775,244,prior,8,3,18,12.0
1776,244,train,9,1,8,21.0
1777,245,prior,1,6,10,
1778,245,prior,2,6,7,19.0
1779,245,prior,3,3,18,11.0
1780,245,train,4,2,19,12.0
1781,246,prior,1,2,21,
1782,246,prior,2,3,21,29.0
1783,246,prior,3,4,13,21.0
1784,246,train,4,2,8,18.0
1785,247,prior,1,2,18,
1786,247,prior,2,4,17,13.0
1787,247,prior,3,4,19,18.0
1788,247,prior,4,1,14,3.0
1789,247,prior,5,0,16,23.0
1790,247,train,6,0,16,9.0
1791,248,prior,1,0,16,
1792,248,prior,2,3,7,12.0
1793,248,prior,3,5,10,23.0
1794,248,prior,4,3,16,21.0
1795,248,prior,5,0,21,16.0
1796,248,prior,6,6,7,2.0
1797,248,prior,7,5,11,14.0
1798,248,prior,8,2,13,24.0
1799,248,train,9,1,15,6.0
1800,249,prior,1,6,11,
1801,249,prior,2,1,7,29.0
1802,249,prior,3,0,10,5.0
1803,249,train,4,2,18,8.0
1804,250,prior,1,5,17,
1805,250,prior,2,5,12,11.0
1806,250,prior,3,0,7,2.0
1807,250,prior,4,2,12,21.0
1808,250,prior,5,4,14,18.0
1809,250,prior,6,2,16,18.0
1810,250,prior,7,5,14,25.0
1811,250,prior,8,4,14,7.0
1812,250,train,9,6,11,4.0
1813,251,prior,1,1,19,
1814,251,prior,2,1,20,27.0
1815,251,prior,3,1,16,25.0
1816,251,prior,4,5,21,2.0
1817,251,prior,5,3,18,2.0
1818,251,prior,6,0,20,16.0
1819,251,prior,7,3,14,15.0
1820,251,prior,8,5,13,17.0
1821,251,prior,9,4,16,29.0
1822,251,train,10,6,18,14.0
1823,252,prior,1,3,7,
1824,252,prior,2,0,13,4.0
1825,252,prior,3,1,13,6.0
1826,252,prior,4,3,19,23.0
1827,252,prior,5,5,11,1.0
1828,252,prior,6,6,7,8.0
1829,252,prior,7,3,16,1.0
1830,252,prior,8,0,17,20.0
1831,252,train,9,6,15,19.0
1832,253,prior,1,4,15,
1833,253,prior,2,0,14,4.0
1834,253,prior,3,6,20,2.0
1835,253,train,4,6,7,6.0
1836,254,prior,1,2,8,
1837,254,prior,2,6,8,28.0
1838,254,prior,3,0,13,8.0
1839,254,train,4,3,9,1.0
1840,255,prior,1,5,16,
1841,255,prior,2,2,15,1.0
1842,255,prior,3,1,18,4.0
1843,255,prior,4,0,7,23.0
1844,255,train,5,0,13,2.0
1845,256,prior,1,0,14,
1846,256,prior,2,5,17,13.0
1847,256,prior,3,1,16,23.0
1848,256,prior,4,1,7,18.0
1849,256,prior,5,1,8,4.0
1850,256,prior,6,4,19,13.0
1851,256,prior,7,4,15,6.0
1852,256,train,8,0,10,14.0
1853,257,prior,1,3,15,
1854,257,prior,2,4,13,22.0
1855,257,prior,3,2,21,18.0
1856,257,prior,4,5,14,19.0
1857,257,train,5,5,13,29.0
1858,258,prior,1,3,15,
1859,258,prior,2,3,14,11.0
1860,258,prior,3,4,21,6.0
1861,258,prior,4,6,11,8.0
1862,258,prior,5,5,8,22.0
1863,258,prior,6,3,9,11.0
1864,258,prior,7,3,11,27.0
1865,258,prior,8,4,7,11.0
1866,258,prior,9,6,20,12.0
1867,258,train,10,5,13,20.0
1868,259,prior,1,6,11,
1869,259,prior,2,5,9,10.0
1870,259,prior,3,4,12,4.0
1871,259,prior,4,5,7,10.0
1872,259,train,5,0,18,1.0
1873,260,prior,1,4,12,
1874,260,prior,2,5,19,2.0
1875,260,prior,3,2,13,15.0
1876,260,prior,4,4,19,19.0
1877,260,prior,5,6,7,10.0
1878,260,prior,6,3,14,6.0
1879,260,prior,7,6,11,2.0
1880,260,train,8,4,9,7.0
1881,261,prior,1,6,17,
1882,261,prior,2,0,21,19.0
1883,261,prior,3,6,9,8.0
1884,261,train,4,6,12,13.0
1885,262,prior,1,5,13,
1886,262,prior,2,0,12,1.0
1887,262,prior,3,3,17,29.0
1888,262,prior,4,3,11,9.0
1889,262,prior,5,6,8,7.0
1890,262,prior,6,4,9,21.0
1891,262,prior,7,0,17,2.0
1892,262,prior,8,4,16,24.0
1893,262,prior,9,4,11,15.0
1894,262,train,10,0,21,17.0
1895,263,prior,1,1,7,
1896,263,prior,2,1,18,21.0
1897,263,prior,3,3,10,27.0
1898,263,prior,4,1,7,25.0
1899,263,prior,5,6,21,28.0
1900,263,prior,6,2,10,25.0
1901,263,prior,7,4,16,24.0
1902,263,train,8,3,15,10.0
1903,264,prior,1,6,8,
1904,264,prior,2,6,15,29.0
1905,264,prior,3,0,16,14.0
1906,264,train,4,2,12,22.0
1907,265,prior,1,3,14,
1908,265,prior,2,3,16,23.0
1909,265,prior,3,5,18,11.0
1910,265,prior,4,0,18,13.0
1911,265,prior,5,6,21,25.0
1912,265,prior,6,4,17,14.0
1913,265,prior,7,6,15,18.0
1914,265,prior,8,6,7,23.0
1915,265,prior,9,0,19,4.0
1916,265,train,10,1,9,11.0
1917,266,prior,1,2,10,
1918,266,prior,2,0,9,7.0
1919,266,prior,3,1,9,27.0
1920,266,prior,4,6,13,29.0
1921,266,prior,5,3,18,26.0
1922,266,prior,6,6,19,15.0
1923,266,prior,7,1,14,24.0
1924,266,prior,8,4,12,27.0
1925,266,prior,9,1,7,12.0
1926,266,train,10,5,19,5.0
1927,267,prior,1,6,15,
1928,267,prior,2,1,7,3.0
1929,267,prior,3,1,8,1.0
1930,267,prior,4,3,18,5.0
1931,267,prior,5,4,16,25.0
1932,267,prior,6,5,7,15.0
1933,267,prior,7,1,12,27.0
1934,267,prior,8,1,11,29.0
1935,267,prior,9,1,8,6.0
1936,267,train,10,0,14,3.0
1937,268,prior,1,6,17,
1938,268,prior,2,6,9,24.0
1939,268,prior,3,4,11,6.0
1940,268,prior,4,5,10,19.0
1941,268,prior,5,4,19,13.0
1942,268,prior,6,5,13,25.0
1943,268,prior,7,6,10,8.0
1944,268,train,8,2,17,15.0
1945,269,prior,1,2,13,
1946,269,prior,2,1,13,28.0
1947,269,prior,3,0,16,3.0
1948,269,train,4,0,18,18.0
1949,270,prior,1,2,17,
1950,270,prior,2,1,17,26.0
1951,270,prior,3,1,14,4.0
1952,270,prior,4,5,10,19.0
1953,270,prior,5,5,16,20.0
1954,270,train,6,2,9,1.0
1955,271,prior,1,4,20,
1956,271,prior,2,4,7,19.0
1957,271,prior,3,2,15,5.0
1958,271,train,4,1,20,3.0
1959,272,prior,1,2,20,
1960,272,prior,2,6,11,19.0
1961,272,prior,3,6,20,14.0
1962,272,prior,4,4,13,3.0
1963,272,train,5,0,8,4.0
1964,273,prior,1,0,15,
1965,273,prior,2,0,13,20.0
1966,273,prior,3,2,12,11.0
1967,273,prior,4,4,9,1.0
1968,273,prior,5,2,11,22.0
1969,273,prior,6,1,13,3.0
1970,273,train,7,0,18,16.0
1971,274,prior,1,6,17,
1972,274,prior,2,6,9,27.0
1973,274,prior,3,1,7,12.0
1974,274,prior,4,1,17,17.0
1975,274,prior,5,3,8,11.0
1976,274,prior,6,0,8,14.0
1977,274,prior,7,3,10,23.0
1978,274,train,8,1,21,1.0
1979,275,prior,1,2,7,
1980,275,prior,2,5,9,26.0
1981,275,prior,3,0,14,5.0
1982,275,prior,4,5,12,9.0
1983,275,prior,5,5,10,22.0
1984,275,prior,6,2,16,26.0
1985,275,prior,7,3,11,13.0
1986,275,train,8,5,11,5.0
1987,276,prior,1,4,9,
1988,276,prior,2,3,10,23.0
1989,276,prior,3,3,11,11.0
1990,276,prior,4,2,17,28.0
1991,276,prior,5,5,13,12.0
1992,276,prior,6,6,14,21.0
1993,276,prior,7,6,7,22.0
1994,276,prior,8,0,18,16.0
1995,276,prior,9,5,13,4.0
1996,276,train,10,4,21,18.0
1997,277,prior,1,1,8,
1998,277,prior,2,4,17,26.0
1999,277,prior,3,6,8,3.0
2000,277,prior,4,2,17,23.0
2001,277,prior,5,3,17,29.0
2002,277,prior,6,6,8,11.0
2003,277,prior,7,2,12,19.0
2004,277,prior,8,2,12,7.0
2005,277,train,9,1,19,2.0
2006,278,prior,1,6,9,
2007,278,prior,2,2,14,14.0
2008,278,prior,3,6,10,19.0
2009,278,prior,4,6,8,26.0
2010,278,prior,5,2,11,20.0
2011,278,prior,6,6,16,23.0
2012,278,train,7,1,11,26.0
2013,279,prior,1,1,16,
2014,279,prior,2,3,7,25.0
2015,279,prior,3,1,13,18.0
2016,279,train,4,3,9,11.0
2017,280,prior,1,1,11,
2018,280,prior,2,1,10,16.0
2019,280,prior,3,5,12,7.0
2020,280,prior,4,4,10,2.0
2021,280,prior,5,5,10,11.0
2022,280,prior,6,2,11,6.0
2023,280,prior,7,5,14,13.0
2024,280,prior,8,3,8,3.0
2025,280,prior,9,5,10,10.0
2026,280,train,10,3,7,4.0
2027,281,prior,1,5,18,
2028,281,prior,2,3,17,8.0
2029,281,prior,3,1,10,20.0
2030,281,train,4,2,20,8.0
2031,282,prior,1,1,21,
2032,282,prior,2,0,21,7.0
2033,282,prior,3,6,21,23.0
2034,282,prior,4,2,11,2.0
2035,282,prior,5,0,15,28.0
2036,282,prior,6,5,21,14.0
2037,282,prior,7,1,20,25.0
2038,282,train,8,1,19,14.0
2039,283,prior,1,0,8,
2040,283,prior,2,1,15,1.0
2041,283,prior,3,2,12,16.0
2042,283,prior,4,4,12,24.0
2043,283,prior,5,2,21,2.0
2044,283,prior,6,4,21,7.0
2045,283,train,7,6,9,13.0
2046,284,prior,1,6,20,
2047,284,prior,2,4,18,22.0
2048,284,prior,3,2,21,20.0
2049,284,prior,4,2,20,2.0
2050,284,prior,5,3,7,27.0
2051,284,prior,6,1,10,20.0
2052,284,prior,7,6,17,20.0
2053,284,prior,8,5,9,23.0
2054,284,train,9,6,16,24.0
2055,285,prior,1,4,19,
2056,285,prior,2,6,18,14.0
2057,285,prior,3,4,8,28.0
2058,285,prior,4,3,21,27.0
2059,285,prior,5,0,21,9.0
2060,285,train,6,0,19,24.0
2061,286,prior,1,2,12,
2062,286,prior,2,4,15,7.0
2063,286,prior,3,5,9,29.0
2064,286,train,4,6,8,24.0
2065,287,prior,1,1,17,
2066,287,prior,2,2,8,19.0
2067,287,prior,3,6,7,3.0
2068,287,prior,4,0,18,10.0
2069,287,prior,5,1,18,2.0
2070,287,prior,6,5,8,5.0
2071,287,prior,7,4,15,8.0
2072,287,train,8,3,19,29.0
2073,288,prior,1,6,19,
2074,288,prior,2,4,16,24.0
2075,288,prior,3,2,10,9.0
2076,288,train,4,1,13,15.0
2077,289,prior,1,6,7,
2078,289,prior,2,2,17,16.0
2079,289,prior,3,4,17,10.0
2080,289,prior,4,6,11,3.0
2081,289,prior,5,3,8,13.0
2082,289,prior,6,1,19,11.0
2083,289,prior,7,1,11,13.0
2084,289,prior,8,5,12,10.0
2085,289,prior,9,1,10,25.0
2086,289,train,10,4,19,13.0
2087,290,prior,1,4,8,
2088,290,prior,2,0,14,25.0
2089,290,prior,3,2,12,10.0
2090,290,train,4,5,11,19.0
2091,291,prior,1,2,12,
2092,291,prior,2,4,17,12.0
2093,291,prior,3,0,15,6.0
2094,291,prior,4,1,15,27.0
2095,291,prior,5,2,13,19.0
2096,291,prior,6,6,12,24.0
2097,291,prior,7,3,14,9.0
2098,291,train,8,4,16,10.0
2099,292,prior,1,3,12,
2100,292,prior,2,0,15,25.0
2101,292,prior,3,2,8,10.0
2102,292,prior,4,5,13,21.0
2103,292,prior,5,2,13,9.0
2104,292,prior,6,3,16,16.0
2105,292,train,7,0,11,2.0
2106,293,prior,1,5,15,
2107,293,prior,2,5,17,6.0
2108,293,prior,3,6,20,23.0
2109,293,prior,4,0,15,22.0
2110,293,prior,5,5,12,8.0
2111,293,prior,6,3,8,20.0
2112,293,prior,7,2,16,28.0
2113,293,prior,8,3,16,7.0
2114,293,prior,9,3,10,8.0
2115,293,train,10,0,21,16.0
2116,294,prior,1,6,17,
2117,294,prior,2,5,20,3.0
2118,294,prior,3,4,21,2.0
2119,294,prior,4,4,20,25.0
2120,294,prior,5,2,18,29.0
2121,294,prior,6,4,19,20.0
2122,294,prior,7,0,10,26.0
2123,294,train,8,6,11,2.0
2124,295,prior,1,4,14,
2125,295,prior,2,5,13,4.0
2126,295,prior,3,6,8,16.0
2127,295,train,4,1,7,15.0
2128,296,prior,1,5,8,
2129,296,prior,2,0,11,5.0
2130,296,prior,3,4,9,22.0
2131,296,prior,4,5,13,20.0
2132,296,prior,5,3,8,8.0
2133,296,prior,6,6,19,20.0
2134,296,prior,7,1,8,22.0
2135,296,prior,8,4,11,1.0
2136,296,train,9,0,15,20.0
2137,297,prior,1,2,12,
2138,297,prior,2,3,10,23.0
2139,297,prior,3,1,12,18.0
2140,297,prior,4,1,21,12.0
2141,297,prior,5,2,13,20.0
2142,297,prior,6,5,8,17.0
2143,297,prior,7,2,11,11.0
2144,297,prior,8,0,17,8.0
2145,297,train,9,5,13,4.0
2146,298,prior,1,6,16,
2147,298,prior,2,5,15,24.0
2148,298,prior,3,6,21,20.0
2149,298,prior,4,5,19,15.0
2150,298,train,5,1,11,3.0
2151,299,prior,1,6,20,
2152,299,prior,2,5,11,24.0
2153,299,prior,3,6,19,25.0
2154,299,prior,4,2,15,14.0
2155,299,prior,5,3,11,14.0
2156,299,train,6,3,18,16.0
2157,300,prior,1,0,20,
2158,300,prior,2,0,20,1.0
2159,300,prior,3,3,14,16.0
2160,300,prior,4,3,16,12.0
2161,300,prior,5,4,8,21.0
2162,300,train,6,4,13,17.0
2163,301,prior,1,3,21,
2164,301,prior,2,2,18,23.0
2165,301,prior,3,1,9,19.0
2166,301,prior,4,3,18,8.0
2167,301,prior,5,6,7,3.0
2168,301,prior,6,6,21,4.0
2169,301,prior,7,6,18,24.0
2170,301,prior,8,3,10,24.0
2171,301,prior,9,4,11,25.0
2172,301,train,10,2,7,15.0
2173,302,prior,1,2,13,
2174,302,prior,2,4,19,26.0
2175,302,prior,3,4,15,17.0
2176,302,prior,4,5,21,15.0
2177,302,prior,5,2,10,14.0
2178,302,prior,6,3,10,4.0
2179,302,prior,7,5,10,21.0
2180,302,train,8,6,12,21.0
2181,303,prior,1,0,7,
2182,303,prior,2,6,18,4.0
2183,303,prior,3,2,21,6.0
2184,303,prior,4,0,21,20.0
2185,303,prior,5,2,14,28.0
2186,303,train,6,5,13,29.0
2187,304,prior,1,2,9,
2188,304,prior,2,0,19,28.0
2189,304,prior,3,6,15,19.0
2190,304,train,4,6,17,27.0
2191,305,prior,1,5,11,
2192,305,prior,2,3,16,15.0
2193,305,prior,3,1,17,10.0
2194,305,prior,4,5,7,9.0
2195,305,prior,5,3,15,25.0
2196,305,prior,6,0,13,10.0
2197,305,train,7,4,13,29.0
2198,306,prior,1,1,16,
2199,306,prior,2,6,15,9.0
2200,306,prior,3,2,18,23.0
2201,306,prior,4,6,14,26.0
2202,306,prior,5,0,15,7.0
2203,306,prior,6,1,13,29.0
2204,306,prior,7,1,9,17.0
2205,306,prior,8,3,18,10.0
2206,306,prior,9,2,16,10.0
2207,306,train,10,5,8,22.0
2208,307,prior,1,0,11,
2209,307,prior,2,6,15,13.0
2210,307,prior,3,6,16,15.0
2211,307,prior,4,2,15,3.0
2212,307,prior,5,6,20,3.0
2213,307,prior,6,0,16,20.0
2214,307,train,7,6,15,26.0
2215,308,prior,1,3,19,
2216,308,prior,2,2,10,5.0
2217,308,prior,3,0,10,15.0
2218,308,prior,4,1,7,23.0
2219,308,train,5,6,8,26.0
2220,309,prior,1,3,10,
2221,309,prior,2,6,15,8.0
2222,309,prior,3,5,20,4.0
2223,309,prior,4,1,7,26.0
2224,309,prior,5,4,14,12.0
2225,309,train,6,4,21,13.0
2226,310,prior,1,4,8,
2227,310,prior,2,3,10,11.0
2228,310,prior,3,0,21,21.0
2229,310,prior,4,5,14,4.0
2230,310,prior,5,3,8,10.0
2231,310,train,6,3,19,13.0
2232,311,prior,1,2,7,
2233,311,prior,2,6,18,19.0
2234,311,prior,3,2,21,20.0
2235,311,prior,4,1,19,14.0
2236,311,prior,5,0,19,1.0
2237,311,train,6,4,8,27.0
2238,312,prior,1,3,11,
2239,312,prior,2,4,12,19.0
2240,312,prior,3,3,16,13.0
2241,312,prior,4,6,7,6.0
2242,312,prior,5,1,18,17.0
2243,312,prior,6,2,21,16.0
2244,312,prior,7,0,16,3.0
2245,312,prior,8,2,17,11.0
2246,312,prior,9,1,17,13.0
2247,312,train,10,3,13,7.0
2248,313,prior,1,3,19,
2249,313,prior,2,3,15,9.0
2250,313,prior,3,4,11,17.0
2251,313,prior,4,3,21,27.0
2252,313,prior,5,0,16,13.0
2253,313,prior,6,0,19,5.0
2254,313,prior,7,5,10,24.0
2255,313,train,8,1,20,1.0
2256,314,prior,1,1,8,
2257,314,prior,2,4,11,13.0
2258,314,prior,3,0,16,17.0
2259,314,train,4,2,15,26.0
2260,315,prior,1,5,16,
2261,315,prior,2,6,21,11.0
2262,315,prior,3,6,19,26.0
2263,315,prior,4,1,8,4.0
2264,315,train,5,3,16,17.0
2265,316,prior,1,1,19,
2266,316,prior,2,0,15,27.0
2267,316,prior,3,6,14,6.0
2268,316,prior,4,4,11,9.0
2269,316,prior,5,5,13,26.0
2270,316,prior,6,2,10,19.0
2271,316,train,7,4,11,29.0
2272,317,prior,1,0,10,
2273,317,prior,2,2,7,1.0
2274,317,prior,3,5,21,7.0
2275,317,prior,4,3,9,13.0
2276,317,prior,5,2,14,5.0
2277,317,prior,6,5,15,8.0
2278,317,prior,7,6,8,21.0
2279,317,prior,8,3,16,1.0
2280,317,train,9,4,19,1.0
2281,318,prior,1,4,16,
2282,318,prior,2,4,9,22.0
2283,318,prior,3,1,15,27.0
2284,318,prior,4,0,9,8.0
2285,318,prior,5,1,15,8.0
2286,318,prior,6,3,14,5.0
2287,318,prior,7,4,8,13.0
2288,318,prior,8,4,9,5.0
2289,318,prior,9,4,18,1.0
2290,318,train,10,1,7,18.0
2291,319,prior,1,2,16,
2292,319,prior,2,4,20,1.0
2293,319,prior,3,6,12,25.0
2294,319,prior,4,3,12,12.0
2295,319,prior,5,0,8,6.0
2296,319,prior,6,3,7,22.0
2297,319,prior,7,2,11,13.0
2298,319,train,8,4,10,15.0
2299,320,prior,1,2,20,
2300,320,prior,2,4,8,25.0
2301,320,prior,3,0,10,27.0
2302,320,prior,4,0,13,17.0
2303,320,prior,5,4,17,9.0
2304,320,prior,6,6,20,15.0
2305,320,prior,7,6,21,17.0
2306,320,train,8,2,17,3.0
2307,321,prior,1,0,13,
2308,321,prior,2,5,14,11.0
2309,321,prior,3,4,7,14.0
2310,321,prior,4,5,15,6.0
2311,321,prior,5,0,9,9.0
2312,321,prior,6,3,12,3.0
2313,321,prior,7,2,17,25.0
2314,321,prior,8,4,7,11.0
2315,321,prior,9,5,21,6.0
2316,321,train,10,6,7,17.0
2317,322,prior,1,5,15,
2318,322,prior,2,2,15,2.0
2319,322,prior,3,0,18,17.0
2320,322,prior,4,4,7,7.0
2321,322,train,5,0,17,10.0
2322,323,prior,1,3,21,
2323,323,prior,2,5,21,10.0
2324,323,prior,3,1,8,18.0
2325,323,train,4,5,16,27.0
2326,324,prior,1,4,16,
2327,324,prior,2,2,21,4.0
2328,324,prior,3,5,15,28.0
2329,324,prior,4,5,14,20.0
2330,324,prior,5,3,7,25.0
2331,324,prior,6,4,9,22.0
2332,324,prior,7,6,17,23.0
2333,324,prior,8,4,20,6.0
2334,324,train,9,6,17,16.0
2335,325,prior,1,5,13,
2336,325,prior,2,0,13,11.0
2337,325,prior,3,4,9,25.0
2338,325,train,4,5,20,8.0
2339,326,prior,1,1,18,
2340,326,prior,2,5,19,18.0
2341,326,prior,3,2,13,13.0
2342,326,train,4,2,18,28.0
2343,327,prior,1,6,15,
2344,327,prior,2,3,14,20.0
2345,327,prior,3,4,15,9.0
2346,327,train,4,5,7,16.0
2347,328,prior,1,5,21,
2348,328,prior,2,5,17,24.0
2349,328,prior,3,5,16,15.0
2350,328,prior,4,1,18,28.0
2351,328,train,5,5,18,20.0
2352,329,prior,1,0,11,
2353,329,prior,2,0,7,9.0
2354,329,prior,3,6,19,26.0
2355,329,prior,4,0,16,28.0
2356,329,prior,5,1,13,13.0
2357,329,prior,6,3,9,2.0
2358,329,prior,7,3,10,22.0
2359,329,prior,8,5,21,22.0
2360,329,train,9,6,19,27.0
2361,330,prior,1,5,14,
2362,330,prior,2,4,10,28.0
2363,330,prior,3,2,19,24.0
2364,330,prior,4,0,14,20.0
2365,330,train,5,3,17,22.0
2366,331,prior,1,3,19,
2367,331,prior,2,0,21,6.0
2368,331,prior,3,6,18,3.0
2369,331,prior,4,1,17,28.0
2370,331,prior,5,2,12,24.0
2371,331,prior,6,1,21,14.0
2372,331,prior,7,0,19,7.0
2373,331,prior,8,3,21,27.0
2374,331,train,9,4,21,19.0
2375,332,prior,1,6,19,
2376,332,prior,2,6,7,25.0
2377,332,prior,3,1,10,28.0
2378,332,prior,4,4,10,27.0
2379,332,prior,5,6,21,6.0
2380,332,prior,6,4,13,27.0
2381,332,train,7,4,17,3.0
2382,333,prior,1,2,16,
2383,333,prior,2,6,8,12.0
2384,333,prior,3,0,11,4.0
2385,333,prior,4,1,12,5.0
2386,333,prior,5,5,21,7.0
2387,333,prior,6,0,13,6.0
2388,333,prior,7,0,20,1.0
2389,333,train,8,0,18,17.0
2390,334,prior,1,5,17,
2391,334,prior,2,5,14,1.0
2392,334,prior,3,0,16,7.0
2393,334,prior,4,4,12,13.0
2394,334,train,5,5,17,20.0
2395,335,prior,1,0,16,
2396,335,prior,2,2,11,5.0
2397,335,prior,3,2,7,12.0
2398,335,prior,4,0,15,29.0
2399,335,prior,5,4,14,18.0
2400,335,prior,6,6,15,21.0
2401,335,prior,7,3,17,8.0
2402,335,prior,8,4,12,3.0
2403,335,train,9,6,17,23.0
2404,336,prior,1,0,15,
2405,336,prior,2,2,16,20.0
2406,336,prior,3,4,20,26.0
2407,336,prior,4,4,20,23.0
2408,336,prior,5,2,19,27.0
2409,336,prior,6,3,12,29.0
2410,336,prior,7,4,12,16.0
2411,336,train,8,0,11,10.0
2412,337,prior,1,4,17,
2413,337,prior,2,4,14,18.0
2414,337,prior,3,6,9,28.0
2415,337,prior,4,3,13,13.0
2416,337,prior,5,0,21,20.0
2417,337,prior,6,0,7,21.0
2418,337,train,7,5,19,25.0
2419,338,prior,1,0,17,
2420,338,prior,2,3,9,10.0
2421,338,prior,3,3,20,24.0
2422,338,train,4,3,10,14.0
2423,339,prior,1,3,12,
2424,339,prior,2,5,20,7.0
2425,339,prior,3,4,12,20.0
2426,339,train,4,2,14,27.0
2427,340,prior,1,0,18,
2428,340,prior,2,5,14,19.0
2429,340,prior,3,4,20,8.0
2430,340,train,4,2,15,25.0
2431,341,prior,1,1,18,
2432,341,prior,2,6,17,9.0
2433,341,prior,3,3,9,1.0
2434,341,train,4,1,16,17.0
2435,342,prior,1,2,14,
2436,342,prior,2,1,17,5.0
2437,342,prior,3,1,8,4.0
2438,342,prior,4,6,10,1.0
2439,342,prior,5,4,13,29.0
2440,342,prior,6,3,13,3.0
2441,342,prior,7,0,12,25.0
2442,342,prior,8,1,20,25.0
2443,342,train,9,5,7,27.0
2444,343,prior,1,3,12,
2445,343,prior,2,5,15,16.0
2446,343,prior,3,4,18,1.0
2447,343,prior,4,2,16,20.0
2448,343,train,5,4,13,7.0
2449,344,prior,1,1,12,
2450,344,prior,2,4,18,12.0
2451,344,prior,3,3,9,10.0
2452,344,prior,4,2,17,15.0
2453,344,prior,5,5,10,4.0
2454,344,prior,6,2,7,2.0
2455,344,train,7,3,19,7.0
2456,345,prior,1,0,7,
2457,345,prior,2,1,8,10.0
2458,345,prior,3,5,15,10.0
2459,345,prior,4,0,7,26.0
2460,345,prior,5,0,17,25.0
2461,345,train,6,6,7,6.0
2462,346,prior,1,1,15,
2463,346,prior,2,1,17,15.0
2464,346,prior,3,1,8,9.0
2465,346,prior,4,4,18,16.0
2466,346,prior,5,3,17,23.0
2467,346,prior,6,6,9,27.0
2468,346,prior,7,3,11,14.0
2469,346,prior,8,4,11,4.0
2470,346,prior,9,4,10,26.0
2471,346,train,10,1,11,19.0
2472,347,prior,1,2,10,
2473,347,prior,2,1,11,16.0
2474,347,prior,3,0,12,17.0
2475,347,train,4,0,7,15.0
2476,348,prior,1,4,11,
2477,348,prior,2,6,11,13.0
2478,348,prior,3,3,15,14.0
2479,348,prior,4,3,8,27.0
2480,348,prior,5,5,15,13.0
2481,348,prior,6,4,11,7.0
2482,348,train,7,0,8,23.0
2483,349,prior,1,2,7,
2484,349,prior,2,4,13,16.0
2485,349,prior,3,3,20,12.0
2486,349,prior,4,4,13,21.0
2487,349,train,5,3,11,16.0
2488,350,prior,1,0,11,
2489,350,prior,2,6,21,5.0
2490,350,prior,3,1,21,19.0
2491,350,prior,4,5,7,13.0
2492,350,prior,5,2,13,1.0
2493,350,train,6,2,19,4.0
2494,351,prior,1,1,17,
2495,351,prior,2,0,15,21.0
2496,351,prior,3,5,21,7.0
2497,351,train,4,0,19,10.0
2498,352,prior,1,3,11,
2499,352,prior,2,6,7,6.0
2500,352,prior,3,2,15,10.0
2501,352,train,4,6,21,12.0
2502,353,prior,1,5,19,
2503,353,prior,2,2,16,20.0
2504,353,prior,3,0,8,14.0
2505,353,train,4,0,18,5.0
2506,354,prior,1,3,14,
2507,354,prior,2,1,18,26.0
2508,354,prior,3,0,11,24.0
2509,354,prior,4,5,11,28.0
2510,354,prior,5,0,21,26.0
2511,354,prior,6,6,18,26.0
2512,354,prior,7,3,10,7.0
2513,354,train,8,5,14,22.0
2514,355,prior,1,6,12,
2515,355,prior,2,5,19,13.0
2516,355,prior,3,2,15,23.0
2517,355,prior,4,0,13,4.0
2518,355,prior,5,0,7,11.0
2519,355,prior,6,3,10,17.0
2520,355,prior,7,6,11,18.0
2521,355,prior,8,1,9,8.0
2522,355,train,9,5,9,8.0
2523,356,prior,1,6,13,
2524,356,prior,2,4,15,22.0
2525,356,prior,3,2,19,25.0
2526,356,prior,4,5,19,22.0
2527,356,prior,5,4,15,20.0
2528,356,prior,6,3,15,2.0
2529,356,prior,7,0,14,10.0
2530,356,prior,8,6,20,29.0
2531,356,prior,9,2,20,11.0
2532,356,train,10,5,9,11.0
2533,357,prior,1,2,10,
2534,357,prior,2,1,16,3.0
2535,357,prior,3,1,12,14.0
2536,357,prior,4,4,20,25.0
2537,357,train,5,2,7,11.0
2538,358,prior,1,6,15,
2539,358,prior,2,3,17,26.0
2540,358,prior,3,1,20,1.0
2541,358,prior,4,4,21,26.0
2542,358,prior,5,4,13,7.0
2543,358,train,6,3,12,17.0
2544,359,prior,1,0,14,
2545,359,prior,2,5,21,1.0
2546,359,prior,3,2,18,10.0
2547,359,prior,4,0,18,21.0
2548,359,prior,5,2,16,10.0
2549,359,prior,6,6,18,13.0
2550,359,train,7,6,10,8.0
2551,360,prior,1,4,17,
2552,360,prior,2,0,19,15.0
2553,360,prior,3,5,21,22.0
2554,360,prior,4,1,21,1.0
2555,360,prior,5,2,12,12.0
2556,360,train,6,4,17,7.0
2557,361,prior,1,6,20,
2558,361,prior,2,3,20,15.0
2559,361,prior,3,0,8,21.0
2560,361,train,4,2,19,19.0
2561,362,prior,1,6,8,
2562,362,prior,2,5,9,9.0
2563,362,prior,3,6,12,12.0
2564,362,prior,4,0,7,14.0
2565,362,prior,5,1,9,22.0
2566,362,prior,6,5,16,17.0
2567,362,prior,7,2,19,23.0
2568,362,prior,8,5,8,12.0
2569,362,prior,9,3,8,16.0
2570,362,train,10,6,21,5.0
2571,363,prior,1,2,12,
2572,363,prior,2,6,17,13.0
2573,363,prior,3,0,16,26.0
2574,363,prior,4,0,14,10.0
2575,363,prior,5,6,15,21.0
2576,363,prior,6,2,17,16.0
2577,363,train,7,2,8,1.0
2578,364,prior,1,3,7,
2579,364,prior,2,0,20,24.0
2580,364,prior,3,1,10,19.0
2581,364,prior,4,1,14,14.0
2582,364,prior,5,1,12,14.0
2583,364,prior,6,4,7,3.0
2584,364,prior,7,6,12,4.0
2585,364,prior,8,3,18,12.0
2586,364,train,9,3,21,9.0
2587,365,prior,1,0,13,
2588,365,prior,2,6,18,13.0
2589,365,prior,3,4,20,5.0
2590,365,prior,4,4,7,28.0
2591,365,prior,5,6,21,26.0
2592,365,prior,6,0,16,24.0
2593,365,prior,7,3,18,26.0
2594,365,prior,8,2,21,19.0
2595,365,prior,9,3,20,10.0
2596,365,train,10,0,19,16.0
2597,366,prior,1,0,11,
2598,366,prior,2,1,21,28.0
2599,366,prior,3,5,16,28.0
2600,366,prior,4,0,8,29.0
2601,366,prior,5,3,15,19.0
2602,366,prior,6,0,7,23.0
2603,366,prior,7,5,10,1.0
2604,366,train,8,5,10,18.0
2605,367,prior,1,3,9,
2606,367,prior,2,6,14,21.0
2607,367,prior,3,2,21,4.0
2608,367,prior,4,4,8,7.0
2609,367,prior,5,5,15,4.0
2610,367,train,6,6,18,5.0
2611,368,prior,1,0,18,
2612,368,prior,2,5,9,19.0
2613,368,prior,3,5,12,2.0
2614,368,prior,4,0,20,6.0
2615,368,prior,5,6,13,23.0
2616,368,train,6,0,21,17.0
2617,369,prior,1,3,11,
2618,369,prior,2,1,8,2.0
2619,369,prior,3,1,15,6.0
2620,369,prior,4,1,7,24.0
2621,369,train,5,1,17,20.0
2622,370,prior,1,6,16,
2623,370,prior,2,1,18,20.0
2624,370,prior,3,3,13,23.0
2625,370,prior,4,0,11,8.0
2626,370,prior,5,0,10,17.0
2627,370,prior,6,1,12,11.0
2628,370,prior,7,0,12,28.0
2629,370,prior,8,0,20,3.0
2630,370,train,9,1,8,7.0
2631,371,prior,1,1,17,
2632,371,prior,2,1,16,9.0
2633,371,prior,3,0,11,4.0
2634,371,prior,4,6,16,23.0
2635,371,prior,5,2,9,7.0
2636,371,train,6,4,9,5.0
2637,372,prior,1,3,16,
2638,372,prior,2,2,14,11.0
2639,372,prior,3,0,8,26.0
2640,372,prior,4,5,21,3.0
2641,372,prior,5,5,15,20.0
2642,372,train,6,3,14,23.0
2643,373,prior,1,2,9,
2644,373,prior,2,0,14,2.0
2645,373,prior,3,6,12,21.0
2646,373,prior,4,2,9,28.0
2647,373,train,5,3,8,15.0
2648,374,prior,1,4,18,
2649,374,prior,2,0,17,21.0
2650,374,prior,3,6,16,13.0
2651,374,prior,4,4,11,16.0
2652,374,prior,5,2,14,19.0
2653,374,train,6,6,10,4.0
2654,375,prior,1,2,20,
2655,375,prior,2,1,10,12.0
2656,375,prior,3,3,10,19.0
2657,375,prior,4,0,10,3.0
2658,375,prior,5,0,17,21.0
2659,375,prior,6,2,19,2.0
2660,375,prior,7,0,17,15.0
2661,375,train,8,6,9,11.0
2662,376,prior,1,2,19,
2663,376,prior,2,3,7,8.0
2664,376,prior,3,1,13,26.0
2665,376,prior,4,1,15,19.0
2666,376,train,5,4,8,6.0
2667,377,prior,1,6,14,
2668,377,prior,2,1,20,12.0
2669,377,prior,3,3,10,5.0
2670,377,prior,4,4,20,11.0
2671,377,prior,5,0,20,19.0
2672,377,prior,6,0,9,10.0
2673,377,train,7,3,9,3.0
2674,378,prior,1,0,11,
2675,378,prior,2,3,18,16.0
2676,378,prior,3,1,10,4.0
2677,378,prior,4,3,12,9.0
2678,378,train,5,5,8,14.0
2679,379,prior,1,4,7,
2680,379,prior,2,0,17,16.0
2681,379,prior,3,4,20,7.0
2682,379,prior,4,5,8,19.0
2683,379,prior,5,6,20,24.0
2684,379,prior,6,5,20,4.0
2685,379,prior,7,4,7,20.0
2686,379,train,8,3,18,2.0
2687,380,prior,1,2,8,
2688,380,prior,2,5,21,2.0
2689,380,prior,3,1,21,19.0
2690,380,prior,4,4,7,3.0
2691,380,prior,5,1,21,14.0
2692,380,prior,6,1,11,12.0
2693,380,prior,7,5,11,15.0
2694,380,prior,8,3,9,6.0
2695,380,train,9,1,13,3.0
2696,381,prior,1,1,19,
2697,381,prior,2,6,10,22.0
2698,381,prior,3,5,19,23.0
2699,381,prior,4,3,12,15.0
2700,381,prior,5,5,14,12.0
2701,381,prior,6,6,16,13.0
2702,381,prior,7,1,9,1.0
2703,381,prior,8,4,15,13.0
2704,381,train,9,2,20,23.0
2705,382,prior,1,0,19,
2706,382,prior,2,2,17,23.0
2707,382,prior,3,1,9,22.0
2708,382,prior,4,6,10,16.0
2709,382,prior,5,5,14,13.0
2710,382,prior,6,4,8,6.0
2711,382,prior,7,2,20,18.0
2712,382,train,8,0,16,28.0
2713,383,prior,1,6,9,
2714,383,prior,2,5,12,25.0
2715,383,prior,3,5,12,16.0
2716,383,train,4,0,20,5.0
2717,384,prior,1,6,7,
2718,384,prior,2,4,8,19.0
2719,384,prior,3,3,16,9.0
2720,384,train,4,5,21,12.0
2721,385,prior,1,1,12,
2722,385,prior,2,0,19,21.0
2723,385,prior,3,2,17,22.0
2724,385,prior,4,2,7,24.0
2725,385,prior,5,2,7,20.0
2726,385,train,6,6,8,12.0
2727,386,prior,1,4,11,
2728,386,prior,2,0,17,5.0
2729,386,prior,3,1,8,14.0
2730,386,train,4,3,12,2.0
2731,387,prior,1,3,7,
2732,387,prior,2,4,7,29.0
2733,387,prior,3,2,9,9.0
2734,387,prior,4,0,13,28.0
2735,387,prior,5,6,19,11.0
2736,387,prior,6,4,19,18.0
2737,387,train,7,2,13,27.0
2738,388,prior,1,5,16,
2739,388,prior,2,4,10,20.0
2740,388,prior,3,6,19,16.0
2741,388,prior,4,0,20,11.0
2742,388,prior,5,4,19,9.0
2743,388,prior,6,4,10,26.0
2744,388,train,7,1,21,25.0
2745,389,prior,1,3,15,
2746,389,prior,2,6,19,21.0
2747,389,prior,3,1,14,9.0
2748,389,prior,4,3,12,20.0
2749,389,prior,5,2,10,27.0
2750,389,prior,6,0,8,19.0
2751,389,prior,7,0,8,5.0
2752,389,prior,8,6,11,9.0
2753,389,prior,9,5,21,3.0
2754,389,train,10,2,20,4.0
2755,390,prior,1,4,18,
2756,390,prior,2,0,17,10.0
2757,390,prior,3,3,14,18.0
2758,390,prior,4,1,9,22.0
2759,390,prior,5,2,10,16.0
2760,390,prior,6,1,14,21.0
2761,390,prior,7,4,11,25.0
2762,390,prior,8,5,18,17.0
2763,390,prior,9,2,19,1.0
2764,390,train,10,2,12,10.0
2765,391,prior,1,4,18,
2766,391,prior,2,0,9,13.0
2767,391,prior,3,5,13,11.0
2768,391,prior,4,6,11,16.0
2769,391,prior,5,2,15,8.0
2770,391,prior,6,4,14,11.0
2771,391,prior,7,5,15,7.0
2772,391,train,8,2,18,3.0
2773,392,prior,1,1,21,
2774,392,prior,2,4,21,3.0
2775,392,prior,3,2,16,6.0
2776,392,prior,4,3,16,12.0
2777,392,train,5,6,10,6.0
2778,393,prior,1,5,20,
2779,393,prior,2,0,10,18.0
2780,393,prior,3,3,21,15.0
2781,393,prior,4,1,7,28.0
2782,393,train,5,2,12,21.0
2783,394,prior,1,4,21,
2784,394,prior,2,2,14,9.0
2785,394,prior,3,3,20,16.0
2786,394,train,4,6,8,26.0
2787,395,prior,1,0,17,
2788,395,prior,2,1,15,11.0
2789,395,prior,3,6,15,22.0
2790,395,prior,4,5,14,16.0
2791,395,prior,5,2,8,4.0
2792,395,prior,6,6,14,11.0
2793,395,prior,7,3,12,5.0
2794,395,prior,8,3,21,13.0
2795,395,prior,9,1,11,27.0
2796,395,train,10,4,21,27.0
2797,396,prior,1,2,9,
2798,396,prior,2,6,9,13.0
2799,396,prior,3,3,12,29.0
2800,396,prior,4,4,20,25.0
2801,396,prior,5,5,13,4.0
2802,396,prior,6,0,19,10.0
2803,396,prior,7,3,17,13.0
2804,396,train,8,1,19,28.0
2805,397,prior,1,1,16,
2806,397,prior,2,3,20,5.0
2807,397,prior,3,1,15,2.0
2808,397,prior,4,4,12,11.0
2809,397,prior,5,5,17,8.0
2810,397,prior,6,4,13,14.0
2811,397,prior,7,0,17,15.0
2812,397,prior,8,2,7,21.0
2813,397,train,9,4,19,11.0
2814,398,prior,1,3,11,
2815,398,prior,2,6,20,12.0
2816,398,prior,3,6,9,28.0
2817,398,prior,4,4,15,4.0
2818,398,prior,5,0,11,4.0
2819,398,train,6,6,10,2.0
2820,399,prior,1,2,18,
2821,399,prior,2,3,11,18.0
2822,399,prior,3,2,13,3.0
2823,399,prior,4,6,9,15.0
2824,399,prior,5,5,8,29.0
2825,399,prior,6,5,12,3.0
2826,399,prior,7,1,9,20.0
2827,399,train,8,2,15,7.0
2828,400,prior,1,1,8,
2829,400,prior,2,2,7,14.0
2830,400,prior,3,5,9,22.0
2831,400,prior,4,4,18,5.0
2832,400,train,5,6,15,6.0
2833,401,prior,1,1,12,
2834,401,prior,2,4,19,11.0
2835,401,prior,3,2,17,10.0
2836,401,prior,4,0,9,3.0
2837,401,train,5,2,10,28.0
2838,402,prior,1,0,17,
2839,402,prior,2,6,13,2.0
2840,402,prior,3,4,20,22.0
2841,402,train,4,5,12,13.0
2842,403,prior,1,3,11,
2843,403,prior,2,6,8,1.0
2844,403,prior,3,2,15,17.0
2845,403,prior,4,6,10,20.0
2846,403,prior,5,3,20,9.0
2847,403,prior,6,1,7,4.0
2848,403,train,7,2,20,24.0
2849,404,prior,1,4,18,
2850,404,prior,2,1,16,20.0
2851,404,prior,3,4,12,13.0
2852,404,prior,4,0,10,14.0
2853,404,prior,5,6,8,19.0
2854,404,train,6,6,14,28.0
2855,405,prior,1,4,17,
2856,405,prior,2,6,16,14.0
2857,405,prior,3,0,18,23.0
2858,405,prior,4,5,10,13.0
2859,405,prior,5,3,16,5.0
2860,405,prior,6,0,12,20.0
2861,405,prior,7,2,9,27.0
2862,405,prior,8,4,7,4.0
2863,405,train,9,4,20,29.0
2864,406,prior,1,5,15,
2865,406,prior,2,3,13,29.0
2866,406,prior,3,2,16,17.0
2867,406,prior,4,4,20,3.0
2868,406,prior,5,2,18,25.0
2869,406,train,6,3,13,12.0
2870,407,prior,1,0,14,
2871,407,prior,2,6,17,20.0
2872,407,prior,3,3,17,2.0
2873,407,prior,4,1,19,23.0
2874,407,prior,5,4,9,28.0
2875,407,prior,6,3,11,5.0
2876,407,prior,7,3,18,5.0
2877,407,prior,8,3,20,26.0
2878,407,train,9,2,16,20.0
2879,408,prior,1,3,12,
2880,408,prior,2,2,21,25.0
2881,408,prior,3,1,14,24.0
2882,408,train,4,2,14,20.0
2883,409,prior,1,6,8,
2884,409,prior,2,2,19,13.0
2885,409,prior,3,6,19,6.0
2886,409,prior,4,6,14,12.0
2887,409,prior,5,4,13,24.0
2888,409,prior,6,5,10,6.0
2889,409,prior,7,6,17,4.0
2890,409,prior,8,0,21,7.0
2891,409,train,9,2,13,5.0
2892,410,prior,1,5,9,
2893,410,prior,2,4,8,18.0
2894,410,prior,3,6,7,20.0
2895,410,prior,4,2,21,14.0
2896,410,prior,5,0,14,18.0
2897,410,prior,6,1,19,22.0
2898,410,prior,7,0,13,17.0
2899,410,prior,8,6,15,12.0
2900,410,prior,9,6,7,27.0
2901,410,train,10,4,10,16.0
2902,411,prior,1,3,10,
2903,411,prior,2,5,11,24.0
2904,411,prior,3,6,18,24.0
2905,411,prior,4,4,11,9.0
2906,411,prior,5,5,18,19.0
2907,411,train,6,0,7,3.0
2908,412,prior,1,4,16,
2909,412,prior,2,4,15,18.0
2910,412,prior,3,6,8,16.0
2911,412,prior,4,4,14,16.0
2912,412,prior,5,1,19,5.0
2913,412,train,6,5,7,28.0
2914,413,prior,1,6,14,
2915,413,prior,2,3,14,7.0
2916,413,prior,3,6,8,3.0
2917,413,prior,4,5,10,17.0
2918,413,prior,5,2,17,12.0
2919,413,prior,6,1,21,21.0
2920,413,train,7,5,8,12.0
2921,414,prior,1,2,17,
2922,414,prior,2,6,9,1.0
2923,414,prior,3,1,19,26.0
2924,414,prior,4,6,20,1.0
2925,414,prior,5,2,8,2.0
2926,414,prior,6,2,12,27.0
2927,414,prior,7,0,13,15.0
2928,414,train,8,2,13,28.0
2929,415,prior,1,1,20,
2930,415,prior,2,2,16,14.0
2931,415,prior,3,2,8,21.0
2932,415,prior,4,1,20,17.0
2933,415,prior,5,3,15,11.0
2934,415,prior,6,1,15,27.0
2935,415,prior,7,3,21,8.0
2936,415,prior,8,4,7,8.0
2937,415,train,9,6,11,25.0
2938,416,prior,1,5,11,
2939,416,prior,2,4,21,5.0
2940,416,prior,3,3,11,14.0
2941,416,train,4,1,16,3.0
2942,417,prior,1,2,14,
2943,417,prior,2,0,15,5.0
2944,417,prior,3,5,14,10.0
2945,417,prior,4,0,11,10.0
2946,417,prior,5,2,10,10.0
2947,417,prior,6,2,17,29.0
2948,417,prior,7,5,21,12.0
2949,417,prior,8,5,11,21.0
2950,417,prior,9,2,21,14.0
2951,417,train,10,2,19,6.0
2952,418,prior,1,1,8,
2953,418,prior,2,0,11,17.0
2954,418,prior,3,3,14,17.0
2955,418,prior,4,3,13,17.0
2956,418,prior,5,3,13,2.0
2957,418,train,6,0,15,8.0
2958,419,prior,1,4,8,
2959,419,prior,2,3,21,26.0
2960,419,prior,3,6,8,12.0
2961,419,prior,4,6,20,15.0
2962,419,train,5,5,12,11.0
2963,420,prior,1,4,20,
2964,420,prior,2,0,12,10.0
2965,420,prior,3,0,17,16.0
2966,420,prior,4,4,7,18.0
2967,420,prior,5,0,11,21.0
2968,420,prior,6,3,14,3.0
2969,420,prior,7,3,9,9.0
2970,420,prior,8,4,8,10.0
2971,420,train,9,2,16,9.0
2972,421,prior,1,3,16,
2973,421,prior,2,4,13,2.0
2974,421,prior,3,0,13,17.0
2975,421,prior,4,3,13,6.0
2976,421,prior,5,1,21,24.0
2977,421,prior,6,1,17,28.0
2978,421,train,7,2,14,26.0
2979,422,prior,1,1,13,
2980,422,prior,2,4,19,23.0
2981,422,prior,3,0,18,24.0
2982,422,train,4,4,21,12.0
2983,423,prior,1,4,14,
2984,423,prior,2,4,16,2.0
2985,423,prior,3,5,9,1.0
2986,423,prior,4,2,20,13.0
2987,423,prior,5,4,13,1.0
2988,423,prior,6,2,8,7.0
2989,423,train,7,6,18,27.0
2990,424,prior,1,0,16,
2991,424,prior,2,5,12,28.0
2992,424,prior,3,1,21,22.0
2993,424,prior,4,5,19,24.0
2994,424,prior,5,3,8,8.0
2995,424,prior,6,2,13,29.0
2996,424,prior,7,6,8,29.0
2997,424,prior,8,3,7,8.0
2998,424,train,9,5,9,9.0
2999,425,prior,1,1,20,
3000,425,prior,2,0,7,20.0
3001,425,prior,3,1,15,15.0
3002,425,prior,4,6,16,15.0
3003,425,prior,5,0,10,26.0
3004,425,prior,6,0,9,24.0
3005,425,train,7,5,12,29.0
3006,426,prior,1,6,17,
3007,426,prior,2,4,13,10.0
3008,426,prior,3,3,14,6.0
3009,426,prior,4,5,11,15.0
3010,426,prior,5,3,13,8.0
3011,426,prior,6,2,17,11.0
3012,426,prior,7,4,11,2.0
3013,426,prior,8,0,7,23.0
3014,426,prior,9,2,14,3.0
3015,426,train,10,6,14,28.0
3016,427,prior,1,3,17,
3017,427,prior,2,2,15,11.0
3018,427,prior,3,4,20,10.0
3019,427,prior,4,1,7,12.0
3020,427,prior,5,3,12,13.0
3021,427,prior,6,6,10,1.0
3022,427,prior,7,5,11,12.0
3023,427,train,8,4,13,19.0
3024,428,prior,1,3,15,
3025,428,prior,2,6,8,3.0
3026,428,prior,3,0,15,4.0
3027,428,prior,4,5,17,23.0
3028,428,prior,5,3,8,5.0
3029,428,prior,6,3,18,10.0
3030,428,prior,7,0,18,3.0
3031,428,train,8,6,8,3.0
3032,429,prior,1,6,10,
3033,429,prior,2,6,8,13.0
3034,429,prior,3,6,7,21.0
3035,429,prior,4,0,10,21.0
3036,429,prior,5,1,12,1.0
3037,429,prior,6,1,17,7.0
3038,429,prior,7,6,20,13.0
3039,429,prior,8,3,8,17.0
3040,429,prior,9,5,16,16.0
3041,429,train,10,2,15,9.0
3042,430,prior,1,2,18,
3043,430,prior,2,5,13,20.0
3044,430,prior,3,1,18,27.0
3045,430,prior,4,2,20,26.0
3046,430,prior,5,6,13,27.0
3047,430,prior,6,0,15,4.0
3048,430,prior,7,0,16,5.0
3049,430,prior,8,4,20,23.0
3050,430,prior,9,2,10,26.0
3051,430,train,10,1,15,4.0
3052,431,prior,1,5,21,
3053,431,prior,2,0,16,27.0
3054,431,prior,3,6,9,19.0
3055,431,prior,4,3,20,13.0
3056,431,prior,5,6,20,15.0
3057,431,prior,6,4,7,12.0
3058,431,prior,7,1,7,1.0
3059,431,prior,8,1,18,22.0
3060,431,prior,9,5,18,14.0
3061,431,train,10,2,14,8.0
3062,432,prior,1,1,15,
3063,432,prior,2,4,8,12.0
3064,432,prior,3,5,18,24.0
3065,432,prior,4,6,9,21.0
3066,432,prior,5,2,21,25.0
3067,432,prior,6,6,21,16.0
3068,432,prior,7,1,9,19.0
3069,432,prior,8,3,19,19.0
3070,432,prior,9,1,21,25.0
3071,432,train,10,5,11,26.0
3072,433,prior,1,5,10,
3073,433,prior,2,6,14,10.0
3074,433,prior,3,0,17,3.0
3075,433,prior,4,4,10,17.0
3076,433,prior,5,4,21,13.0
3077,433,prior,6,1,12,7.0
3078,433,prior,7,4,11,24.0
3079,433,train,8,6,19,27.0
3080,434,prior,1,1,8,
3081,434,prior,2,6,10,10.0
3082,434,prior,3,2,19,29.0
3083,434,prior,4,6,10,22.0
3084,434,prior,5,3,16,20.0
3085,434,train,6,0,19,12.0
3086,435,prior,1,6,14,
3087,435,prior,2,6,9,5.0
3088,435,prior,3,1,13,24.0
3089,435,prior,4,1,13,10.0
3090,435,prior,5,3,18,27.0
3091,435,prior,6,3,10,29.0
3092,435,prior,7,5,21,9.0
3093,435,prior,8,6,11,29.0
3094,435,train,9,1,9,8.0
3095,436,prior,1,6,20,
3096,436,prior,2,4,9,15.0
3097,436,prior,3,4,15,7.0
3098,436,prior,4,2,14,22.0
3099,436,train,5,4,12,11.0
3100,437,prior,1,4,14,
3101,437,prior,2,5,11,28.0
3102,437,prior,3,0,16,18.0
3103,437,prior,4,3,12,28.0
3104,437,prior,5,4,20,19.0
3105,437,prior,6,6,7,4.0
3106,437,train,7,2,19,16.0
3107,438,prior,1,4,9,
3108,438,prior,2,5,14,9.0
3109,438,prior,3,6,8,2.0
3110,438,train,4,4,16,13.0
3111,439,prior,1,1,7,
3112,439,prior,2,0,10,15.0
3113,439,prior,3,0,9,7.0
3114,439,prior,4,3,8,15.0
3115,439,prior,5,3,12,23.0
3116,439,prior,6,5,21,4.0
3117,439,prior,7,0,20,27.0
3118,439,prior,8,0,15,16.0
3119,439,train,9,3,8,28.0
3120,440,prior,1,2,11,
3121,440,prior,2,1,15,27.0
3122,440,prior,3,3,18,18.0
3123,440,prior,4,2,9,8.0
3124,440,prior,5,0,14,11.0
3125,440,prior,6,5,10,8.0
3126,440,prior,7,1,18,27.0
3127,440,prior,8,1,8,27.0
3128,440,prior,9,2,16,18.0
3129,440,train,10,0,8,13.0
3130,441,prior,1,1,18,
3131,441,prior,2,1,13,5.0
3132,441,prior,3,4,18,28.0
3133,441,prior,4,0,18,29.0
3134,441,prior,5,1,10,6.0
3135,441,train,6,4,17,24.0
3136,442,prior,1,0,21,
3137,442,prior,2,4,9,4.0
3138,442,prior,3,3,20,6.0
3139,442,prior,4,0,9,13.0
3140,442,prior,5,1,13,5.0
3141,442,prior,6,0,15,10.0
3142,442,prior,7,6,15,24.0
3143,442,train,8,6,14,20.0
3144,443,prior,1,3,11,
3145,443,prior,2,3,8,23.0
3146,443,prior,3,3,13,20.0
3147,443,prior,4,4,17,1.0
3148,443,prior,5,1,17,13.0
3149,443,train,6,4,19,21.0
3150,444,prior,1,1,7,
3151,444,prior,2,2,16,17.0
3152,444,prior,3,6,12,28.0
3153,444,prior,4,2,18,24.0
3154,444,prior,5,4,8,22.0
3155,444,prior,6,5,18,4.0
3156,444,train,7,6,8,13.0
3157,445,prior,1,5,17,
3158,445,prior,2,3,13,5.0
3159,445,prior,3,6,12,29.0
3160,445,prior,4,4,10,26.0
3161,445,prior,5,1,21,14.0
3162,445,prior,6,0,12,18.0
3163,445,train,7,1,21,13.0
3164,446,prior,1,3,11,
3165,446,prior,2,3,10,22.0
3166,446,prior,3,5,8,7.0
3167,446,prior,4,2,18,3.0
3168,446,prior,5,4,14,10.0
3169,446,prior,6,3,9,27.0
3170,446,prior,7,5,7,7.0
3171,446,prior,8,6,20,11.0
3172,446,prior,9,6,13,4.0
3173,446,train,10,4,9,13.0
3174,447,prior,1,3,11,
3175,447,prior,2,2,18,10.0
3176,447,prior,3,2,8,22.0
3177,447,prior,4,3,20,12.0
3178,447,train,5,5,15,11.0
3179,448,prior,1,1,17,
3180,448,prior,2,4,12,17.0
3181,448,prior,3,4,7,4.0
3182,448,prior,4,6,12,1.0
3183,448,prior,5,3,14,23.0
3184,448,prior,6,1,18,21.0
3185,448,prior,7,3,16,20.0
3186,448,prior,8,3,12,6.0
3187,448,prior,9,1,19,25.0
3188,448,train,10,5,20,20.0
3189,449,prior,1,4,9,
3190,449,prior,2,4,20,12.0
3191,449,prior,3,4,17,13.0
3192,449,prior,4,3,10,27.0
3193,449,train,5,4,11,11.0
3194,450,prior,1,3,16,
3195,450,prior,2,3,13,9.0
3196,450,prior,3,4,20,25.0
3197,450,prior,4,1,11,14.0
3198,450,prior,5,1,8,27.0
3199,450,prior,6,5,19,20.0
3200,450,prior,7,0,12,5.0
3201,450,prior,8,4,14,16.0
3202,450,train,9,5,15,9.0
3203,451,prior,1,0,17,
3204,451,prior,2,2,10,29.0
3205,451,prior,3,3,20,3.0
3206,451,prior,4,4,9,27.0
3207,451,prior,5,3,14,7.0
3208,451,prior,6,6,15,8.0
3209,451,prior,7,6,11,9.0
3210,451,prior,8,4,21,10.0
3211,451,prior,9,0,18,28.0
3212,451,train,10,5,11,26.0
3213,452,prior,1,5,19,
3214,452,prior,2,1,16,26.0
3215,452,prior,3,3,19,25.0
3216,452,prior,4,2,18,12.0
3217,452,prior,5,3,14,23.0
3218,452,prior,6,3,10,27.0
3219,452,prior,7,5,18,5.0
3220,452,train,8,6,15,21.0
3221,453,prior,1,3,21,
3222,453,prior,2,1,13,28.0
3223,453,prior,3,1,14,1.0
3224,453,train,4,3,12,24.0
3225,454,prior,1,5,18,
3226,454,prior,2,3,14,2.0
3227,454,prior,3,6,13,23.0
3228,454,prior,4,2,10,1.0
3229,454,prior,5,6,10,7.0
3230,454,prior,6,6,9,1.0
3231,454,prior,7,2,12,22.0
3232,454,prior,8,2,8,1.0
3233,454,prior,9,6,15,4.0
3234,454,train,10,4,18,11.0
3235,455,prior,1,4,15,
3236,455,prior,2,3,10,13.0
3237,455,prior,3,6,9,4.0
3238,455,prior,4,5,13,11.0
3239,455,prior,5,3,20,14.0
3240,455,prior,6,4,21,15.0
3241,455,prior,7,5,11,22.0
3242,455,train,8,6,7,18.0
3243,456,prior,1,4,9,
3244,456,prior,2,5,7,7.0
3245,456,prior,3,5,16,27.0
3246,456,prior,4,5,13,4.0
3247,456,prior,5,1,12,20.0
3248,456,train,6,4,16,26.0
3249,457,prior,1,1,15,
3250,457,prior,2,3,14,12.0
3251,457,prior,3,1,10,11.0
3252,457,train,4,5,20,3.0
3253,458,prior,1,0,11,
3254,458,prior,2,2,17,2.0
3255,458,prior,3,4,10,15.0
3256,458,prior,4,0,18,26.0
3257,458,prior,5,5,15,22.0
3258,458,prior,6,5,7,13.0
3259,458,prior,7,6,7,6.0
3260,458,prior,8,4,9,8.0
3261,458,prior,9,0,12,9.0
3262,458,train,10,4,14,6.0
3263,459,prior,1,5,8,
3264,459,prior,2,5,16,10.0
3265,459,prior,3,2,16,26.0
3266,459,prior,4,0,21,20.0
3267,459,prior,5,0,8,18.0
3268,459,prior,6,2,19,17.0
3269,459,prior,7,4,8,16.0
3270,459,prior,8,2,16,10.0
3271,459,prior,9,2,14,7.0
3272,459,train,10,3,12,28.0
3273,460,prior,1,6,18,
3274,460,prior,2,6,18,27.0
3275,460,prior,3,0,11,15.0
3276,460,train,4,3,20,10.0
3277,461,prior,1,2,19,
3278,461,prior,2,4,8,7.0
3279,461,prior,3,0,15,12.0
3280,461,prior,4,0,18,6.0
3281,461,prior,5,3,10,4.0
3282,461,prior,6,4,13,12.0
3283,461,prior,7,6,15,19.0
3284,461,train,8,4,8,10.0
3285,462,prior,1,6,19,
3286,462,prior,2,1,7,29.0
3287,462,prior,3,5,17,18.0
3288,462,prior,4,1,14,21.0
3289,462,train,5,3,20,22.0
3290,463,prior,1,5,10,
3291,463,prior,2,1,16,9.0
3292,463,prior,3,4,8,17.0
3293,463,prior,4,5,9,7.0
3294,463,prior,5,3,7,13.0
3295,463,prior,6,6,11,9.0
3296,463,train,7,6,17,18.0
3297,464,prior,1,0,13,
3298,464,prior,2,2,9,29.0
3299,464,prior,3,4,11,11.0
3300,464,prior,4,2,8,28.0
3301,464,prior,5,1,18,10.0
3302,464,prior,6,3,19,1.0
3303,464,prior,7,0,12,2.0
3304,464,train,8,3,18,29.0
3305,465,prior,1,0,19,
3306,465,prior,2,1,7,4.0
3307,465,prior,3,2,20,8.0
3308,465,prior,4,3,10,14.0
3309,465,prior,5,3,19,12.0
3310,465,prior,6,6,16,28.0
3311,465,prior,7,3,9,25.0
3312,465,prior,8,2,21,4.0
3313,465,train,9,0,10,13.0
3314,466,prior,1,1,7,
3315,466,prior,2,4,11,21.0
3316,466,prior,3,4,7,11.0
3317,466,prior,4,5,14,21.0
3318,466,prior,5,5,8,28.0
3319,466,prior,6,5,16,8.0
3320,466,prior,7,5,18,27.0
3321,466,prior,8,4,13,13.0
3322,466,train,9,2,13,29.0
3323,467,prior,1,5,9,
3324,467,prior,2,0,18,16.0
3325,467,prior,3,5,21,1.0
3326,467,train,4,1,11,29.0
3327,468,prior,1,5,14,
3328,468,prior,2,5,11,27.0
3329,468,prior,3,3,18,7.0
3330,468,prior,4,2,16,2.0
3331,468,prior,5,2,11,5.0
3332,468,prior,6,4,15,4.0
3333,468,prior,7,3,11,17.0
3334,468,prior,8,5,19,19.0
3335,468,prior,9,5,21,15.0
3336,468,train,10,5,20,1.0
3337,469,prior,1,1,21,
3338,469,prior,2,5,16,17.0
3339,469,prior,3,6,14,9.0
3340,469,train,4,6,21,28.0
3341,470,prior,1,1,18,
3342,470,prior,2,2,18,7.0
3343,470,prior,3,1,7,19.0
3344,470,train,4,6,15,14.0
3345,471,prior,1,2,16,
3346,471,prior,2,0,8,15.0
3347,471,prior,3,2,13,16.0
3348,471,prior,4,0,18,14.0
3349,471,prior,5,0,15,3.0
3350,471,prior,6,6,11,26.0
3351,471,prior,7,2,12,9.0
3352,471,train,8,2,10,12.0
3353,472,prior,1,0,7,
3354,472,prior,2,6,20,21.0
3355,472,prior,3,1,14,23.0
3356,472,prior,4,1,17,29.0
3357,472,prior,5,2,19,15.0
3358,472,prior,6,0,20,11.0
3359,472,prior,7,5,21,7.0
3360,472,train,8,0,21,3.0
3361,473,prior,1,0,20,
3362,473,prior,2,1,17,19.0
3363,473,prior,3,2,12,24.0
3364,473,prior,4,3,14,27.0
3365,473,prior,5,4,20,7.0
3366,473,prior,6,2,10,13.0
3367,473,train,7,0,9,10.0
3368,474,prior,1,6,11,
3369,474,prior,2,1,15,19.0
3370,474,prior,3,5,16,23.0
3371,474,prior,4,6,9,6.0
3372,474,prior,5,2,13,9.0
3373,474,prior,6,1,15,29.0
3374,474,prior,7,2,20,29.0
3375,474,prior,8,6,14,25.0
3376,474,prior,9,3,12,7.0
3377,474,train,10,6,12,2.0
3378,475,prior,1,0,10,
3379,475,prior,2,2,16,27.0
3380,475,prior,3,6,8,23.0
3381,475,prior,4,5,16,27.0
3382,475,prior,5,1,8,5.0
3383,475,prior,6,5,13,23.0
3384,475,train,7,4,9,24.0
3385,476,prior,1,5,18,
3386,476,prior,2,0,7,28.0
3387,476,prior,3,3,19,14.0
3388,476,prior,4,3,10,1.0
3389,476,train,5,5,7,17.0
3390,477,prior,1,3,21,
3391,477,prior,2,0,18,3.0
3392,477,prior,3,2,10,24.0
3393,477,prior,4,5,11,25.0
3394,477,prior,5,1,17,4.0
3395,477,prior,6,3,8,18.0
3396,477,train,7,2,21,10.0
3397,478,prior,1,0,8,
3398,478,prior,2,1,10,17.0
3399,478,prior,3,0,11,21.0
3400,478,prior,4,6,19,19.0
3401,478,prior,5,4,15,13.0
3402,478,prior,6,6,17,10.0
3403,478,prior,7,6,21,1.0
3404,478,train,8,5,12,24.0
3405,479,prior,1,0,12,
3406,479,prior,2,5,18,1.0
3407,479,prior,3,6,12,27.0
3408,479,prior,4,0,11,10.0
3409,479,prior,5,4,12,20.0
3410,479,prior,6,6,13,29.0
3411,479,prior,7,0,19,21.0
3412,479,prior,8,1,16,23.0
3413,479,train,9,5,14,7.0
3414,480,prior,1,1,7,
3415,480,prior,2,2,14,29.0
3416,480,prior,3,3,19,20.0
3417,480,prior,4,3,10,28.0
3418,480,prior,5,4,19,29.0
3419,480,train,6,3,9,16.0
3420,481,prior,1,6,13,
3421,481,prior,2,4,14,21.0
3422,481,prior,3,0,15,24.0
3423,481,prior,4,2,11,14.0
3424,481,prior,5,6,15,18.0
3425,481,prior,6,4,13,13.0
3426,481,prior,7,4,7,4.0
3427,481,train,8,1,10,27.0
3428,482,prior,1,4,21,
3429,482,prior,2,5,7,8.0
3430,482,prior,3,3,8,18.0
3431,482,prior,4,6,19,26.0
3432,482,prior,5,4,15,29.0
3433,482,prior,6,5,15,27.0
3434,482,prior,7,6,20,21.0
3435,482,prior,8,0,8,6.0
3436,482,train,9,0,18,8.0
3437,483,prior,1,3,13,
3438,483,prior,2,5,12,22.0
3439,483,prior,3,2,8,5.0
3440,483,prior,4,2,21,17.0
3441,483,prior,5,5,13,19.0
3442,483,prior,6,5,21,3.0
3443,483,prior,7,2,18,4.0
3444,483,train,8,6,8,10.0
3445,484,prior,1,5,12,
3446,484,prior,2,0,19,18.0
3447,484,prior,3,3,17,28.0
3448,484,prior,4,2,15,10.0
3449,484,prior,5,4,10,12.0
3450,484,prior,6,5,14,14.0
3451,484,train,7,5,17,23.0
3452,485,prior,1,4,14,
3453,485,prior,2,4,7,2.0
3454,485,prior,3,6,15,3.0
3455,485,train,4,4,12,22.0
3456,486,prior,1,6,15,
3457,486,prior,2,0,20,25.0
3458,486,prior,3,1,15,13.0
3459,486,prior,4,5,16,29.0
3460,486,prior,5,4,12,25.0
3461,486,prior,6,1,10,29.0
3462,486,train,7,5,18,9.0
3463,487,prior,1,4,9,
3464,487,prior,2,2,12,7.0
3465,487,prior,3,0,9,12.0
3466,487,prior,4,3,21,6.0
3467,487,prior,5,6,17,8.0
3468,487,prior,6,6,9,13.0
3469,487,train,7,6,10,17.0
3470,488,prior,1,5,13,
3471,488,prior,2,3,17,20.0
3472,488,prior,3,3,11,23.0
3473,488,prior,4,6,12,24.0
3474,488,prior,5,4,9,20.0
3475,488,prior,6,1,13,7.0
3476,488,prior,7,5,19,25.0
3477,488,train,8,1,16,19.0
3478,489,prior,1,3,13,
3479,489,prior,2,4,10,9.0
3480,489,prior,3,6,12,1.0
3481,489,prior,4,6,8,21.0
3482,489,prior,5,1,9,15.0
3483,489,train,6,5,8,4.0
3484,490,prior,1,4,19,
3485,490,prior,2,4,13,29.0
3486,490,prior,3,6,19,11.0
3487,490,prior,4,2,12,23.0
3488,490,prior,5,6,10,28.0
3489,490,prior,6,3,7,26.0
3490,490,prior,7,1,19,20.0
3491,490,prior,8,1,15,3.0
3492,490,train,9,1,8,21.0
3493,491,prior,1,3,15,
3494,491,prior,2,2,15,24.0
3495,491,prior,3,6,18,3.0
3496,491,train,4,6,9,18.0
3497,492,prior,1,4,13,
3498,492,prior,2,6,17,9.0
3499,492,prior,3,1,19,25.0
3500,492,prior,4,3,18,26.0
3501,492,prior,5,6,20,23.0
3502,492,prior,6,4,16,9.0
3503,492,train,7,2,17,1.0
3504,493,prior,1,6,10,
3505,493,prior,2,4,11,4.0
3506,493,prior,3,0,14,20.0
3507,493,prior,4,4,20,18.0
3508,493,prior,5,5,7,3.0
3509,493,prior,6,4,20,27.0
3510,493,prior,7,3,13,29.0
3511,493,train,8,3,21,16.0
3512,494,prior,1,4,7,
3513,494,prior,2,2,7,18.0
3514,494,prior,3,4,11,8.0
3515,494,prior,4,5,17,25.0
3516,494,prior,5,0,14,10.0
3517,494,prior,6,5,11,6.0
3518,494,prior,7,4,9,24.0
3519,494,prior,8,0,8,10.0
3520,494,prior,9,5,19,27.0
3521,494,train,10,2,11,28.0
3522,495,prior,1,2,20,
3523,495,prior,2,0,18,20.0
3524,495,prior,3,1,9,26.0
3525,495,prior,4,4,18,12.0
3526,495,prior,5,6,13,5.0
3527,495,prior,6,0,15,18.0
3528,495,prior,7,1,8,13.0
3529,495,prior,8,4,17,25.0
3530,495,train,9,1,14,14.0
3531,496,prior,1,4,15,
3532,496,prior,2,6,10,28.0
3533,496,prior,3,5,20,12.0
3534,496,prior,4,2,18,6.0
3535,496,prior,5,4,21,12.0
3536,496,prior,6,3,18,13.0
3537,496,prior,7,4,17,21.0
3538,496,prior,8,5,15,15.0
3539,496,prior,9,3,11,1.0
3540,496,train,10,1,14,16.0
3541,497,prior,1,2,21,
3542,497,prior,2,3,11,8.0
3543,497,prior,3,2,8,26.0
3544,497,prior,4,1,11,4.0
3545,497,prior,5,1,20,13.0
3546,497,prior,6,2,11,8.0
3547,497,prior,7,2,8,3.0
3548,497,prior,8,6,20,12.0
3549,497,train,9,0,11,2.0
3550,498,prior,1,6,8,
3551,498,prior,2,0,12,4.0
3552,498,prior,3,0,18,14.0
3553,498,prior,4,2,21,10.0
3554,498,prior,5,1,21,29.0
3555,498,prior,6,5,11,5.0
3556,498,prior,7,0,15,19.0
3557,498,train,8,4,12,28.0
3558,499,prior,1,4,12,
3559,499,prior,2,6,21,6.0
3560,499,prior,3,2,14,1.0
3561,499,prior,4,5,8,24.0
3562,499,prior,5,1,17,23.0
3563,499,train,6,4,12,16.0
3564,500,prior,1,2,16,
3565,500,prior,2,6,8,16.0
3566,500,prior,3,0,9,21.0
3567,500,prior,4,5,15,11.0
3568,500,prior,5,1,10,10.0
3569,500,prior,6,5,16,4.0
3570,500,prior,7,1,13,15.0
3571,500,prior,8,3,18,18.0
3572,500,prior,9,4,18,26.0
3573,500,train,10,2,21,2.0
3574,501,prior,1,6,16,
3575,501,prior,2,6,21,25.0
3576,501,prior,3,5,13,20.0
3577,501,prior,4,4,12,14.0
3578,501,prior,5,4,16,1.0
3579,501,prior,6,1,17,25.0
3580,501,prior,7,3,10,26.0
3581,501,train,8,0,13,27.0
3582,502,prior,1,4,21,
3583,502,prior,2,5,19,22.0
3584,502,prior,3,1,12,2.0
3585,502,prior,4,4,8,12.0
3586,502,prior,5,6,13,28.0
3587,502,prior,6,0,12,15.0
3588,502,prior,7,1,18,8.0
3589,502,train,8,3,13,16.0
3590,503,prior,1,5,20,
3591,503,prior,2,5,20,15.0
3592,503,prior,3,2,18,15.0
3593,503,prior,4,1,13,28.0
3594,503,prior,5,1,13,13.0
3595,503,prior,6,6,9,1.0
3596,503,prior,7,3,17,18.0
3597,503,prior,8,1,17,25.0
3598,503,train,9,0,19,10.0
3599,504,prior,1,5,20,
3600,504,prior,2,4,21,26.0
3601,504,prior,3,5,7,23.0
3602,504,prior,4,4,11,2.0
3603,504,prior,5,3,13,17.0
3604,504,prior,6,3,10,18.0
3605,504,prior,7,6,21,10.0
3606,504,prior,8,2,19,16.0
3607,504,prior,9,2,13,25.0
3608,504,train,10,0,18,12.0
3609,505,prior,1,3,11,
3610,505,prior,2,5,17,4.0
3611,505,prior,3,5,20,13.0
3612,505,prior,4,3,17,12.0
3613,505,prior,5,2,16,11.0
3614,505,prior,6,1,12,13.0
3615,505,train,7,3,11,13.0
3616,506,prior,1,1,14,
3617,506,prior,2,4,21,9.0
3618,506,prior,3,6,8,28.0
3619,506,prior,4,3,21,5.0
3620,506,prior,5,2,7,7.0
3621,506,prior,6,5,16,7.0
3622,506,prior,7,3,15,24.0
3623,506,train,8,1,10,9.0
3624,507,prior,1,1,7,
3625,507,prior,2,2,21,26.0
3626,507,prior,3,6,10,10.0
3627,507,prior,4,3,12,19.0
3628,507,prior,5,0,15,24.0
3629,507,prior,6,1,20,9.0
3630,507,train,7,0,18,1.0
3631,508,prior,1,3,14,
3632,508,prior,2,6,11,23.0
3633,508,prior,3,3,18,27.0
3634,508,prior,4,2,18,25.0
3635,508,train,5,5,12,4.0
3636,509,prior,1,3,19,
3637,509,prior,2,1,19,21.0
3638,509,prior,3,1,11,17.0
3639,509,prior,4,2,17,7.0
3640,509,prior,5,1,8,6.0
3641,509,prior,6,5,18,12.0
3642,509,prior,7,1,9,7.0
3643,509,prior,8,1,10,17.0
3644,509,prior,9,6,15,20.0
3645,509,train,10,1,9,11.0
3646,510,prior,1,6,21,
3647,510,prior,2,2,11,18.0
3648,510,prior,3,3,19,28.0
3649,510,prior,4,3,14,21.0
3650,510,prior,5,0,15,12.0
3651,510,prior,6,3,12,7.0
3652,510,prior,7,4,13,4.0
3653,510,prior,8,5,14,12.0
3654,510,prior,9,3,20,1.0
3655,510,train,10,5,15,14.0
3656,511,prior,1,5,16,
3657,511,prior,2,5,8,12.0
3658,511,prior,3,5,19,25.0
3659,511,prior,4,5,19,10.0
3660,511,prior,5,3,18,11.0
3661,511,prior,6,0,13,11.0
3662,511,train,7,4,13,26.0
3663,512,prior,1,5,19,
3664,512,prior,2,4,10,25.0
3665,512,prior,3,2,15,27.0
3666,512,prior,4,0,9,26.0
3667,512,prior,5,2,12,26.0
3668,512,train,6,5,11,4.0
3669,513,prior,1,3,19,
3670,513,prior,2,0,13,28.0
3671,513,prior,3,3,15,5.0
3672,513,prior,4,1,18,15.0
3673,513,prior,5,5,17,22.0
3674,513,prior,6,2,16,20.0
3675,513,prior,7,3,17,3.0
3676,513,train,8,5,14,17.0
3677,514,prior,1,0,21,
3678,514,prior,2,4,20,6.0
3679,514,prior,3,5,16,2.0
3680,514,prior,4,4,12,2.0
3681,514,prior,5,4,11,10.0
3682,514,prior,6,6,12,7.0
3683,514,prior,7,3,11,12.0
3684,514,train,8,1,14,2.0
3685,515,prior,1,3,7,
3686,515,prior,2,2,21,28.0
3687,515,prior,3,4,18,3.0
3688,515,prior,4,2,20,13.0
3689,515,prior,5,1,17,9.0
3690,515,prior,6,1,10,11.0
3691,515,prior,7,2,20,8.0
3692,515,train,8,0,10,28.0
3693,516,prior,1,0,9,
3694,516,prior,2,0,21,15.0
3695,516,prior,3,2,18,15.0
3696,516,prior,4,3,16,8.0
3697,516,prior,5,6,16,10.0
3698,516,prior,6,3,19,8.0
3699,516,prior,7,2,19,19.0
3700,516,prior,8,4,21,24.0
3701,516,train,9,2,14,19.0
3702,517,prior,1,5,21,
3703,517,prior,2,6,12,2.0
3704,517,prior,3,3,14,22.0
3705,517,prior,4,2,15,8.0
3706,517,train,5,3,14,18.0
3707,518,prior,1,0,7,
3708,518,prior,2,5,21,26.0
3709,518,prior,3,1,17,15.0
3710,518,prior,4,1,17,23.0
3711,518,prior,5,5,17,3.0
3712,518,prior,6,2,7,29.0
3713,518,train,7,4,18,11.0
3714,519,prior,1,0,7,
3715,519,prior,2,1,8,27.0
3716,519,prior,3,2,7,16.0
3717,519,prior,4,1,15,22.0
3718,519,train,5,3,11,7.0
3719,520,prior,1,4,14,
3720,520,prior,2,3,17,12.0
3721,520,prior,3,1,20,28.0
3722,520,prior,4,0,7,12.0
3723,520,prior,5,4,7,12.0
3724,520,train,6,3,8,26.0
3725,521,prior,1,2,9,
3726,521,prior,2,5,12,17.0
3727,521,prior,3,1,11,13.0
3728,521,prior,4,5,10,29.0
3729,521,prior,5,2,21,29.0
3730,521,prior,6,1,7,14.0
3731,521,prior,7,0,20,7.0
3732,521,prior,8,5,9,1.0
3733,521,prior,9,2,14,26.0
3734,521,train,10,1,20,20.0
3735,522,prior,1,0,10,
3736,522,prior,2,4,19,1.0
3737,522,prior,3,5,13,17.0
3738,522,train,4,2,9,15.0
3739,523,prior,1,6,19,
3740,523,prior,2,1,12,18.0
3741,523,prior,3,6,9,11.0
3742,523,train,4,2,9,6.0
3743,524,prior,1,4,18,
3744,524,prior,2,4,9,1.0
3745,524,prior,3,4,8,25.0
3746,524,prior,4,3,15,9.0
3747,524,train,5,3,11,18.0
3748,525,prior,1,3,21,
3749,525,prior,2,0,18,1.0
3750,525,prior,3,3,20,2.0
3751,525,prior,4,0,7,24.0
3752,525,train,5,1,11,17.0
3753,526,prior,1,6,18,
3754,526,prior,2,6,13,24.0
3755,526,prior,3,3,15,14.0
3756,526,prior,4,6,8,2.0
3757,526,prior,5,0,21,25.0
3758,526,train,6,1,21,11.0
3759,527,prior,1,2,20,
3760,527,prior,2,1,12,7.0
3761,527,prior,3,0,10,10.0
3762,527,prior,4,1,11,20.0
3763,527,prior,5,5,20,11.0
3764,527,prior,6,2,17,1.0
3765,527,prior,7,4,9,16.0
3766,527,prior,8,4,17,3.0
3767,527,train,9,5,11,10.0
3768,528,prior,1,0,17,
3769,528,prior,2,1,20,5.0
3770,528,prior,3,4,14,26.0
3771,528,prior,4,2,9,5.0
3772,528,prior,5,2,12,13.0
3773,528,prior,6,6,21,17.0
3774,528,train,7,4,21,24.0
3775,529,prior,1,5,9,
3776,529,prior,2,5,14,3.0
3777,529,prior,3,0,20,12.0
3778,529,prior,4,3,12,19.0
3779,529,prior,5,0,14,4.0
3780,529,train,6,6,20,17.0
3781,530,prior,1,2,7,
3782,530,prior,2,3,17,2.0
3783,530,prior,3,6,20,1.0
3784,530,prior,4,6,8,6.0
3785,530,prior,5,4,15,24.0
3786,530,prior,6,0,21,19.0
3787,530,prior,7,6,13,2.0
3788,530,train,8,3,8,21.0
3789,531,prior,1,4,17,
3790,531,prior,2,4,13,5.0
3791,531,prior,3,5,9,25.0
3792,531,prior,4,2,16,9.0
3793,531,prior,5,1,16,11.0
3794,531,prior,6,1,8,25.0
3795,531,prior,7,3,19,29.0
3796,531,train,8,0,21,1.0
3797,532,prior,1,5,12,
3798,532,prior,2,1,11,20.0
3799,532,prior,3,3,13,17.0
3800,532,prior,4,6,10,8.0
3801,532,prior,5,3,9,29.0
3802,532,prior,6,2,10,27.0
3803,532,prior,7,2,7,13.0
3804,532,train,8,1,8,6.0
3805,533,prior,1,5,9,
3806,533,prior,2,5,9,28.0
3807,533,prior,3,2,13,28.0
3808,533,prior,4,5,18,10.0
3809,533,prior,5,4,7,6.0
3810,533,train,6,1,7,1.0
3811,534,prior,1,4,18,
3812,534,prior,2,6,17,14.0
3813,534,prior,3,1,8,14.0
3814,534,prior,4,4,20,2.0
3815,534,prior,5,5,12,24.0
3816,534,prior,6,0,7,7.0
3817,534,prior,7,4,14,20.0
3818,534,prior,8,6,17,25.0
3819,534,prior,9,0,13,10.0
3820,534,train,10,2,14,29.0
3821,535,prior,1,3,14,
3822,535,prior,2,3,13,11.0
3823,535,prior,3,1,9,29.0
3824,535,prior,4,6,17,29.0
3825,535,train,5,6,12,3.0
3826,536,prior,1,6,10,
3827,536,prior,2,6,15,19.0
3828,536,prior,3,2,15,19.0
3829,536,train,4,0,16,9.0
3830,537,prior,1,0,17,
3831,537,prior,2,6,9,29.0
3832,537,prior,3,6,14,6.0
3833,537,prior,4,1,15,15.0
3834,537,prior,5,1,15,17.0
3835,537,train,6,3,13,25.0
3836,538,prior,1,4,15,
3837,538,prior,2,2,16,12.0
3838,538,prior,3,4,7,13.0
3839,538,train,4,4,18,1.0
3840,539,prior,1,3,16,
3841,539,prior,2,2,13,1.0
3842,539,prior,3,3,20,20.0
3843,539,prior,4,6,8,1.0
3844,539,prior,5,3,15,12.0
3845,539,train,6,0,12,14.0
3846,540,prior,1,1,15,
3847,540,prior,2,6,16,5.0
3848,540,prior,3,6,7,19.0
3849,540,prior,4,5,21,5.0
3850,540,prior,5,6,20,12.0
3851,540,prior,6,6,16,2.0
3852,540,prior,7,0,21,22.0
3853,540,prior,8,1,9,5.0
3854,540,prior,9,4,13,2.0
3855,540,train,10,5,21,20.0
3856,541,prior,1,4,19,
3857,541,prior,2,2,10,24.0
3858,541,prior,3,2,10,15.0
3859,541,prior,4,1,9,5.0
3860,541,prior,5,6,12,28.0
3861,541,prior,6,6,8,18.0
3862,541,train,7,4,20,26.0
3863,542,prior,1,4,15,
3864,542,prior,2,5,10,12.0
3865,542,prior,3,3,8,8.0
3866,542,prior,4,3,20,23.0
3867,542,prior,5,0,11,7.0
3868,542,prior,6,1,18,29.0
3869,542,prior,7,5,13,24.0
3870,542,prior,8,5,18,15.0
3871,542,prior,9,5,7,6.0
3872,542,train,10,1,12,2.0
3873,543,prior,1,2,11,
3874,543,prior,2,6,15,29.0
3875,543,prior,3,0,7,25.0
3876,543,prior,4,1,8,13.0
3877,543,prior,5,1,15,16.0
3878,543,prior,6,2,21,26.0
3879,543,prior,7,0,19,25.0
3880,543,prior,8,4,20,26.0
3881,543,prior,9,5,20,12.0
3882,543,train,10,1,16,16.0
3883,544,prior,1,5,11,
3884,544,prior,2,5,16,26.0
3885,544,prior,3,5,19,28.0
3886,544,prior,4,6,18,26.0
3887,544,prior,5,5,8,29.0
3888,544,prior,6,1,7,16.0
3889,544,prior,7,0,15,11.0
3890,544,train,8,1,8,12.0
3891,545,prior,1,3,11,
3892,545,prior,2,0,13,29.0
3893,545,prior,3,6,9,6.0
3894,545,prior,4,3,10,7.0
3895,545,train,5,5,21,29.0
3896,546,prior,1,3,15,
3897,546,prior,2,3,17,23.0
3898,546,prior,3,0,17,3.0
3899,546,prior,4,1,10,9.0
3900,546,prior,5,0,14,7.0
3901,546,prior,6,4,9,26.0
3902,546,prior,7,0,13,24.0
3903,546,train,8,3,16,18.0
3904,547,prior,1,2,16,
3905,547,prior,2,5,13,29.0
3906,547,prior,3,5,8,28.0
3907,547,prior,4,3,20,12.0
3908,547,prior,5,2,19,25.0
3909,547,prior,6,5,15,1.0
3910,547,prior,7,1,15,20.0
3911,547,prior,8,2,21,24.0
3912,547,prior,9,6,21,23.0
3913,547,train,10,2,12,5.0
3914,548,prior,1,4,8,
3915,548,prior,2,2,11,27.0
3916,548,prior,3,0,9,25.0
3917,548,train,4,0,15,2.0
3918,549,prior,1,1,20,
3919,549,prior,2,6,9,4.0
3920,549,prior,3,4,14,7.0
3921,549,prior,4,5,18,20.0
3922,549,train,5,1,9,26.0
3923,550,prior,1,4,16,
3924,550,prior,2,2,19,28.0
3925,550,prior,3,6,11,13.0
3926,550,prior,4,2,18,1.0
3927,550,prior,5,3,16,10.0
3928,550,prior,6,4,17,5.0
3929,550,prior,7,2,13,14.0
3930,550,train,8,3,11,7.0
3931,551,prior,1,1,8,
3932,551,prior,2,4,7,18.0
3933,551,prior,3,4,15,13.0
3934,551,prior,4,1,7,2.0
3935,551,prior,5,1,19,16.0
3936,551,prior,6,0,17,16.0
3937,551,prior,7,3,8,7.0
3938,551,prior,8,2,18,16.0
3939,551,prior,9,3,15,12.0
3940,551,train,10,0,20,10.0
3941,552,prior,1,0,16,
3942,552,prior,2,4,16,18.0
3943,552,prior,3,6,21,28.0
3944,552,train,4,6,14,23.0
3945,553,prior,1,3,14,
3946,553,prior,2,6,8,17.0
3947,553,prior,3,2,7,4.0
3948,553,prior,4,5,7,19.0
3949,553,prior,5,5,10,21.0
3950,553,prior,6,1,12,7.0
3951,553,train,7,5,17,1.0
3952,554,prior,1,4,17,
3953,554,prior,2,3,19,7.0
3954,554,prior,3,0,14,27.0
3955,554,train,4,1,16,5.0
3956,555,prior,1,1,9,
3957,555,prior,2,5,15,5.0
3958,555,prior,3,4,8,14.0
3959,555,prior,4,3,7,18.0
3960,555,prior,5,6,16,9.0
3961,555,prior,6,4,20,23.0
3962,555,prior,7,6,21,13.0
3963,555,prior,8,4,15,3.0
3964,555,train,9,3,13,25.0
3965,556,prior,1,4,10,
3966,556,prior,2,4,10,15.0
3967,556,prior,3,5,15,8.0
3968,556,prior,4,3,15,14.0
3969,556,prior,5,1,13,13.0
3970,556,prior,6,3,10,24.0
3971,556,prior,7,3,14,13.0
3972,556,train,8,6,12,21.0
3973,557,prior,1,1,12,
3974,557,prior,2,1,8,3.0
3975,557,prior,3,3,17,9.0
3976,557,train,4,3,9,14.0
3977,558,prior,1,3,15,
3978,558,prior,2,3,19,7.0
3979,558,prior,3,6,19,17.0
3980,558,train,4,4,19,1.0
3981,559,prior,1,1,9,
3982,559,prior,2,1,13,1.0
3983,559,prior,3,0,12,6.0
3984,559,prior,4,6,12,3.0
3985,559,prior,5,6,21,19.0
3986,559,prior,6,4,10,1.0
3987,559,prior,7,3,15,3.0
3988,559,prior,8,6,17,20.0
3989,559,train,9,1,14,4.0
3990,560,prior,1,6,17,
3991,560,prior,2,0,15,13.0
3992,560,prior,3,3,15,21.0
3993,560,train,4,2,11,29.0
3994,561,prior,1,1,18,
3995,561,prior,2,5,16,18.0
3996,561,prior,3,3,10,1.0
3997,561,prior,4,3,11,18.0
3998,561,prior,5,1,13,26.0
3999,561,prior,6,5,14,14.0
4000,561,train,7,0,10,23.0
4001,562,prior,1,5,13,
4002,562,prior,2,4,13,21.0
4003,562,prior,3,2,9,24.0
4004,562,prior,4,5,10,20.0
4005,562,prior,5,3,20,1.0
4006,562,prior,6,0,7,11.0
4007,562,prior,7,3,13,3.0
4008,562,prior,8,2,15,19.0
4009,562,train,9,4,20,2.0
4010,563,prior,1,2,16,
4011,563,prior,2,2,16,24.0
4012,563,prior,3,6,9,2.0
4013,563,prior,4,5,14,6.0
4014,563,train,5,1,12,20.0
4015,564,prior,1,0,14,
4016,564,prior,2,0,9,22.0
4017,564,prior,3,5,13,28.0
4018,564,prior,4,0,18,26.0
4019,564,prior,5,6,15,20.0
4020,564,prior,6,6,10,21.0
4021,564,prior,7,6,15,27.0
4022,564,train,8,1,14,5.0
4023,565,prior,1,4,9,
4024,565,prior,2,0,18,26.0
4025,565,prior,3,6,16,25.0
4026,565,prior,4,0,16,27.0
4027,565,prior,5,4,13,3.0
4028,565,prior,6,3,9,12.0
4029,565,prior,7,4,13,19.0
4030,565,train,8,4,13,1.0
4031,566,prior,1,3,10,
4032,566,prior,2,3,16,5.0
4033,566,prior,3,1,19,24.0
4034,566,prior,4,2,14,12.0
4035,566,prior,5,3,16,7.0
4036,566,prior,6,2,11,8.0
4037,566,train,7,5,12,16.0
4038,567,prior,1,4,18,
4039,567,prior,2,0,15,18.0
4040,567,prior,3,2,19,3.0
4041,567,train,4,4,11,18.0
4042,568,prior,1,3,10,
4043,568,prior,2,0,19,4.0
4044,568,prior,3,2,20,4.0
4045,568,prior,4,6,15,18.0
4046,568,prior,5,4,21,8.0
4047,568,prior,6,3,7,29.0
4048,568,prior,7,6,17,26.0
4049,568,train,8,5,9,25.0
4050,569,prior,1,1,9,
4051,569,prior,2,0,19,16.0
4052,569,prior,3,0,9,15.0
4053,569,prior,4,0,9,27.0
4054,569,prior,5,6,15,16.0
4055,569,prior,6,5,12,3.0
4056,569,prior,7,6,13,26.0
4057,569,train,8,4,19,5.0
4058,570,prior,1,3,16,
4059,570,prior,2,4,20,16.0
4060,570,prior,3,5,9,16.0
4061,570,prior,4,2,8,22.0
4062,570,prior,5,1,21,5.0
4063,570,prior,6,0,17,13.0
4064,570,prior,7,5,18,10.0
4065,570,prior,8,3,11,24.0
4066,570,train,9,0,16,6.0
4067,571,prior,1,6,9,
4068,571,prior,2,6,9,13.0
4069,571,prior,3,6,15,24.0
4070,571,prior,4,1,17,10.0
4071,571,prior,5,3,12,28.0
4072,571,prior,6,2,19,7.0
4073,571,prior,7,3,18,25.0
4074,571,train,8,2,15,28.0
4075,572,prior,1,2,12,
4076,572,prior,2,6,18,4.0
4077,572,prior,3,6,9,14.0
4078,572,prior,4,1,15,17.0
4079,572,prior,5,5,12,25.0
4080,572,prior,6,5,11,14.0
4081,572,train,7,1,13,12.0
4082,573,prior,1,0,18,
4083,573,prior,2,5,17,26.0
4084,573,prior,3,1,18,7.0
4085,573,prior,4,3,16,17.0
4086,573,prior,5,0,8,2.0
4087,573,prior,6,0,17,16.0
4088,573,train,7,2,9,9.0
4089,574,prior,1,5,14,
4090,574,prior,2,4,18,12.0
4091,574,prior,3,6,16,29.0
4092,574,prior,4,5,16,10.0
4093,574,prior,5,2,17,26.0
4094,574,prior,6,4,8,22.0
4095,574,train,7,3,13,8.0
4096,575,prior,1,4,19,
4097,575,prior,2,3,9,7.0
4098,575,prior,3,2,11,21.0
4099,575,prior,4,3,14,12.0
4100,575,prior,5,2,17,29.0
4101,575,prior,6,3,13,2.0
4102,575,train,7,6,21,7.0
4103,576,prior,1,3,18,
4104,576,prior,2,4,17,4.0
4105,576,prior,3,2,13,8.0
4106,576,prior,4,1,9,11.0
4107,576,prior,5,0,11,15.0
4108,576,train,6,5,7,16.0
4109,577,prior,1,2,14,
4110,577,prior,2,4,13,21.0
4111,577,prior,3,1,20,2.0
4112,577,train,4,5,20,6.0
4113,578,prior,1,2,13,
4114,578,prior,2,0,20,20.0
4115,578,prior,3,2,20,7.0
4116,578,prior,4,0,17,14.0
4117,578,prior,5,0,21,22.0
4118,578,train,6,4,9,28.0
4119,579,prior,1,1,12,
4120,579,prior,2,6,15,2.0
4121,579,prior,3,0,20,6.0
4122,579,prior,4,1,14,20.0
4123,579,prior,5,2,19,19.0
4124,579,prior,6,2,8,1.0
4125,579,prior,7,4,7,5.0
4126,579,prior,8,6,13,21.0
4127,579,prior,9,4,16,25.0
4128,579,train,10,3,15,18.0
4129,580,prior,1,5,21,
4130,580,prior,2,6,7,5.0
4131,580,prior,3,3,10,6.0
4132,580,prior,4,5,8,19.0
4133,580,prior,5,2,7,7.0
4134,580,train,6,1,19,7.0
4135,581,prior,1,2,15,
4136,581,prior,2,5,7,25.0
4137,581,prior,3,4,10,29.0
4138,581,train,4,1,11,22.0
4139,582,prior,1,0,17,
4140,582,prior,2,4,20,21.0
4141,582,prior,3,6,8,29.0
4142,582,train,4,6,17,4.0
4143,583,prior,1,3,7,
4144,583,prior,2,2,8,14.0
4145,583,prior,3,6,15,29.0
4146,583,prior,4,0,7,24.0
4147,583,prior,5,2,8,24.0
4148,583,train,6,0,15,27.0
4149,584,prior,1,1,12,
4150,584,prior,2,4,15,8.0
4151,584,prior,3,2,15,24.0
4152,584,train,4,3,16,25.0
4153,585,prior,1,2,17,
4154,585,prior,2,2,14,12.0
4155,585,prior,3,3,7,24.0
4156,585,prior,4,3,14,22.0
4157,585,prior,5,6,7,13.0
4158,585,prior,6,1,8,29.0
4159,585,prior,7,3,13,5.0
4160,585,prior,8,5,21,22.0
4161,585,train,9,2,19,19.0
4162,586,prior,1,5,19,
4163,586,prior,2,3,10,22.0
4164,586,prior,3,0,8,28.0
4165,586,prior,4,1,16,3.0
4166,586,prior,5,0,13,1.0
4167,586,prior,6,2,19,22.0
4168,586,prior,7,3,11,3.0
4169,586,prior,8,4,17,12.0
4170,586,train,9,0,7,18.0
4171,587,prior,1,3,7,
4172,587,prior,2,4,10,25.0
4173,587,prior,3,6,20,6.0
4174,587,prior,4,0,15,6.0
4175,587,prior,5,0,12,14.0
4176,587,prior,6,0,11,2.0
4177,587,prior,7,0,13,29.0
4178,587,train,8,2,7,23.0
4179,588,prior,1,2,16,
4180,588,prior,2,4,17,27.0
4181,588,prior,3,3,8,9.0
4182,588,train,4,3,21,25.0
4183,589,prior,1,3,17,
4184,589,prior,2,0,18,6.0
4185,589,prior,3,4,14,21.0
4186,589,prior,4,3,21,24.0
4187,589,train,5,1,12,17.0
4188,590,prior,1,5,13,
4189,590,prior,2,4,17,7.0
4190,590,prior,3,1,16,12.0
4191,590,prior,4,4,7,7.0
4192,590,prior,5,3,8,7.0
4193,590,train,6,3,12,7.0
4194,591,prior,1,6,21,
4195,591,prior,2,1,14,10.0
4196,591,prior,3,5,12,3.0
4197,591,prior,4,2,19,17.0
4198,591,prior,5,6,15,6.0
4199,591,prior,6,2,20,22.0
4200,591,prior,7,1,18,20.0
4201,591,train,8,4,18,23.0
4202,592,prior,1,6,7,
4203,592,prior,2,3,21,20.0
4204,592,prior,3,6,19,26.0
4205,592,prior,4,0,14,3.0
4206,592,prior,5,2,20,11.0
4207,592,prior,6,0,7,8.0
4208,592,prior,7,4,16,5.0
4209,592,prior,8,3,21,21.0
4210,592,train,9,3,18,19.0
4211,593,prior,1,2,7,
4212,593,prior,2,1,11,1.0
4213,593,prior,3,1,14,3.0
4214,593,prior,4,1,21,25.0
4215,593,prior,5,1,13,2.0
4216,593,prior,6,6,8,23.0
4217,593,prior,7,1,14,27.0
4218,593,prior,8,0,14,14.0
4219,593,prior,9,6,9,11.0
4220,593,train,10,2,7,18.0
4221,594,prior,1,4,19,
4222,594,prior,2,2,19,27.0
4223,594,prior,3,6,21,3.0
4224,594,prior,4,6,8,13.0
4225,594,prior,5,4,11,7.0
4226,594,train,6,1,12,2.0
4227,595,prior,1,1,10,
4228,595,prior,2,0,16,4.0
4229,595,prior,3,3,16,3.0
4230,595,prior,4,0,18,2.0
4231,595,prior,5,0,11,4.0
4232,595,prior,6,3,17,29.0
4233,595,prior,7,5,11,29.0
4234,595,prior,8,2,15,28.0
4235,595,prior,9,1,8,24.0
4236,595,train,10,5,19,17.0
4237,596,prior,1,0,13,
4238,596,prior,2,3,16,19.0
4239,596,prior,3,4,17,7.0
4240,596,prior,4,4,9,7.0
4241,596,prior,5,1,19,4.0
4242,596,prior,6,1,20,8.0
4243,596,prior,7,0,19,12.0
4244,596,train,8,1,20,22.0
4245,597,prior,1,4,10,
4246,597,prior,2,5,9,27.0
4247,597,prior,3,6,19,9.0
4248,597,prior,4,3,16,17.0
4249,597,prior,5,5,12,8.0
4250,597,prior,6,0,9,25.0
4251,597,prior,7,6,14,20.0
4252,597,prior,8,1,12,10.0
4253,597,prior,9,4,12,22.0
4254,597,train,10,3,7,1.0
4255,598,prior,1,6,21,
4256,598,prior,2,4,14,23.0
4257,598,prior,3,2,14,24.0
4258,598,prior,4,0,21,4.0
4259,598,prior,5,4,10,10.0
4260,598,train,6,0,18,25.0
4261,599,prior,1,2,18,
4262,599,prior,2,2,20,16.0
4263,599,prior,3,3,21,29.0
4264,599,prior,4,1,19,24.0
4265,599,prior,5,4,16,7.0
4266,599,prior,6,0,12,13.0
4267,599,prior,7,3,21,11.0
4268,599,prior,8,6,14,9.0
4269,599,train,9,0,21,5.0
4270,600,prior,1,4,8,
4271,600,prior,2,2,11,15.0
4272,600,prior,3,2,8,14.0
4273,600,prior,4,4,10,8.0
4274,600,prior,5,3,17,23.0
4275,600,prior,6,5,14,10.0
4276,600,prior,7,6,20,28.0
4277,600,prior,8,0,21,26.0
4278,600,prior,9,2,12,23.0
4279,600,train,10,6,8,21.0
4280,601,prior,1,5,11,
4281,601,prior,2,5,9,18.0
4282,601,prior,3,6,21,27.0
4283,601,prior,4,5,20,23.0
4284,601,prior,5,1,14,7.0
4285,601,train,6,5,8,10.0
4286,602,prior,1,4,8,
4287,602,prior,2,4,12,13.0
4288,602,prior,3,3,12,17.0
4289,602,prior,4,6,15,7.0
4290,602,train,5,6,17,14.0
4291,603,prior,1,5,7,
4292,603,prior,2,4,13,12.0
4293,603,prior,3,2,10,21.0
4294,603,prior,4,2,11,18.0
4295,603,train,5,5,11,27.0
4296,604,prior,1,0,14,
4297,604,prior,2,6,16,14.0
4298,604,prior,3,0,21,21.0
4299,604,prior,4,1,12,2.0
4300,604,prior,5,3,18,4.0
4301,604,prior,6,3,21,29.0
4302,604,train,7,2,7,7.0
4303,605,prior,1,5,19,
4304,605,prior,2,6,14,25.0
4305,605,prior,3,3,9,21.0
4306,605,prior,4,3,10,2.0
4307,605,train,5,0,7,11.0
4308,606,prior,1,1,13,
4309,606,prior,2,0,10,25.0
4310,606,prior,3,3,9,4.0
4311,606,prior,4,1,15,26.0
4312,606,prior,5,5,8,29.0
4313,606,prior,6,4,17,18.0
4314,606,train,7,5,9,11.0
4315,607,prior,1,4,15,
4316,607,prior,2,5,18,10.0
4317,607,prior,3,3,15,26.0
4318,607,prior,4,0,8,2.0
4319,607,prior,5,3,15,15.0
4320,607,prior,6,5,15,7.0
4321,607,prior,7,3,8,22.0
4322,607,prior,8,2,20,17.0
4323,607,train,9,4,16,27.0
4324,608,prior,1,0,21,
4325,608,prior,2,4,19,22.0
4326,608,prior,3,3,16,19.0
4327,608,train,4,5,16,27.0
4328,609,prior,1,1,7,
4329,609,prior,2,0,21,13.0
4330,609,prior,3,1,21,22.0
4331,609,prior,4,0,7,18.0
4332,609,prior,5,1,11,25.0
4333,609,train,6,4,8,3.0
4334,610,prior,1,2,12,
4335,610,prior,2,3,21,20.0
4336,610,prior,3,4,16,8.0
4337,610,prior,4,6,18,28.0
4338,610,prior,5,1,10,3.0
4339,610,prior,6,6,11,28.0
4340,610,prior,7,5,11,22.0
4341,610,prior,8,4,13,12.0
4342,610,train,9,2,10,25.0
4343,611,prior,1,4,11,
4344,611,prior,2,6,12,28.0
4345,611,prior,3,6,14,22.0
4346,611,prior,4,2,9,25.0
4347,611,prior,5,4,16,4.0
4348,611,train,6,2,21,1.0
4349,612,prior,1,0,9,
4350,612,prior,2,3,12,5.0
4351,612,prior,3,2,20,25.0
4352,612,prior,4,4,11,14.0
4353,612,prior,5,3,14,12.0
4354,612,prior,6,2,11,10.0
4355,612,prior,7,0,16,5.0
4356,612,train,8,6,8,12.0
4357,613,prior,1,1,8,
4358,613,prior,2,4,7,5.0
4359,613,prior,3,6,13,12.0
4360,613,prior,4,6,14,27.0
4361,613,prior,5,0,20,12.0
4362,613,train,6,5,21,10.0
4363,614,prior,1,2,7,
4364,614,prior,2,1,16,7.0
4365,614,prior,3,6,15,27.0
4366,614,prior,4,3,7,23.0
4367,614,prior,5,2,10,23.0
4368,614,prior,6,1,17,19.0
4369,614,train,7,3,7,21.0
4370,615,prior,1,3,10,
4371,615,prior,2,4,7,21.0
4372,615,prior,3,3,20,24.0
4373,615,prior,4,2,11,24.0
4374,615,prior,5,1,9,20.0
4375,615,prior,6,5,20,26.0
4376,615,prior,7,5,9,8.0
4377,615,prior,8,5,21,13.0
4378,615,train,9,4,17,12.0
4379,616,prior,1,3,19,
4380,616,prior,2,0,20,4.0
4381,616,prior,3,0,12,9.0
4382,616,train,4,4,17,8.0
4383,617,prior,1,2,8,
4384,617,prior,2,5,9,14.0
4385,617,prior,3,3,14,16.0
4386,617,train,4,3,12,9.0
4387,618,prior,1,2,12,
4388,618,prior,2,2,11,18.0
4389,618,prior,3,0,8,23.0
4390,618,prior,4,6,21,13.0
4391,618,prior,5,3,21,23.0
4392,618,prior,6,0,17,18.0
4393,618,prior,7,6,17,7.0
4394,618,prior,8,2,14,2.0
4395,618,train,9,3,14,15.0
4396,619,prior,1,2,20,
4397,619,prior,2,5,14,15.0
4398,619,prior,3,3,14,17.0
4399,619,prior,4,1,17,27.0
4400,619,prior,5,5,21,15.0
4401,619,prior,6,5,15,3.0
4402,619,train,7,3,14,5.0
4403,620,prior,1,5,14,
4404,620,prior,2,5,13,22.0
4405,620,prior,3,5,9,28.0
4406,620,prior,4,4,16,3.0
4407,620,prior,5,5,16,3.0
4408,620,prior,6,6,9,12.0
4409,620,prior,7,5,17,5.0
4410,620,prior,8,2,17,10.0
4411,620,prior,9,4,7,27.0
4412,620,train,10,2,17,29.0
4413,621,prior,1,0,20,
4414,621,prior,2,1,14,11.0
4415,621,prior,3,3,19,8.0
4416,621,prior,4,1,21,13.0
4417,621,prior,5,3,9,9.0
4418,621,prior,6,0,18,19.0
4419,621,prior,7,2,20,3.0
4420,621,prior,8,4,14,6.0
4421,621,prior,9,0,16,21.0
4422,621,train,10,3,9,5.0
4423,622,prior,1,0,16,
4424,622,prior,2,0,13,11.0
4425,622,prior,3,2,8,28.0
4426,622,prior,4,4,17,21.0
4427,622,prior,5,4,17,18.0
4428,622,prior,6,1,13,11.0
4429,622,train,7,2,19,1.0
4430,623,prior,1,2,14,
4431,623,prior,2,1,7,21.0
4432,623,prior,3,5,19,13.0
4433,623,prior,4,2,9,3.0
4434,623,prior,5,3,17,28.0
4435,623,prior,6,2,21,16.0
4436,623,prior,7,5,18,2.0
4437,623,prior,8,1,8,29.0
4438,623,prior,9,1,18,13.0
4439,623,train,10,4,8,22.0
4440,624,prior,1,2,10,
4441,624,prior,2,4,10,17.0
4442,624,prior,3,3,9,21.0
4443,624,prior,4,3,7,28.0
4444,624,prior,5,1,19,27.0
4445,624,prior,6,2,20,8.0
4446,624,prior,7,1,13,7.0
4447,624,prior,8,3,19,27.0
4448,624,train,9,2,19,4.0
4449,625,prior,1,2,7,
4450,625,prior,2,3,18,2.0
4451,625,prior,3,1,17,16.0
4452,625,prior,4,2,15,10.0
4453,625,prior,5,4,18,23.0
4454,625,prior,6,3,11,15.0
4455,625,prior,7,6,19,18.0
4456,625,train,8,3,19,13.0
4457,626,prior,1,5,10,
4458,626,prior,2,5,10,25.0
4459,626,prior,3,1,11,13.0
4460,626,prior,4,6,15,3.0
4461,626,prior,5,3,12,19.0
4462,626,train,6,0,16,11.0
4463,627,prior,1,2,12,
4464,627,prior,2,3,14,2.0
4465,627,prior,3,2,18,28.0
4466,627,prior,4,1,11,11.0
4467,627,train,5,0,9,14.0
4468,628,prior,1,6,11,
4469,628,prior,2,2,13,2.0
4470,628,prior,3,6,15,17.0
4471,628,prior,4,2,8,18.0
4472,628,train,5,4,9,23.0
4473,629,prior,1,4,9,
4474,629,prior,2,4,8,19.0
4475,629,prior,3,4,14,10.0
4476,629,prior,4,5,17,25.0
4477,629,prior,5,0,7,22.0
4478,629,prior,6,1,12,16.0
4479,629,train,7,1,17,24.0
4480,630,prior,1,4,8,
4481,630,prior,2,3,13,15.0
4482,630,prior,3,1,16,4.0
4483,630,prior,4,6,14,6.0
4484,630,prior,5,4,15,12.0
4485,630,train,6,4,7,10.0
4486,631,prior,1,4,8,
4487,631,prior,2,4,9,10.0
4488,631,prior,3,6,17,23.0
4489,631,prior,4,4,18,20.0
4490,631,prior,5,2,18,19.0
4491,631,prior,6,4,16,28.0
4492,631,prior,7,5,20,25.0
4493,631,prior,8,2,21,7.0
4494,631,train,9,3,11,1.0
4495,632,prior,1,4,17,
4496,632,prior,2,6,12,26.0
4497,632,prior,3,6,19,18.0
4498,632,prior,4,1,16,22.0
4499,632,prior,5,3,21,25.0
4500,632,prior,6,2,10,22.0
4501,632,prior,7,1,19,3.0
4502,632,prior,8,1,13,21.0
4503,632,prior,9,6,19,12.0
4504,632,train,10,3,8,25.0
4505,633,prior,1,0,11,
4506,633,prior,2,2,7,3.0
4507,633,prior,3,5,9,11.0
4508,633,prior,4,6,11,20.0
4509,633,prior,5,2,21,13.0
4510,633,prior,6,1,12,10.0
4511,633,train,7,1,12,2.0
4512,634,prior,1,1,8,
4513,634,prior,2,3,18,16.0
4514,634,prior,3,0,14,10.0
4515,634,prior,4,0,16,29.0
4516,634,prior,5,6,18,25.0
4517,634,prior,6,3,14,18.0
4518,634,prior,7,5,10,18.0
4519,634,prior,8,4,15,10.0
4520,634,prior,9,0,19,13.0
4521,634,train,10,1,16,2.0
4522,635,prior,1,4,21,
4523,635,prior,2,3,9,11.0
4524,635,prior,3,3,16,20.0
4525,635,prior,4,3,18,2.0
4526,635,prior,5,5,13,19.0
4527,635,prior,6,3,11,27.0
4528,635,prior,7,5,8,28.0
4529,635,prior,8,2,15,7.0
4530,635,train,9,5,13,19.0
4531,636,prior,1,5,12,
4532,636,prior,2,1,21,20.0
4533,636,prior,3,0,13,13.0
4534,636,prior,4,4,16,7.0
4535,636,prior,5,1,19,3.0
4536,636,prior,6,1,20,21.0
4537,636,prior,7,4,19,1.0
4538,636,prior,8,1,8,22.0
4539,636,prior,9,3,11,20.0
4540,636,train,10,4,21,21.0
4541,637,prior,1,3,13,
4542,637,prior,2,2,14,12.0
4543,637,prior,3,5,20,8.0
4544,637,prior,4,4,12,29.0
4545,637,prior,5,5,21,28.0
4546,637,prior,6,1,12,6.0
4547,637,prior,7,2,20,17.0
4548,637,train,8,0,12,27.0
4549,638,prior,1,1,21,
4550,638,prior,2,4,12,8.0
4551,638,prior,3,0,10,27.0
4552,638,prior,4,1,15,26.0
4553,638,prior,5,1,19,23.0
4554,638,prior,6,1,15,3.0
4555,638,prior,7,2,8,17.0
4556,638,prior,8,6,12,9.0
4557,638,prior,9,1,18,8.0
4558,638,train,10,5,9,21.0
4559,639,prior,1,6,17,
4560,639,prior,2,2,16,23.0
4561,639,prior,3,4,16,6.0
4562,639,prior,4,5,13,2.0
4563,639,prior,5,2,19,23.0
4564,639,prior,6,3,11,12.0
4565,639,prior,7,1,21,7.0
4566,639,prior,8,0,14,6.0
4567,639,prior,9,2,19,6.0
4568,639,train,10,2,19,10.0
4569,640,prior,1,5,16,
4570,640,prior,2,5,20,13.0
4571,640,prior,3,0,13,11.0
4572,640,prior,4,3,8,21.0
4573,640,train,5,5,7,12.0
4574,641,prior,1,2,8,
4575,641,prior,2,5,14,6.0
4576,641,prior,3,5,11,7.0
4577,641,prior,4,2,11,14.0
4578,641,prior,5,3,16,12.0
4579,641,prior,6,5,15,19.0
4580,641,prior,7,1,7,9.0
4581,641,prior,8,4,20,10.0
4582,641,train,9,4,9,18.0
4583,642,prior,1,4,20,
4584,642,prior,2,4,7,11.0
4585,642,prior,3,6,20,18.0
4586,642,prior,4,2,13,28.0
4587,642,train,5,2,7,12.0
4588,643,prior,1,3,11,
4589,643,prior,2,2,20,3.0
4590,643,prior,3,6,12,3.0
4591,643,train,4,5,16,5.0
4592,644,prior,1,4,20,
4593,644,prior,2,0,19,26.0
4594,644,prior,3,5,7,13.0
4595,644,prior,4,0,17,11.0
4596,644,prior,5,6,10,25.0
4597,644,train,6,3,11,25.0
4598,645,prior,1,3,17,
4599,645,prior,2,4,19,10.0
4600,645,prior,3,6,14,28.0
4601,645,prior,4,6,13,9.0
4602,645,prior,5,2,14,21.0
4603,645,train,6,4,14,11.0
4604,646,prior,1,1,18,
4605,646,prior,2,5,21,15.0
4606,646,prior,3,1,20,19.0
4607,646,prior,4,2,12,2.0
4608,646,prior,5,2,20,11.0
4609,646,prior,6,2,14,27.0
4610,646,prior,7,5,17,21.0
4611,646,train,8,2,9,23.0
4612,647,prior,1,3,12,
4613,647,prior,2,5,21,18.0
4614,647,prior,3,2,8,21.0
4615,647,prior,4,2,16,1.0
4616,647,prior,5,4,14,10.0
4617,647,prior,6,5,17,17.0
4618,647,prior,7,4,7,26.0
4619,647,train,8,2,12,15.0
4620,648,prior,1,4,15,
4621,648,prior,2,5,9,29.0
4622,648,prior,3,0,13,4.0
4623,648,prior,4,5,11,7.0
4624,648,prior,5,0,20,11.0
4625,648,prior,6,5,8,16.0
4626,648,prior,7,3,11,4.0
4627,648,prior,8,2,14,1.0
4628,648,prior,9,1,8,10.0
4629,648,train,10,4,10,13.0
4630,649,prior,1,2,12,
4631,649,prior,2,0,9,4.0
4632,649,prior,3,4,13,9.0
4633,649,prior,4,3,11,5.0
4634,649,prior,5,2,14,12.0
4635,649,prior,6,1,11,22.0
4636,649,train,7,3,8,12.0
4637,650,prior,1,4,13,
4638,650,prior,2,5,17,14.0
4639,650,prior,3,2,20,8.0
4640,650,prior,4,2,8,11.0
4641,650,prior,5,1,21,28.0
4642,650,prior,6,4,12,4.0
4643,650,train,7,0,20,5.0
4644,651,prior,1,5,12,
4645,651,prior,2,5,7,29.0
4646,651,prior,3,1,21,29.0
4647,651,prior,4,4,11,17.0
4648,651,prior,5,5,10,8.0
4649,651,prior,6,0,21,11.0
4650,651,prior,7,1,14,5.0
4651,651,train,8,0,9,4.0
4652,652,prior,1,3,8,
4653,652,prior,2,5,8,13.0
4654,652,prior,3,5,9,5.0
4655,652,prior,4,6,14,29.0
4656,652,prior,5,6,11,20.0
4657,652,prior,6,4,16,29.0
4658,652,train,7,3,13,23.0
4659,653,prior,1,5,15,
4660,653,prior,2,2,13,21.0
4661,653,prior,3,2,16,16.0
4662,653,prior,4,5,18,19.0
4663,653,prior,5,4,10,8.0
4664,653,prior,6,4,18,22.0
4665,653,prior,7,3,12,17.0
4666,653,prior,8,3,9,23.0
4667,653,train,9,0,15,11.0
4668,654,prior,1,4,21,
4669,654,prior,2,5,13,27.0
4670,654,prior,3,5,17,3.0
4671,654,prior,4,3,14,6.0
4672,654,prior,5,4,11,29.0
4673,654,prior,6,1,17,29.0
4674,654,prior,7,4,17,13.0
4675,654,train,8,0,16,11.0
4676,655,prior,1,0,21,
4677,655,prior,2,1,12,3.0
4678,655,prior,3,3,17,25.0
4679,655,prior,4,5,7,4.0
4680,655,prior,5,0,17,19.0
4681,655,train,6,3,7,5.0
4682,656,prior,1,5,17,
4683,656,prior,2,5,21,25.0
4684,656,prior,3,4,20,29.0
4685,656,prior,4,1,18,11.0
4686,656,prior,5,2,19,25.0
4687,656,prior,6,0,7,12.0
4688,656,prior,7,6,12,16.0
4689,656,train,8,5,7,25.0
4690,657,prior,1,3,19,
4691,657,prior,2,6,18,4.0
4692,657,prior,3,5,13,24.0
4693,657,prior,4,5,9,18.0
4694,657,prior,5,0,17,13.0
4695,657,train,6,5,7,9.0
4696,658,prior,1,5,17,
4697,658,prior,2,2,12,25.0
4698,658,prior,3,4,11,20.0
4699,658,prior,4,6,9,20.0
4700,658,prior,5,6,7,6.0
4701,658,prior,6,3,12,14.0
4702,658,prior,7,5,19,1.0
4703,658,prior,8,6,11,21.0
4704,658,prior,9,1,17,28.0
4705,658,train,10,4,7,26.0
4706,659,prior,1,1,20,
4707,659,prior,2,3,13,22.0
4708,659,prior,3,6,16,11.0
4709,659,prior,4,6,13,12.0
4710,659,prior,5,1,15,20.0
4711,659,prior,6,6,17,19.0
4712,659,prior,7,2,10,12.0
4713,659,prior,8,2,21,19.0
4714,659,train,9,3,18,17.0
4715,660,prior,1,2,7,
4716,660,prior,2,4,15,8.0
4717,660,prior,3,6,11,29.0
4718,660,prior,4,5,19,7.0
4719,660,prior,5,1,15,2.0
4720,660,prior,6,6,7,25.0
4721,660,prior,7,4,18,10.0
4722,660,prior,8,0,11,4.0
4723,660,prior,9,5,11,16.0
4724,660,train,10,2,11,1.0
4725,661,prior,1,5,19,
4726,661,prior,2,1,17,4.0
4727,661,prior,3,0,18,17.0
4728,661,prior,4,5,20,20.0
4729,661,prior,5,3,19,7.0
4730,661,prior,6,5,13,1.0
4731,661,prior,7,4,13,17.0
4732,661,train,8,1,21,11.0
4733,662,prior,1,2,13,
4734,662,prior,2,3,18,12.0
4735,662,prior,3,6,12,23.0
4736,662,train,4,2,10,18.0
4737,663,prior,1,0,18,
4738,663,prior,2,6,9,22.0
4739,663,prior,3,5,13,19.0
4740,663,train,4,6,13,16.0
4741,664,prior,1,5,10,
4742,664,prior,2,6,8,23.0
4743,664,prior,3,5,8,25.0
4744,664,prior,4,0,10,14.0
4745,664,train,5,6,21,2.0
4746,665,prior,1,0,15,
4747,665,prior,2,2,9,27.0
4748,665,prior,3,3,14,28.0
4749,665,prior,4,6,10,17.0
4750,665,prior,5,2,19,10.0
4751,665,prior,6,4,9,6.0
4752,665,prior,7,1,17,13.0
4753,665,prior,8,0,20,13.0
4754,665,train,9,1,16,1.0
4755,666,prior,1,1,21,
4756,666,prior,2,3,12,13.0
4757,666,prior,3,0,8,18.0
4758,666,train,4,6,10,28.0
4759,667,prior,1,1,13,
4760,667,prior,2,1,11,22.0
4761,667,prior,3,5,20,28.0
4762,667,train,4,2,19,12.0
4763,668,prior,1,0,16,
4764,668,prior,2,5,14,8.0
4765,668,prior,3,3,15,26.0
4766,668,train,4,4,11,13.0
4767,669,prior,1,6,13,
4768,669,prior,2,0,20,16.0
4769,669,prior,3,1,15,9.0
4770,669,prior,4,2,20,20.0
4771,669,prior,5,1,12,3.0
4772,669,prior,6,2,17,27.0
4773,669,train,7,1,12,23.0
4774,670,prior,1,5,18,
4775,670,prior,2,4,9,23.0
4776,670,prior,3,2,7,2.0
4777,670,prior,4,4,9,17.0
4778,670,prior,5,0,18,12.0
4779,670,prior,6,5,17,25.0
4780,670,prior,7,4,10,26.0
4781,670,prior,8,2,14,22.0
4782,670,prior,9,0,20,2.0
4783,670,train,10,5,20,1.0
4784,671,prior,1,6,12,
4785,671,prior,2,0,21,7.0
4786,671,prior,3,3,21,19.0
4787,671,prior,4,5,14,6.0
4788,671,prior,5,6,7,11.0
4789,671,prior,6,6,15,11.0
4790,671,prior,7,6,11,1.0
4791,671,train,8,4,16,10.0
4792,672,prior,1,6,7,
4793,672,prior,2,3,11,24.0
4794,672,prior,3,0,11,11.0
4795,672,prior,4,2,18,15.0
4796,672,prior,5,6,15,14.0
4797,672,prior,6,2,8,19.0
4798,672,prior,7,0,21,28.0
4799,672,prior,8,1,15,9.0
4800,672,prior,9,0,10,28.0
4801,672,train,10,6,19,24.0
4802,673,prior,1,2,13,
4803,673,prior,2,6,10,21.0
4804,673,prior,3,6,19,28.0
4805,673,prior,4,4,9,29.0
4806,673,prior,5,6,9,4.0
4807,673,prior,6,1,21,27.0
4808,673,prior,7,1,9,3.0
4809,673,train,8,6,7,29.0
4810,674,prior,1,3,17,
4811,674,prior,2,1,10,28.0
4812,674,prior,3,2,9,8.0
4813,674,prior,4,5,19,14.0
4814,674,prior,5,4,14,20.0
4815,674,train,6,0,15,2.0
4816,675,prior,1,1,10,
4817,675,prior,2,1,16,28.0
4818,675,prior,3,2,10,25.0
4819,675,train,4,5,21,1.0
4820,676,prior,1,4,13,
4821,676,prior,2,3,20,14.0
4822,676,prior,3,2,14,2.0
4823,676,prior,4,2,20,21.0
4824,676,prior,5,4,20,10.0
4825,676,prior,6,1,13,7.0
4826,676,prior,7,3,11,8.0
4827,676,prior,8,1,8,19.0
4828,676,train,9,0,12,14.0
4829,677,prior,1,2,16,
4830,677,prior,2,6,20,19.0
4831,677,prior,3,0,13,15.0
4832,677,prior,4,5,16,20.0
4833,677,prior,5,0,11,7.0
4834,677,prior,6,3,11,18.0
4835,677,prior,7,6,12,10.0
4836,677,prior,8,6,10,16.0
4837,677,train,9,4,12,10.0
4838,678,prior,1,3,7,
4839,678,prior,2,2,12,11.0
4840,678,prior,3,2,13,15.0
4841,678,prior,4,0,21,19.0
4842,678,prior,5,4,13,17.0
4843,678,prior,6,3,12,25.0
4844,678,prior,7,1,13,16.0
4845,678,prior,8,2,8,7.0
4846,678,prior,9,5,11,26.0
4847,678,train,10,1,16,15.0
4848,679,prior,1,0,8,
4849,679,prior,2,1,19,5.0
4850,679,prior,3,4,12,1.0
4851,679,prior,4,5,20,19.0
4852,679,prior,5,2,7,12.0
4853,679,prior,6,2,17,6.0
4854,679,prior,7,3,10,5.0
4855,679,train,8,4,18,11.0
4856,680,prior,1,0,20,
4857,680,prior,2,2,12,17.0
4858,680,prior,3,5,17,1.0
4859,680,prior,4,3,11,15.0
4860,680,prior,5,3,9,17.0
4861,680,prior,6,1,11,23.0
4862,680,prior,7,5,11,26.0
4863,680,prior,8,2,20,4.0
4864,680,train,9,5,13,23.0
4865,681,prior,1,4,20,
4866,681,prior,2,2,7,15.0
4867,681,prior,3,0,9,13.0
4868,681,prior,4,2,10,27.0
4869,681,prior,5,6,18,26.0
4870,681,train,6,6,19,9.0
4871,682,prior,1,0,21,
4872,682,prior,2,6,8,10.0
4873,682,prior,3,5,19,14.0
4874,682,prior,4,5,18,16.0
4875,682,prior,5,0,12,3.0
4876,682,prior,6,5,7,28.0
4877,682,prior,7,4,14,19.0
4878,682,train,8,5,11,9.0
4879,683,prior,1,3,11,
4880,683,prior,2,4,16,10.0
4881,683,prior,3,0,19,20.0
4882,683,prior,4,3,19,1.0
4883,683,prior,5,0,10,27.0
4884,683,train,6,0,21,6.0
4885,684,prior,1,2,17,
4886,684,prior,2,6,19,6.0
4887,684,prior,3,4,10,1.0
4888,684,prior,4,6,14,19.0
4889,684,prior,5,5,18,8.0
4890,684,prior,6,2,18,16.0
4891,684,train,7,3,16,13.0
4892,685,prior,1,6,19,
4893,685,prior,2,0,20,26.0
4894,685,prior,3,0,13,29.0
4895,685,train,4,3,21,29.0
4896,686,prior,1,2,18,
4897,686,prior,2,6,10,27.0
4898,686,prior,3,1,19,3.0
4899,686,prior,4,1,13,29.0
4900,686,prior,5,0,15,10.0
4901,686,prior,6,6,11,11.0
4902,686,train,7,3,11,2.0
4903,687,prior,1,4,8,
4904,687,prior,2,4,8,25.0
4905,687,prior,3,5,13,17.0
4906,687,prior,4,1,20,29.0
4907,687,prior,5,3,19,25.0
4908,687,prior,6,4,20,26.0
4909,687,prior,7,3,12,2.0
4910,687,prior,8,5,12,23.0
4911,687,prior,9,5,12,23.0
4912,687,train,10,2,10,20.0
4913,688,prior,1,2,12,
4914,688,prior,2,3,17,29.0
4915,688,prior,3,3,11,16.0
4916,688,prior,4,4,14,13.0
4917,688,prior,5,2,13,27.0
4918,688,prior,6,4,11,15.0
4919,688,train,7,2,11,4.0
4920,689,prior,1,2,18,
4921,689,prior,2,1,12,26.0
4922,689,prior,3,1,12,16.0
4923,689,prior,4,5,9,21.0
4924,689,prior,5,3,15,23.0
4925,689,prior,6,2,13,24.0
4926,689,prior,7,6,20,2.0
4927,689,prior,8,0,12,21.0
4928,689,train,9,4,14,2.0
4929,690,prior,1,5,16,
4930,690,prior,2,5,18,17.0
4931,690,prior,3,4,7,24.0
4932,690,prior,4,4,12,21.0
4933,690,prior,5,2,17,5.0
4934,690,prior,6,6,7,15.0
4935,690,prior,7,3,16,14.0
4936,690,prior,8,4,10,7.0
4937,690,prior,9,0,9,12.0
4938,690,train,10,5,19,9.0
4939,691,prior,1,2,16,
4940,691,prior,2,2,16,14.0
4941,691,prior,3,0,11,17.0
4942,691,prior,4,5,20,15.0
4943,691,prior,5,1,7,14.0
4944,691,train,6,0,19,21.0
4945,692,prior,1,5,11,
4946,692,prior,2,4,7,17.0
4947,692,prior,3,4,8,17.0
4948,692,prior,4,2,16,21.0
4949,692,prior,5,2,8,5.0
4950,692,prior,6,0,10,18.0
4951,692,train,7,2,19,10.0
4952,693,prior,1,5,19,
4953,693,prior,2,5,10,5.0
4954,693,prior,3,4,19,28.0
4955,693,prior,4,2,16,14.0
4956,693,prior,5,5,17,25.0
4957,693,prior,6,5,20,6.0
4958,693,train,7,0,11,4.0
4959,694,prior,1,0,12,
4960,694,prior,2,0,20,2.0
4961,694,prior,3,0,17,4.0
4962,694,prior,4,2,11,10.0
4963,694,prior,5,5,19,24.0
4964,694,train,6,2,19,9.0
4965,695,prior,1,0,21,
4966,695,prior,2,4,8,29.0
4967,695,prior,3,3,12,13.0
4968,695,prior,4,6,16,16.0
4969,695,prior,5,1,21,5.0
4970,695,train,6,4,15,1.0
4971,696,prior,1,1,18,
4972,696,prior,2,1,15,19.0
4973,696,prior,3,0,14,17.0
4974,696,train,4,4,21,23.0
4975,697,prior,1,4,16,
4976,697,prior,2,0,10,16.0
4977,697,prior,3,6,14,19.0
4978,697,train,4,3,17,18.0
4979,698,prior,1,2,12,
4980,698,prior,2,3,17,29.0
4981,698,prior,3,2,18,24.0
4982,698,prior,4,4,15,26.0
4983,698,train,5,1,19,2.0
4984,699,prior,1,0,13,
4985,699,prior,2,2,18,28.0
4986,699,prior,3,2,20,13.0
4987,699,prior,4,4,9,12.0
4988,699,train,5,4,8,18.0
4989,700,prior,1,6,8,
4990,700,prior,2,5,11,11.0
4991,700,prior,3,3,12,21.0
4992,700,prior,4,1,10,29.0
4993,700,prior,5,0,14,18.0
4994,700,prior,6,2,17,18.0
4995,700,prior,7,5,21,13.0
4996,700,prior,8,6,18,8.0
4997,700,train,9,0,13,27.0
4998,701,prior,1,0,20,
4999,701,prior,2,4,15,26.0
5000,701,prior,3,2,7,27.0
5001,701,prior,4,6,20,8.0
5002,701,prior,5,4,8,10.0
5003,701,prior,6,2,17,11.0
5004,701,prior,7,5,18,18.0
5005,701,prior,8,5,12,9.0
5006,701,prior,9,6,21,25.0
5007,701,train,10,5,12,29.0
5008,702,prior,1,1,19,
5009,702,prior,2,5,19,18.0
5010,702,prior,3,3,21,7.0
5011,702,prior,4,2,21,1.0
5012,702,prior,5,4,9,16.0
5013,702,train,6,5,9,6.0
5014,703,prior,1,6,17,
5015,703,prior,2,1,14,8.0
5016,703,prior,3,5,17,13.0
5017,703,prior,4,4,9,22.0
5018,703,prior,5,4,15,8.0
5019,703,prior,6,5,8,15.0
5020,703,prior,7,0,7,17.0
5021,703,prior,8,5,21,11.0
5022,703,prior,9,5,10,15.0
5023,703,train,10,1,19,7.0
5024,704,prior,1,4,8,
5025,704,prior,2,0,13,27.0
5026,704,prior,3,1,14,23.0
5027,704,prior,4,0,10,2.0
5028,704,prior,5,1,9,29.0
5029,704,prior,6,1,19,18.0
5030,704,prior,7,3,18,6.0
5031,704,prior,8,0,9,4.0
5032,704,prior,9,6,11,25.0
5033,704,train,10,5,9,17.0
5034,705,prior,1,5,10,
5035,705,prior,2,2,9,25.0
5036,705,prior,3,1,18,6.0
5037,705,prior,4,5,8,10.0
5038,705,prior,5,2,9,17.0
5039,705,prior,6,4,21,25.0
5040,705,prior,7,2,20,19.0
5041,705,prior,8,4,14,9.0
5042,705,train,9,6,8,15.0
5043,706,prior,1,6,14,
5044,706,prior,2,5,17,6.0
5045,706,prior,3,6,10,12.0
5046,706,prior,4,6,20,20.0
5047,706,prior,5,2,18,9.0
5048,706,prior,6,4,12,18.0
5049,706,train,7,5,20,5.0
5050,707,prior,1,3,16,
5051,707,prior,2,6,14,12.0
5052,707,prior,3,4,11,18.0
5053,707,prior,4,5,15,11.0
5054,707,prior,5,1,19,14.0
5055,707,prior,6,2,16,6.0
5056,707,prior,7,4,20,5.0
5057,707,prior,8,0,9,17.0
5058,707,train,9,0,9,4.0
5059,708,prior,1,3,13,
5060,708,prior,2,6,11,13.0
5061,708,prior,3,6,20,20.0
5062,708,prior,4,3,21,13.0
5063,708,prior,5,5,14,26.0
5064,708,prior,6,4,18,23.0
5065,708,prior,7,3,9,8.0
5066,708,prior,8,2,14,12.0
5067,708,prior,9,3,21,25.0
5068,708,train,10,0,15,12.0
5069,709,prior,1,4,19,
5070,709,prior,2,0,12,24.0
5071,709,prior,3,5,12,14.0
5072,709,prior,4,1,20,25.0
5073,709,train,5,1,19,8.0
5074,710,prior,1,1,16,
5075,710,prior,2,3,18,18.0
5076,710,prior,3,5,8,16.0
5077,710,prior,4,6,8,16.0
5078,710,prior,5,2,9,25.0
5079,710,prior,6,3,7,18.0
5080,710,prior,7,4,20,19.0
5081,710,prior,8,5,20,22.0
5082,710,prior,9,6,10,22.0
5083,710,train,10,4,16,21.0
5084,711,prior,1,2,8,
5085,711,prior,2,2,8,6.0
5086,711,prior,3,0,20,6.0
5087,711,prior,4,0,12,18.0
5088,711,prior,5,1,7,5.0
5089,711,prior,6,4,17,15.0
5090,711,prior,7,5,15,2.0
5091,711,prior,8,4,13,2.0
5092,711,train,9,0,10,12.0
5093,712,prior,1,4,8,
5094,712,prior,2,0,15,26.0
5095,712,prior,3,1,13,2.0
5096,712,prior,4,3,20,17.0
5097,712,prior,5,4,13,28.0
5098,712,train,6,5,15,26.0
5099,713,prior,1,6,15,
5100,713,prior,2,5,19,13.0
5101,713,prior,3,1,15,17.0
5102,713,train,4,0,10,29.0
5103,714,prior,1,3,13,
5104,714,prior,2,6,18,8.0
5105,714,prior,3,0,21,1.0
5106,714,prior,4,2,15,12.0
5107,714,prior,5,3,11,2.0
5108,714,train,6,6,12,7.0
5109,715,prior,1,6,16,
5110,715,prior,2,6,19,24.0
5111,715,prior,3,5,18,11.0
5112,715,prior,4,1,8,17.0
5113,715,prior,5,5,15,7.0
5114,715,prior,6,5,16,26.0
5115,715,prior,7,4,20,29.0
5116,715,prior,8,1,19,22.0
5117,715,prior,9,4,7,9.0
5118,715,train,10,0,8,21.0
5119,716,prior,1,1,19,
5120,716,prior,2,4,9,5.0
5121,716,prior,3,5,10,21.0
5122,716,prior,4,3,14,8.0
5123,716,prior,5,6,17,3.0
5124,716,prior,6,4,21,1.0
5125,716,prior,7,2,21,9.0
5126,716,train,8,1,8,13.0
5127,717,prior,1,1,21,
5128,717,prior,2,1,16,20.0
5129,717,prior,3,4,11,29.0
5130,717,prior,4,4,9,2.0
5131,717,prior,5,4,7,18.0
5132,717,prior,6,3,19,9.0
5133,717,train,7,4,17,29.0
5134,718,prior,1,3,11,
5135,718,prior,2,2,9,28.0
5136,718,prior,3,5,13,22.0
5137,718,prior,4,1,15,10.0
5138,718,prior,5,4,15,10.0
5139,718,prior,6,4,21,19.0
5140,718,prior,7,2,19,23.0
5141,718,prior,8,6,20,8.0
5142,718,prior,9,2,13,2.0
5143,718,train,10,5,13,21.0
5144,719,prior,1,4,10,
5145,719,prior,2,4,17,14.0
5146,719,prior,3,4,9,27.0
5147,719,prior,4,3,21,15.0
5148,719,train,5,2,18,3.0
5149,720,prior,1,1,18,
5150,720,prior,2,2,15,17.0
5151,720,prior,3,1,17,26.0
5152,720,prior,4,6,11,13.0
5153,720,prior,5,2,9,24.0
5154,720,prior,6,0,21,13.0
5155,720,prior,7,2,19,21.0
5156,720,train,8,2,10,8.0
5157,721,prior,1,0,20,
5158,721,prior,2,0,17,4.0
5159,721,prior,3,5,21,17.0
5160,721,prior,4,2,11,2.0
5161,721,prior,5,1,17,14.0
5162,721,train,6,0,10,1.0
5163,722,prior,1,4,20,
5164,722,prior,2,1,14,26.0
5165,722,prior,3,2,14,1.0
5166,722,prior,4,6,19,14.0
5167,722,prior,5,3,17,20.0
5168,722,prior,6,2,19,4.0
5169,722,train,7,5,10,1.0
5170,723,prior,1,5,16,
5171,723,prior,2,2,12,17.0
5172,723,prior,3,3,20,19.0
5173,723,prior,4,0,10,26.0
5174,723,prior,5,4,9,16.0
5175,723,prior,6,3,10,24.0
5176,723,train,7,5,15,11.0
5177,724,prior,1,2,9,
5178,724,prior,2,6,10,14.0
5179,724,prior,3,2,7,26.0
5180,724,prior,4,2,11,29.0
5181,724,train,5,6,17,22.0
5182,725,prior,1,6,9,
5183,725,prior,2,2,8,29.0
5184,725,prior,3,4,7,9.0
5185,725,prior,4,2,14,16.0
5186,725,prior,5,4,17,6.0
5187,725,train,6,6,8,25.0
5188,726,prior,1,3,7,
5189,726,prior,2,0,17,17.0
5190,726,prior,3,2,17,24.0
5191,726,train,4,4,11,4.0
5192,727,prior,1,6,19,
5193,727,prior,2,4,9,9.0
5194,727,prior,3,2,10,9.0
5195,727,prior,4,0,14,20.0
5196,727,prior,5,4,11,3.0
5197,727,prior,6,0,12,7.0
5198,727,prior,7,2,15,12.0
5199,727,prior,8,5,8,9.0
5200,727,train,9,5,16,23.0
5201,728,prior,1,5,21,
5202,728,prior,2,3,13,12.0
5203,728,prior,3,0,16,3.0
5204,728,prior,4,0,14,28.0
5205,728,prior,5,4,14,24.0
5206,728,prior,6,6,13,1.0
5207,728,prior,7,3,16,26.0
5208,728,train,8,2,7,16.0
5209,729,prior,1,5,9,
5210,729,prior,2,3,8,8.0
5211,729,prior,3,4,15,3.0
5212,729,prior,4,3,20,19.0
5213,729,train,5,4,8,5.0
5214,730,prior,1,0,20,
5215,730,prior,2,5,17,29.0
5216,730,prior,3,3,19,21.0
5217,730,prior,4,0,14,10.0
5218,730,prior,5,3,10,2.0
5219,730,prior,6,2,17,17.0
5220,730,prior,7,0,20,11.0
5221,730,train,8,3,12,18.0
5222,731,prior,1,6,9,
5223,731,prior,2,1,20,16.0
5224,731,prior,3,0,12,5.0
5225,731,prior,4,2,16,10.0
5226,731,prior,5,5,13,5.0
5227,731,prior,6,2,11,2.0
5228,731,prior,7,3,20,3.0
5229,731,prior,8,1,19,25.0
5230,731,prior,9,3,20,25.0
5231,731,train,10,4,14,17.0
5232,732,prior,1,6,10,
5233,732,prior,2,1,21,7.0
5234,732,prior,3,0,21,20.0
5235,732,train,4,6,14,12.0
5236,733,prior,1,2,8,
5237,733,prior,2,2,18,26.0
5238,733,prior,3,2,9,13.0
5239,733,prior,4,5,8,8.0
5240,733,prior,5,2,21,2.0
5241,733,prior,6,2,11,17.0
5242,733,prior,7,6,14,25.0
5243,733,train,8,3,16,5.0
5244,734,prior,1,5,13,
5245,734,prior,2,2,14,6.0
5246,734,prior,3,6,8,8.0
5247,734,prior,4,5,17,3.0
5248,734,prior,5,5,11,13.0
5249,734,prior,6,1,17,25.0
5250,734,train,7,0,17,19.0
5251,735,prior,1,3,8,
5252,735,prior,2,0,15,6.0
5253,735,prior,3,1,11,29.0
5254,735,prior,4,0,8,22.0
5255,735,prior,5,3,20,6.0
5256,735,prior,6,5,19,12.0
5257,735,train,7,3,10,10.0
5258,736,prior,1,0,10,
5259,736,prior,2,0,9,27.0
5260,736,prior,3,3,21,23.0
5261,736,train,4,6,17,6.0
5262,737,prior,1,3,12,
5263,737,prior,2,2,20,13.0
5264,737,prior,3,3,14,28.0
5265,737,prior,4,5,19,6.0
5266,737,prior,5,2,18,29.0
5267,737,prior,6,2,19,8.0
5268,737,train,7,6,7,26.0
5269,738,prior,1,6,14,
5270,738,prior,2,5,9,24.0
5271,738,prior,3,0,9,26.0
5272,738,prior,4,1,21,19.0
5273,738,prior,5,5,17,20.0
5274,738,prior,6,6,8,3.0
5275,738,prior,7,0,8,20.0
5276,738,train,8,6,15,16.0
5277,739,prior,1,3,14,
5278,739,prior,2,2,17,7.0
5279,739,prior,3,6,13,28.0
5280,739,prior,4,1,14,7.0
5281,739,train,5,0,9,2.0
5282,740,prior,1,2,15,
5283,740,prior,2,2,18,22.0
5284,740,prior,3,5,8,15.0
5285,740,prior,4,0,8,1.0
5286,740,prior,5,1,13,5.0
5287,740,prior,6,4,9,14.0
5288,740,prior,7,3,18,21.0
5289,740,train,8,2,14,3.0
5290,741,prior,1,2,21,
5291,741,prior,2,2,7,20.0
5292,741,prior,3,0,13,4.0
5293,741,prior,4,1,17,22.0
5294,741,train,5,1,7,17.0
5295,742,prior,1,5,8,
5296,742,prior,2,5,8,17.0
5297,742,prior,3,0,7,12.0
5298,742,prior,4,4,14,21.0
5299,742,prior,5,5,7,12.0
5300,742,prior,6,4,7,7.0
5301,742,prior,7,3,13,21.0
5302,742,train,8,3,15,1.0
5303,743,prior,1,2,7,
5304,743,prior,2,3,7,14.0
5305,743,prior,3,3,11,2.0
5306,743,prior,4,0,13,11.0
5307,743,train,5,1,13,24.0
5308,744,prior,1,2,17,
5309,744,prior,2,6,16,28.0
5310,744,prior,3,1,15,3.0
5311,744,train,4,5,12,16.0
5312,745,prior,1,0,11,
5313,745,prior,2,4,19,17.0
5314,745,prior,3,3,15,9.0
5315,745,prior,4,5,10,18.0
5316,745,train,5,4,16,9.0
5317,746,prior,1,3,9,
5318,746,prior,2,6,20,17.0
5319,746,prior,3,4,10,20.0
5320,746,train,4,1,20,6.0
5321,747,prior,1,4,17,
5322,747,prior,2,3,14,26.0
5323,747,prior,3,6,17,2.0
5324,747,prior,4,3,21,25.0
5325,747,train,5,3,18,7.0
5326,748,prior,1,0,21,
5327,748,prior,2,4,13,23.0
5328,748,prior,3,2,9,29.0
5329,748,prior,4,0,20,9.0
5330,748,prior,5,5,10,22.0
5331,748,prior,6,5,20,12.0
5332,748,train,7,3,16,16.0
5333,749,prior,1,4,7,
5334,749,prior,2,2,13,3.0
5335,749,prior,3,4,20,20.0
5336,749,train,4,5,7,21.0
5337,750,prior,1,6,9,
5338,750,prior,2,6,10,17.0
5339,750,prior,3,5,17,27.0
5340,750,prior,4,4,13,8.0
5341,750,prior,5,5,8,26.0
5342,750,prior,6,5,10,7.0
5343,750,prior,7,4,10,20.0
5344,750,prior,8,4,8,10.0
5345,750,train,9,3,14,29.0
5346,751,prior,1,0,19,
5347,751,prior,2,2,11,25.0
5348,751,prior,3,6,17,3.0
5349,751,prior,4,6,19,26.0
5350,751,prior,5,5,21,21.0
5351,751,prior,6,4,10,18.0
5352,751,prior,7,0,18,14.0
5353,751,prior,8,4,8,13.0
5354,751,prior,9,4,12,12.0
5355,751,train,10,0,16,10.0
5356,752,prior,1,2,14,
5357,752,prior,2,0,19,5.0
5358,752,prior,3,4,9,5.0
5359,752,train,4,4,8,24.0
5360,753,prior,1,3,20,
5361,753,prior,2,1,16,22.0
5362,753,prior,3,0,14,10.0
5363,753,train,4,2,18,29.0
5364,754,prior,1,2,18,
5365,754,prior,2,2,7,1.0
5366,754,prior,3,3,14,28.0
5367,754,prior,4,3,19,5.0
5368,754,prior,5,1,7,7.0
5369,754,prior,6,4,13,4.0
5370,754,prior,7,1,10,11.0
5371,754,train,8,4,7,24.0
5372,755,prior,1,3,18,
5373,755,prior,2,5,16,11.0
5374,755,prior,3,2,18,22.0
5375,755,prior,4,3,13,16.0
5376,755,prior,5,3,11,15.0
5377,755,train,6,3,15,13.0
5378,756,prior,1,5,16,
5379,756,prior,2,5,18,4.0
5380,756,prior,3,4,10,12.0
5381,756,prior,4,2,12,11.0
5382,756,prior,5,6,16,9.0
5383,756,prior,6,4,14,18.0
5384,756,prior,7,2,20,8.0
5385,756,prior,8,6,15,4.0
5386,756,train,9,5,17,27.0
5387,757,prior,1,5,21,
5388,757,prior,2,5,15,28.0
5389,757,prior,3,5,18,6.0
5390,757,prior,4,2,17,15.0
5391,757,prior,5,5,12,18.0
5392,757,prior,6,6,20,12.0
5393,757,train,7,4,10,8.0
5394,758,prior,1,3,10,
5395,758,prior,2,5,12,9.0
5396,758,prior,3,1,16,21.0
5397,758,prior,4,5,19,17.0
5398,758,prior,5,5,14,12.0
5399,758,prior,6,2,16,16.0
5400,758,prior,7,4,13,12.0
5401,758,train,8,1,16,25.0
5402,759,prior,1,2,15,
5403,759,prior,2,6,8,19.0
5404,759,prior,3,1,10,6.0
5405,759,prior,4,2,9,25.0
5406,759,train,5,6,14,14.0
5407,760,prior,1,2,12,
5408,760,prior,2,0,16,22.0
5409,760,prior,3,2,7,12.0
5410,760,prior,4,5,11,24.0
5411,760,train,5,4,16,14.0
5412,761,prior,1,2,14,
5413,761,prior,2,4,9,22.0
5414,761,prior,3,1,19,7.0
5415,761,prior,4,3,14,13.0
5416,761,prior,5,5,21,10.0
5417,761,prior,6,3,9,22.0
5418,761,prior,7,3,10,14.0
5419,761,train,8,5,15,21.0
5420,762,prior,1,5,15,
5421,762,prior,2,4,19,6.0
5422,762,prior,3,3,13,2.0
5423,762,prior,4,0,11,13.0
5424,762,prior,5,5,8,14.0
5425,762,train,6,4,18,8.0
5426,763,prior,1,0,15,
5427,763,prior,2,1,19,27.0
5428,763,prior,3,3,8,15.0
5429,763,prior,4,6,10,14.0
5430,763,train,5,4,16,17.0
5431,764,prior,1,6,12,
5432,764,prior,2,1,11,14.0
5433,764,prior,3,3,17,24.0
5434,764,prior,4,5,19,27.0
5435,764,prior,5,3,12,25.0
5436,764,prior,6,3,20,7.0
5437,764,prior,7,4,7,8.0
5438,764,prior,8,4,15,5.0
5439,764,prior,9,3,21,11.0
5440,764,train,10,6,13,3.0
5441,765,prior,1,5,20,
5442,765,prior,2,1,16,20.0
5443,765,prior,3,6,20,11.0
5444,765,train,4,6,16,18.0
5445,766,prior,1,6,7,
5446,766,prior,2,0,13,22.0
5447,766,prior,3,2,19,17.0
5448,766,prior,4,4,10,13.0
5449,766,prior,5,0,19,28.0
5450,766,train,6,1,14,25.0
5451,767,prior,1,3,9,
5452,767,prior,2,2,19,1.0
5453,767,prior,3,1,14,20.0
5454,767,prior,4,4,18,7.0
5455,767,prior,5,2,18,9.0
5456,767,prior,6,3,19,27.0
5457,767,train,7,6,13,13.0
5458,768,prior,1,2,12,
5459,768,prior,2,0,11,29.0
5460,768,prior,3,5,8,11.0
5461,768,prior,4,5,18,14.0
5462,768,prior,5,4,9,22.0
5463,768,prior,6,5,8,14.0
5464,768,train,7,4,19,27.0
5465,769,prior,1,3,11,
5466,769,prior,2,6,17,4.0
5467,769,prior,3,2,10,7.0
5468,769,prior,4,0,16,19.0
5469,769,train,5,6,7,17.0
5470,770,prior,1,5,15,
5471,770,prior,2,5,21,23.0
5472,770,prior,3,2,13,5.0
5473,770,train,4,5,19,7.0
5474,771,prior,1,6,12,
5475,771,prior,2,2,12,14.0
5476,771,prior,3,2,20,18.0
5477,771,prior,4,2,8,8.0
5478,771,prior,5,1,13,14.0
5479,771,prior,6,0,11,27.0
5480,771,train,7,6,12,11.0
5481,772,prior,1,3,21,
5482,772,prior,2,5,20,19.0
5483,772,prior,3,4,21,10.0
5484,772,prior,4,2,20,20.0
5485,772,prior,5,3,10,28.0
5486,772,train,6,2,16,17.0
5487,773,prior,1,5,8,
5488,773,prior,2,0,16,22.0
5489,773,prior,3,3,14,4.0
5490,773,prior,4,0,12,17.0
5491,773,prior,5,1,17,17.0
5492,773,prior,6,2,8,23.0
5493,773,prior,7,6,17,4.0
5494,773,train,8,4,15,27.0
5495,774,prior,1,3,16,
5496,774,prior,2,5,8,2.0
5497,774,prior,3,3,12,18.0
5498,774,prior,4,6,19,1.0
5499,774,train,5,3,8,21.0
5500,775,prior,1,3,20,
5501,775,prior,2,4,8,7.0
5502,775,prior,3,0,20,17.0
5503,775,prior,4,2,12,17.0
5504,775,prior,5,1,21,10.0
5505,775,prior,6,3,16,2.0
5506,775,prior,7,1,17,1.0
5507,775,prior,8,0,18,21.0
5508,775,train,9,1,10,8.0
5509,776,prior,1,5,15,
5510,776,prior,2,0,9,25.0
5511,776,prior,3,6,11,7.0
5512,776,prior,4,3,18,17.0
5513,776,prior,5,5,20,4.0
5514,776,prior,6,4,7,7.0
5515,776,prior,7,5,9,12.0
5516,776,train,8,3,18,11.0
5517,777,prior,1,2,21,
5518,777,prior,2,4,12,2.0
5519,777,prior,3,4,10,9.0
5520,777,prior,4,4,12,29.0
5521,777,prior,5,4,18,7.0
5522,777,prior,6,2,8,13.0
5523,777,prior,7,5,9,9.0
5524,777,prior,8,5,12,21.0
5525,777,train,9,1,18,1.0
5526,778,prior,1,5,18,
5527,778,prior,2,6,15,29.0
5528,778,prior,3,5,17,22.0
5529,778,train,4,3,16,19.0
5530,779,prior,1,4,14,
5531,779,prior,2,3,12,6.0
5532,779,prior,3,0,10,12.0
5533,779,prior,4,2,13,16.0
5534,779,train,5,4,17,14.0
5535,780,prior,1,3,9,
5536,780,prior,2,4,16,1.0
5537,780,prior,3,4,18,18.0
5538,780,prior,4,3,18,23.0
5539,780,prior,5,5,9,9.0
5540,780,train,6,6,12,16.0
5541,781,prior,1,4,17,
5542,781,prior,2,0,10,15.0
5543,781,prior,3,3,21,8.0
5544,781,prior,4,4,15,20.0
5545,781,prior,5,3,7,15.0
5546,781,train,6,0,12,16.0
5547,782,prior,1,1,21,
5548,782,prior,2,4,13,3.0
5549,782,prior,3,6,11,19.0
5550,782,prior,4,1,7,1.0
5551,782,prior,5,1,14,27.0
5552,782,prior,6,3,11,26.0
5553,782,prior,7,1,10,24.0
5554,782,prior,8,2,15,16.0
5555,782,train,9,3,10,10.0
5556,783,prior,1,5,17,
5557,783,prior,2,0,9,10.0
5558,783,prior,3,4,12,5.0
5559,783,prior,4,3,10,7.0
5560,783,prior,5,1,19,15.0
5561,783,prior,6,1,19,28.0
5562,783,prior,7,1,21,3.0
5563,783,prior,8,6,16,19.0
5564,783,prior,9,3,9,11.0
5565,783,train,10,1,9,9.0
5566,784,prior,1,3,8,
5567,784,prior,2,4,7,17.0
5568,784,prior,3,3,13,3.0
5569,784,prior,4,5,11,21.0
5570,784,train,5,5,9,13.0
5571,785,prior,1,4,13,
5572,785,prior,2,6,7,13.0
5573,785,prior,3,4,17,14.0
5574,785,prior,4,3,13,3.0
5575,785,train,5,1,7,23.0
5576,786,prior,1,5,8,
5577,786,prior,2,1,20,25.0
5578,786,prior,3,6,10,5.0
5579,786,prior,4,2,18,8.0
5580,786,prior,5,0,17,5.0
5581,786,train,6,2,18,3.0
5582,787,prior,1,4,19,
5583,787,prior,2,0,18,5.0
5584,787,prior,3,3,21,25.0
5585,787,prior,4,1,17,28.0
5586,787,train,5,1,18,21.0
5587,788,prior,1,0,16,
5588,788,prior,2,0,9,8.0
5589,788,prior,3,2,19,27.0
5590,788,prior,4,1,15,4.0
5591,788,prior,5,4,14,29.0
5592,788,prior,6,4,20,27.0
5593,788,prior,7,3,16,4.0
5594,788,train,8,2,14,1.0
5595,789,prior,1,6,8,
5596,789,prior,2,0,9,24.0
5597,789,prior,3,4,10,16.0
5598,789,prior,4,1,18,7.0
5599,789,train,5,2,18,14.0
5600,790,prior,1,3,8,
5601,790,prior,2,1,15,7.0
5602,790,prior,3,6,14,23.0
5603,790,train,4,6,20,15.0
5604,791,prior,1,6,11,
5605,791,prior,2,0,8,10.0
5606,791,prior,3,4,20,25.0
5607,791,prior,4,0,7,23.0
5608,791,prior,5,1,15,7.0
5609,791,prior,6,2,20,1.0
5610,791,prior,7,3,10,23.0
5611,791,prior,8,3,8,20.0
5612,791,prior,9,3,19,19.0
5613,791,train,10,6,11,22.0
5614,792,prior,1,0,9,
5615,792,prior,2,1,19,4.0
5616,792,prior,3,4,20,16.0
5617,792,prior,4,1,8,5.0
5618,792,train,5,4,7,23.0
5619,793,prior,1,5,11,
5620,793,prior,2,1,19,12.0
5621,793,prior,3,5,13,26.0
5622,793,prior,4,4,17,27.0
5623,793,train,5,3,9,4.0
5624,794,prior,1,1,14,
5625,794,prior,2,5,11,19.0
5626,794,prior,3,4,9,2.0
5627,794,prior,4,4,8,18.0
5628,794,prior,5,3,20,25.0
5629,794,prior,6,2,13,29.0
5630,794,prior,7,2,12,17.0
5631,794,prior,8,2,16,9.0
5632,794,prior,9,2,9,20.0
5633,794,train,10,5,11,23.0
5634,795,prior,1,0,15,
5635,795,prior,2,2,11,24.0
5636,795,prior,3,5,15,14.0
5637,795,prior,4,6,11,29.0
5638,795,train,5,0,17,9.0
5639,796,prior,1,3,10,
5640,796,prior,2,6,11,28.0
5641,796,prior,3,5,21,3.0
5642,796,prior,4,5,21,26.0
5643,796,prior,5,4,12,16.0
5644,796,prior,6,1,13,2.0
5645,796,prior,7,4,19,8.0
5646,796,prior,8,6,14,28.0
5647,796,train,9,6,8,21.0
5648,797,prior,1,1,14,
5649,797,prior,2,1,20,12.0
5650,797,prior,3,1,18,28.0
5651,797,prior,4,5,15,10.0
5652,797,prior,5,1,10,22.0
5653,797,prior,6,6,7,7.0
5654,797,prior,7,3,17,23.0
5655,797,train,8,2,17,6.0
5656,798,prior,1,5,12,
5657,798,prior,2,2,7,23.0
5658,798,prior,3,1,7,15.0
5659,798,prior,4,0,16,26.0
5660,798,prior,5,5,7,4.0
5661,798,train,6,4,18,24.0
5662,799,prior,1,4,10,
5663,799,prior,2,2,16,21.0
5664,799,prior,3,6,19,21.0
5665,799,prior,4,1,19,7.0
5666,799,prior,5,6,15,17.0
5667,799,train,6,1,8,25.0
5668,800,prior,1,3,12,
5669,800,prior,2,0,15,29.0
5670,800,prior,3,1,16,17.0
5671,800,train,4,2,14,10.0
5672,801,prior,1,0,13,
5673,801,prior,2,0,11,13.0
5674,801,prior,3,1,17,4.0
5675,801,prior,4,2,19,13.0
5676,801,prior,5,6,15,25.0
5677,801,prior,6,1,11,12.0
5678,801,prior,7,2,7,7.0
5679,801,train,8,2,21,18.0
5680,802,prior,1,5,14,
5681,802,prior,2,4,15,5.0
5682,802,prior,3,0,12,10.0
5683,802,prior,4,3,16,19.0
5684,802,prior,5,5,9,12.0
5685,802,prior,6,6,21,13.0
5686,802,prior,7,2,10,12.0
5687,802,prior,8,0,17,3.0
5688,802,train,9,5,20,20.0
5689,803,prior,1,0,12,
5690,803,prior,2,5,11,3.0
5691,803,prior,3,1,21,5.0
5692,803,prior,4,1,16,7.0
5693,803,prior,5,0,11,9.0
5694,803,train,6,2,16,24.0
5695,804,prior,1,2,21,
5696,804,prior,2,5,19,26.0
5697,804,prior,3,4,15,16.0
5698,804,prior,4,4,13,4.0
5699,804,prior,5,5,17,2.0
5700,804,prior,6,5,9,17.0
5701,804,train,7,4,8,12.0
5702,805,prior,1,3,9,
5703,805,prior,2,4,15,22.0
5704,805,prior,3,3,16,16.0
5705,805,train,4,4,13,8.0
5706,806,prior,1,3,16,
5707,806,prior,2,3,8,25.0
5708,806,prior,3,4,20,18.0
5709,806,prior,4,6,15,27.0
5710,806,prior,5,6,20,14.0
5711,806,prior,6,1,15,14.0
5712,806,train,7,2,7,24.0
5713,807,prior,1,2,9,
5714,807,prior,2,3,19,11.0
5715,807,prior,3,6,12,27.0
5716,807,prior,4,5,16,21.0
5717,807,prior,5,3,16,10.0
5718,807,prior,6,1,13,29.0
5719,807,train,7,0,13,8.0
5720,808,prior,1,0,21,
5721,808,prior,2,5,8,24.0
5722,808,prior,3,5,13,22.0
5723,808,prior,4,0,12,17.0
5724,808,prior,5,5,16,23.0
5725,808,prior,6,4,17,16.0
5726,808,train,7,4,18,27.0
5727,809,prior,1,1,14,
5728,809,prior,2,4,20,2.0
5729,809,prior,3,3,7,1.0
5730,809,prior,4,1,11,15.0
5731,809,train,5,5,10,1.0
5732,810,prior,1,6,8,
5733,810,prior,2,5,17,3.0
5734,810,prior,3,5,12,24.0
5735,810,train,4,1,15,17.0
5736,811,prior,1,1,8,
5737,811,prior,2,3,10,7.0
5738,811,prior,3,3,14,12.0
5739,811,prior,4,3,17,22.0
5740,811,prior,5,3,11,12.0
5741,811,prior,6,1,10,11.0
5742,811,prior,7,5,21,25.0
5743,811,prior,8,5,20,21.0
5744,811,prior,9,6,21,16.0
5745,811,train,10,0,20,1.0
5746,812,prior,1,6,17,
5747,812,prior,2,3,13,8.0
5748,812,prior,3,6,8,20.0
5749,812,prior,4,3,8,11.0
5750,812,prior,5,5,17,6.0
5751,812,train,6,1,21,4.0
5752,813,prior,1,4,20,
5753,813,prior,2,3,9,1.0
5754,813,prior,3,4,9,26.0
5755,813,prior,4,3,8,13.0
5756,813,prior,5,2,14,19.0
5757,813,prior,6,0,17,22.0
5758,813,prior,7,5,14,12.0
5759,813,train,8,2,12,1.0
5760,814,prior,1,0,20,
5761,814,prior,2,0,21,13.0
5762,814,prior,3,5,16,2.0
5763,814,prior,4,2,9,21.0
5764,814,prior,5,2,20,26.0
5765,814,prior,6,2,20,18.0
5766,814,prior,7,1,12,21.0
5767,814,prior,8,4,18,16.0
5768,814,prior,9,2,9,19.0
5769,814,train,10,6,19,10.0
5770,815,prior,1,5,11,
5771,815,prior,2,3,12,6.0
5772,815,prior,3,3,12,13.0
5773,815,prior,4,4,11,1.0
5774,815,prior,5,4,13,13.0
5775,815,train,6,3,19,9.0
5776,816,prior,1,1,17,
5777,816,prior,2,3,15,4.0
5778,816,prior,3,3,7,8.0
5779,816,prior,4,6,20,1.0
5780,816,train,5,2,13,18.0
5781,817,prior,1,2,15,
5782,817,prior,2,1,15,19.0
5783,817,prior,3,5,16,26.0
5784,817,train,4,6,13,6.0
5785,818,prior,1,6,9,
5786,818,prior,2,5,15,5.0
5787,818,prior,3,3,8,16.0
5788,818,prior,4,0,14,14.0
5789,818,train,5,2,10,26.0
5790,819,prior,1,6,16,
5791,819,prior,2,2,12,6.0
5792,819,prior,3,0,16,27.0
5793,819,prior,4,2,15,26.0
5794,819,prior,5,6,16,11.0
5795,819,prior,6,1,12,25.0
5796,819,train,7,3,10,18.0
5797,820,prior,1,6,16,
5798,820,prior,2,3,10,26.0
5799,820,prior,3,6,18,21.0
5800,820,train,4,1,12,29.0
5801,821,prior,1,5,11,
5802,821,prior,2,1,13,21.0
5803,821,prior,3,5,21,18.0
5804,821,prior,4,1,15,15.0
5805,821,prior,5,0,9,3.0
5806,821,prior,6,5,17,16.0
5807,821,prior,7,1,19,29.0
5808,821,prior,8,3,14,3.0
5809,821,prior,9,3,9,29.0
5810,821,train,10,2,19,13.0
5811,822,prior,1,6,16,
5812,822,prior,2,3,10,5.0
5813,822,prior,3,6,20,4.0
5814,822,train,4,5,15,29.0
5815,823,prior,1,3,21,
5816,823,prior,2,5,7,13.0
5817,823,prior,3,2,13,22.0
5818,823,prior,4,6,8,22.0
5819,823,prior,5,0,18,17.0
5820,823,prior,6,6,15,6.0
5821,823,train,7,6,15,10.0
5822,824,prior,1,5,10,
5823,824,prior,2,2,18,13.0
5824,824,prior,3,5,16,24.0
5825,824,prior,4,1,7,20.0
5826,824,prior,5,5,10,21.0
5827,824,prior,6,3,7,17.0
5828,824,prior,7,0,17,9.0
5829,824,prior,8,1,16,2.0
5830,824,prior,9,6,7,24.0
5831,824,train,10,2,16,25.0
5832,825,prior,1,5,8,
5833,825,prior,2,6,12,25.0
5834,825,prior,3,5,17,11.0
5835,825,prior,4,5,8,9.0
5836,825,prior,5,1,17,12.0
5837,825,prior,6,4,19,26.0
5838,825,train,7,2,19,22.0
5839,826,prior,1,6,9,
5840,826,prior,2,2,9,3.0
5841,826,prior,3,6,9,4.0
5842,826,prior,4,6,12,11.0
5843,826,prior,5,0,7,1.0
5844,826,prior,6,0,15,20.0
5845,826,prior,7,2,21,24.0
5846,826,prior,8,6,15,14.0
5847,826,prior,9,4,11,29.0
5848,826,train,10,0,20,27.0
5849,827,prior,1,2,15,
5850,827,prior,2,0,11,2.0
5851,827,prior,3,3,13,20.0
5852,827,prior,4,2,15,16.0
5853,827,prior,5,1,19,17.0
5854,827,prior,6,4,16,15.0
5855,827,train,7,2,12,10.0
5856,828,prior,1,1,16,
5857,828,prior,2,3,13,27.0
5858,828,prior,3,1,15,14.0
5859,828,prior,4,5,18,5.0
5860,828,prior,5,2,14,3.0
5861,828,prior,6,4,19,12.0
5862,828,prior,7,4,21,18.0
5863,828,prior,8,6,10,2.0
5864,828,prior,9,1,8,9.0
5865,828,train,10,2,17,5.0
5866,829,prior,1,4,21,
5867,829,prior,2,4,9,24.0
5868,829,prior,3,2,16,29.0
5869,829,prior,4,3,20,9.0
5870,829,prior,5,3,7,5.0
5871,829,prior,6,3,12,26.0
5872,829,prior,7,6,19,5.0
5873,829,prior,8,4,12,13.0
5874,829,prior,9,3,17,8.0
5875,829,train,10,3,7,9.0
5876,830,prior,1,1,15,
5877,830,prior,2,6,18,23.0
5878,830,prior,3,6,17,18.0
5879,830,prior,4,2,16,2.0
5880,830,prior,5,1,7,7.0
5881,830,train,6,3,9,28.0
5882,831,prior,1,6,21,
5883,831,prior,2,2,21,13.0
5884,831,prior,3,5,12,7.0
5885,831,prior,4,0,19,26.0
5886,831,train,5,4,11,8.0
5887,832,prior,1,0,10,
5888,832,prior,2,5,18,19.0
5889,832,prior,3,3,7,9.0
5890,832,train,4,4,14,21.0
5891,833,prior,1,3,8,
5892,833,prior,2,1,12,13.0
5893,833,prior,3,4,14,4.0
5894,833,prior,4,1,7,27.0
5895,833,prior,5,0,8,1.0
5896,833,prior,6,1,17,6.0
5897,833,prior,7,2,13,29.0
5898,833,prior,8,0,7,28.0
5899,833,prior,9,3,12,6.0
5900,833,train,10,3,21,8.0
5901,834,prior,1,5,18,
5902,834,prior,2,6,19,1.0
5903,834,prior,3,4,11,11.0
5904,834,prior,4,0,8,13.0
5905,834,prior,5,1,7,3.0
5906,834,prior,6,4,13,24.0
5907,834,prior,7,4,18,19.0
5908,834,prior,8,1,21,16.0
5909,834,train,9,2,10,10.0
5910,835,prior,1,6,17,
5911,835,prior,2,3,9,2.0
5912,835,prior,3,1,8,2.0
5913,835,prior,4,0,10,26.0
5914,835,prior,5,3,13,24.0
5915,835,train,6,5,11,23.0
5916,836,prior,1,4,20,
5917,836,prior,2,4,13,11.0
5918,836,prior,3,2,8,16.0
5919,836,prior,4,6,13,6.0
5920,836,prior,5,6,20,2.0
5921,836,prior,6,0,8,9.0
5922,836,prior,7,4,10,1.0
5923,836,prior,8,3,21,17.0
5924,836,train,9,0,21,21.0
5925,837,prior,1,1,9,
5926,837,prior,2,1,7,20.0
5927,837,prior,3,3,21,10.0
5928,837,prior,4,2,13,28.0
5929,837,prior,5,3,11,23.0
5930,837,prior,6,6,7,5.0
5931,837,prior,7,1,9,23.0
5932,837,train,8,6,16,23.0
5933,838,prior,1,3,14,
5934,838,prior,2,4,8,12.0
5935,838,prior,3,1,21,14.0
5936,838,prior,4,4,19,17.0
5937,838,prior,5,5,19,7.0
5938,838,prior,6,1,12,5.0
5939,838,prior,7,3,9,14.0
5940,838,prior,8,4,20,4.0
5941,838,prior,9,3,9,2.0
5942,838,train,10,2,9,20.0
5943,839,prior,1,3,15,
5944,839,prior,2,6,10,8.0
5945,839,prior,3,0,18,7.0
5946,839,prior,4,5,15,6.0
5947,839,prior,5,6,11,7.0
5948,839,prior,6,3,19,27.0
5949,839,train,7,4,7,6.0
5950,840,prior,1,3,14,
5951,840,prior,2,2,17,8.0
5952,840,prior,3,3,8,19.0
5953,840,prior,4,5,18,19.0
5954,840,prior,5,6,8,7.0
5955,840,prior,6,3,16,20.0
5956,840,prior,7,1,8,21.0
5957,840,train,8,2,14,13.0
5958,841,prior,1,1,9,
5959,841,prior,2,4,12,13.0
5960,841,prior,3,0,10,23.0
5961,841,prior,4,2,16,5.0
5962,841,prior,5,1,19,12.0
5963,841,prior,6,6,12,23.0
5964,841,prior,7,4,14,1.0
5965,841,train,8,2,16,17.0
5966,842,prior,1,4,16,
5967,842,prior,2,6,19,2.0
5968,842,prior,3,4,17,8.0
5969,842,prior,4,5,16,8.0
5970,842,train,5,4,9,22.0
5971,843,prior,1,0,8,
5972,843,prior,2,1,19,13.0
5973,843,prior,3,4,15,10.0
5974,843,prior,4,5,18,15.0
5975,843,prior,5,4,15,26.0
5976,843,train,6,1,21,21.0
5977,844,prior,1,0,10,
5978,844,prior,2,1,9,16.0
5979,844,prior,3,2,10,19.0
5980,844,prior,4,1,20,22.0
5981,844,prior,5,4,14,15.0
5982,844,prior,6,4,15,28.0
5983,844,train,7,6,12,24.0
5984,845,prior,1,6,8,
5985,845,prior,2,1,11,20.0
5986,845,prior,3,0,18,25.0
5987,845,prior,4,2,20,26.0
5988,845,prior,5,2,21,7.0
5989,845,prior,6,1,17,2.0
5990,845,prior,7,3,12,17.0
5991,845,prior,8,3,15,12.0
5992,845,train,9,4,20,4.0
5993,846,prior,1,1,13,
5994,846,prior,2,1,8,18.0
5995,846,prior,3,6,13,18.0
5996,846,prior,4,5,21,14.0
5997,846,prior,5,2,19,16.0
5998,846,prior,6,0,8,23.0
5999,846,prior,7,6,18,21.0
6000,846,prior,8,2,11,19.0
6001,846,prior,9,2,9,22.0
6002,846,train,10,6,14,5.0
6003,847,prior,1,3,19,
6004,847,prior,2,6,19,19.0
6005,847,prior,3,0,20,3.0
6006,847,prior,4,4,13,8.0
6007,847,prior,5,1,18,21.0
6008,847,train,6,6,12,9.0
6009,848,prior,1,5,11,
6010,848,prior,2,4,12,29.0
6011,848,prior,3,3,21,2.0
6012,848,prior,4,5,16,20.0
6013,848,prior,5,6,12,10.0
6014,848,prior,6,2,21,13.0
6015,848,prior,7,3,17,27.0
6016,848,train,8,2,9,27.0
6017,849,prior,1,5,13,
6018,849,prior,2,2,9,14.0
6019,849,prior,3,2,8,23.0
6020,849,prior,4,3,19,1.0
6021,849,prior,5,0,18,5.0
6022,849,prior,6,2,13,14.0
6023,849,train,7,0,15,5.0
6024,850,prior,1,3,10,
6025,850,prior,2,6,15,6.0
6026,850,prior,3,5,20,13.0
6027,850,prior,4,5,16,23.0
6028,850,prior,5,5,11,27.0
6029,850,prior,6,5,15,29.0
6030,850,train,7,1,14,14.0
6031,851,prior,1,4,12,
6032,851,prior,2,2,12,12.0
6033,851,prior,3,0,18,9.0
6034,851,train,4,2,15,2.0
6035,852,prior,1,1,12,
6036,852,prior,2,2,19,15.0
6037,852,prior,3,3,17,23.0
6038,852,prior,4,2,17,9.0
6039,852,prior,5,5,13,26.0
6040,852,prior,6,3,11,11.0
6041,852,prior,7,3,11,9.0
6042,852,train,8,3,7,19.0
6043,853,prior,1,3,9,
6044,853,prior,2,2,11,4.0
6045,853,prior,3,1,7,16.0
6046,853,prior,4,4,10,20.0
6047,853,prior,5,0,20,11.0
6048,853,prior,6,5,9,9.0
6049,853,prior,7,1,15,5.0
6050,853,prior,8,1,11,23.0
6051,853,prior,9,0,19,26.0
6052,853,train,10,4,16,20.0
6053,854,prior,1,2,13,
6054,854,prior,2,0,13,27.0
6055,854,prior,3,5,14,24.0
6056,854,prior,4,0,16,21.0
6057,854,prior,5,5,7,25.0
6058,854,prior,6,1,14,27.0
6059,854,prior,7,3,20,13.0
6060,854,train,8,3,7,2.0
6061,855,prior,1,5,9,
6062,855,prior,2,1,9,20.0
6063,855,prior,3,4,17,11.0
6064,855,prior,4,3,14,11.0
6065,855,train,5,5,21,19.0
6066,856,prior,1,6,17,
6067,856,prior,2,6,10,19.0
6068,856,prior,3,1,13,15.0
6069,856,prior,4,1,20,17.0
6070,856,prior,5,1,9,8.0
6071,856,prior,6,6,17,4.0
6072,856,prior,7,2,17,1.0
6073,856,prior,8,4,16,2.0
6074,856,train,9,2,9,25.0
6075,857,prior,1,5,19,
6076,857,prior,2,2,18,3.0
6077,857,prior,3,6,13,18.0
6078,857,prior,4,5,11,12.0
6079,857,prior,5,0,8,17.0
6080,857,prior,6,5,9,23.0
6081,857,prior,7,1,16,20.0
6082,857,prior,8,4,17,29.0
6083,857,train,9,4,7,2.0
6084,858,prior,1,4,16,
6085,858,prior,2,3,21,12.0
6086,858,prior,3,0,13,21.0
6087,858,prior,4,2,15,16.0
6088,858,prior,5,2,17,2.0
6089,858,prior,6,0,7,26.0
6090,858,train,7,6,13,1.0
6091,859,prior,1,5,14,
6092,859,prior,2,5,20,26.0
6093,859,prior,3,5,16,7.0
6094,859,prior,4,2,18,20.0
6095,859,prior,5,0,15,28.0
6096,859,train,6,4,9,29.0
6097,860,prior,1,6,7,
6098,860,prior,2,0,16,28.0
6099,860,prior,3,4,20,12.0
6100,860,train,4,6,14,18.0
6101,861,prior,1,6,13,
6102,861,prior,2,3,16,24.0
6103,861,prior,3,4,15,9.0
6104,861,prior,4,3,8,1.0
6105,861,prior,5,0,7,14.0
6106,861,prior,6,5,21,1.0
6107,861,prior,7,0,21,3.0
6108,861,train,8,4,10,1.0
6109,862,prior,1,5,20,
6110,862,prior,2,3,7,16.0
6111,862,prior,3,6,16,19.0
6112,862,prior,4,6,8,8.0
6113,862,prior,5,1,14,14.0
6114,862,prior,6,1,11,17.0
6115,862,train,7,2,20,13.0
6116,863,prior,1,4,9,
6117,863,prior,2,6,16,17.0
6118,863,prior,3,1,15,12.0
6119,863,train,4,5,20,16.0
6120,864,prior,1,0,17,
6121,864,prior,2,4,20,19.0
6122,864,prior,3,5,10,16.0
6123,864,prior,4,6,21,8.0
6124,864,prior,5,5,19,28.0
6125,864,train,6,2,8,23.0
6126,865,prior,1,6,18,
6127,865,prior,2,5,17,17.0
6128,865,prior,3,4,12,10.0
6129,865,prior,4,5,17,29.0
6130,865,prior,5,4,17,11.0
6131,865,prior,6,3,14,11.0
6132,865,prior,7,6,13,7.0
6133,865,prior,8,2,7,20.0
6134,865,train,9,0,10,15.0
6135,866,prior,1,5,8,
6136,866,prior,2,2,9,19.0
6137,866,prior,3,4,14,21.0
6138,866,prior,4,3,16,11.0
6139,866,prior,5,0,12,27.0
6140,866,train,6,5,16,17.0
6141,867,prior,1,2,18,
6142,867,prior,2,5,16,7.0
6143,867,prior,3,4,15,28.0
6144,867,prior,4,5,16,26.0
6145,867,train,5,2,19,22.0
6146,868,prior,1,4,14,
6147,868,prior,2,3,15,12.0
6148,868,prior,3,3,15,22.0
6149,868,prior,4,5,17,2.0
6150,868,prior,5,4,20,21.0
6151,868,prior,6,0,16,22.0
6152,868,prior,7,5,19,1.0
6153,868,train,8,5,15,26.0
6154,869,prior,1,4,14,
6155,869,prior,2,0,18,2.0
6156,869,prior,3,2,11,16.0
6157,869,prior,4,5,9,6.0
6158,869,prior,5,0,16,29.0
6159,869,prior,6,3,16,17.0
6160,869,prior,7,5,17,16.0
6161,869,prior,8,5,10,2.0
6162,869,train,9,1,17,16.0
6163,870,prior,1,1,9,
6164,870,prior,2,3,18,10.0
6165,870,prior,3,6,10,20.0
6166,870,prior,4,0,10,13.0
6167,870,prior,5,1,17,13.0
6168,870,prior,6,3,8,4.0
6169,870,train,7,6,13,5.0
6170,871,prior,1,4,20,
6171,871,prior,2,1,12,11.0
6172,871,prior,3,5,17,19.0
6173,871,prior,4,5,14,4.0
6174,871,train,5,5,7,3.0
6175,872,prior,1,4,8,
6176,872,prior,2,4,18,7.0
6177,872,prior,3,5,12,15.0
6178,872,prior,4,4,17,12.0
6179,872,prior,5,0,11,12.0
6180,872,prior,6,1,20,20.0
6181,872,prior,7,0,7,28.0
6182,872,train,8,6,21,10.0
6183,873,prior,1,6,13,
6184,873,prior,2,1,19,16.0
6185,873,prior,3,2,9,1.0
6186,873,prior,4,6,13,17.0
6187,873,prior,5,6,11,2.0
6188,873,prior,6,4,15,1.0
6189,873,prior,7,3,13,26.0
6190,873,prior,8,5,11,16.0
6191,873,prior,9,0,20,11.0
6192,873,train,10,5,8,20.0
6193,874,prior,1,2,8,
6194,874,prior,2,0,20,2.0
6195,874,prior,3,0,14,6.0
6196,874,prior,4,3,14,17.0
6197,874,train,5,0,17,6.0
6198,875,prior,1,1,19,
6199,875,prior,2,5,15,23.0
6200,875,prior,3,4,11,1.0
6201,875,prior,4,5,9,8.0
6202,875,train,5,5,19,24.0
6203,876,prior,1,0,17,
6204,876,prior,2,5,8,19.0
6205,876,prior,3,3,21,12.0
6206,876,prior,4,6,13,21.0
6207,876,prior,5,5,9,24.0
6208,876,train,6,3,13,5.0
6209,877,prior,1,4,14,
6210,877,prior,2,2,17,17.0
6211,877,prior,3,1,21,14.0
6212,877,prior,4,2,17,10.0
6213,877,prior,5,4,11,6.0
6214,877,prior,6,5,15,6.0
6215,877,prior,7,6,14,21.0
6216,877,train,8,3,8,17.0
6217,878,prior,1,3,12,
6218,878,prior,2,6,18,23.0
6219,878,prior,3,2,11,5.0
6220,878,prior,4,4,18,19.0
6221,878,prior,5,4,19,1.0
6222,878,prior,6,4,7,19.0
6223,878,prior,7,2,20,17.0
6224,878,prior,8,6,18,10.0
6225,878,prior,9,1,13,6.0
6226,878,train,10,3,18,29.0
6227,879,prior,1,0,19,
6228,879,prior,2,2,17,20.0
6229,879,prior,3,3,20,11.0
6230,879,prior,4,2,15,10.0
6231,879,prior,5,6,14,28.0
6232,879,prior,6,6,14,24.0
6233,879,prior,7,4,7,9.0
6234,879,prior,8,5,17,9.0
6235,879,prior,9,6,17,20.0
6236,879,train,10,1,16,2.0
6237,880,prior,1,2,20,
6238,880,prior,2,0,9,15.0
6239,880,prior,3,5,16,29.0
6240,880,prior,4,4,8,2.0
6241,880,prior,5,2,12,6.0
6242,880,prior,6,1,10,10.0
6243,880,prior,7,4,7,25.0
6244,880,prior,8,5,10,23.0
6245,880,train,9,5,7,10.0
6246,881,prior,1,4,12,
6247,881,prior,2,0,20,18.0
6248,881,prior,3,4,21,27.0
6249,881,prior,4,3,15,25.0
6250,881,prior,5,0,17,3.0
6251,881,prior,6,6,13,2.0
6252,881,prior,7,6,20,24.0
6253,881,train,8,1,11,3.0
6254,882,prior,1,1,14,
6255,882,prior,2,0,18,6.0
6256,882,prior,3,0,17,5.0
6257,882,prior,4,1,16,9.0
6258,882,prior,5,6,11,20.0
6259,882,prior,6,6,21,4.0
6260,882,prior,7,0,16,14.0
6261,882,prior,8,0,17,9.0
6262,882,train,9,3,18,14.0
6263,883,prior,1,4,14,
6264,883,prior,2,3,14,7.0
6265,883,prior,3,4,7,27.0
6266,883,prior,4,5,9,26.0
6267,883,train,5,6,17,15.0
6268,884,prior,1,5,12,
6269,884,prior,2,6,21,10.0
6270,884,prior,3,1,12,27.0
6271,884,prior,4,1,10,2.0
6272,884,prior,5,1,20,13.0
6273,884,prior,6,1,11,14.0
6274,884,prior,7,2,19,23.0
6275,884,prior,8,6,18,15.0
6276,884,prior,9,0,17,17.0
6277,884,train,10,5,13,15.0
6278,885,prior,1,2,13,
6279,885,prior,2,0,21,26.0
6280,885,prior,3,3,13,5.0
6281,885,prior,4,4,15,29.0
6282,885,prior,5,6,16,10.0
6283,885,prior,6,1,12,23.0
6284,885,prior,7,2,18,8.0
6285,885,prior,8,6,7,1.0
6286,885,prior,9,3,17,18.0
6287,885,train,10,5,21,23.0
6288,886,prior,1,4,16,
6289,886,prior,2,2,15,18.0
6290,886,prior,3,2,15,15.0
6291,886,prior,4,1,19,27.0
6292,886,prior,5,4,14,23.0
6293,886,prior,6,5,21,22.0
6294,886,prior,7,2,9,7.0
6295,886,train,8,3,21,13.0
6296,887,prior,1,3,15,
6297,887,prior,2,3,10,11.0
6298,887,prior,3,6,11,23.0
6299,887,prior,4,5,13,22.0
6300,887,prior,5,4,14,20.0
6301,887,prior,6,2,8,18.0
6302,887,train,7,5,14,10.0
6303,888,prior,1,3,9,
6304,888,prior,2,6,12,18.0
6305,888,prior,3,4,12,1.0
6306,888,prior,4,5,9,26.0
6307,888,prior,5,1,21,22.0
6308,888,prior,6,3,15,18.0
6309,888,prior,7,5,15,23.0
6310,888,prior,8,3,11,17.0
6311,888,prior,9,4,18,16.0
6312,888,train,10,0,11,27.0
6313,889,prior,1,5,17,
6314,889,prior,2,0,13,25.0
6315,889,prior,3,0,8,12.0
6316,889,prior,4,6,14,20.0
6317,889,prior,5,5,8,9.0
6318,889,prior,6,1,10,16.0
6319,889,train,7,1,16,22.0
6320,890,prior,1,0,18,
6321,890,prior,2,3,19,4.0
6322,890,prior,3,3,9,8.0
6323,890,prior,4,5,9,27.0
6324,890,prior,5,2,7,14.0
6325,890,prior,6,1,14,14.0
6326,890,prior,7,2,15,26.0
6327,890,prior,8,2,14,25.0
6328,890,prior,9,4,14,15.0
6329,890,train,10,0,13,4.0
6330,891,prior,1,3,10,
6331,891,prior,2,0,21,28.0
6332,891,prior,3,0,9,26.0
6333,891,prior,4,2,11,13.0
6334,891,prior,5,1,11,8.0
6335,891,prior,6,1,15,6.0
6336,891,train,7,2,9,14.0
6337,892,prior,1,6,8,
6338,892,prior,2,4,10,24.0
6339,892,prior,3,3,7,13.0
6340,892,prior,4,4,20,18.0
6341,892,train,5,4,16,2.0
6342,893,prior,1,3,12,
6343,893,prior,2,0,13,16.0
6344,893,prior,3,4,20,23.0
6345,893,prior,4,4,21,17.0
6346,893,prior,5,5,8,7.0
6347,893,train,6,5,7,25.0
6348,894,prior,1,2,14,
6349,894,prior,2,2,16,28.0
6350,894,prior,3,5,8,21.0
6351,894,prior,4,6,15,19.0
6352,894,prior,5,4,11,15.0
6353,894,prior,6,2,14,6.0
6354,894,prior,7,4,19,14.0
6355,894,prior,8,3,14,4.0
6356,894,train,9,2,16,24.0
6357,895,prior,1,0,13,
6358,895,prior,2,4,13,12.0
6359,895,prior,3,6,11,22.0
6360,895,prior,4,5,12,25.0
6361,895,train,5,1,15,18.0
6362,896,prior,1,3,12,
6363,896,prior,2,2,19,28.0
6364,896,prior,3,4,15,17.0
6365,896,prior,4,6,20,18.0
6366,896,train,5,6,12,8.0
6367,897,prior,1,1,12,
6368,897,prior,2,3,12,11.0
6369,897,prior,3,6,18,27.0
6370,897,train,4,1,18,13.0
6371,898,prior,1,3,12,
6372,898,prior,2,6,14,10.0
6373,898,prior,3,0,9,1.0
6374,898,train,4,6,13,29.0
6375,899,prior,1,0,13,
6376,899,prior,2,6,14,4.0
6377,899,prior,3,2,19,6.0
6378,899,train,4,2,8,13.0
6379,900,prior,1,1,16,
6380,900,prior,2,4,16,9.0
6381,900,prior,3,2,12,9.0
6382,900,train,4,2,18,23.0
6383,901,prior,1,3,15,
6384,901,prior,2,4,21,14.0
6385,901,prior,3,2,7,5.0
6386,901,prior,4,1,8,12.0
6387,901,prior,5,6,20,7.0
6388,901,prior,6,6,10,24.0
6389,901,train,7,3,21,12.0
6390,902,prior,1,0,7,
6391,902,prior,2,4,11,1.0
6392,902,prior,3,5,16,19.0
6393,902,prior,4,1,10,11.0
6394,902,prior,5,1,13,20.0
6395,902,prior,6,1,16,16.0
6396,902,prior,7,1,17,10.0
6397,902,train,8,3,20,28.0
6398,903,prior,1,4,15,
6399,903,prior,2,4,10,23.0
6400,903,prior,3,0,12,5.0
6401,903,prior,4,4,8,13.0
6402,903,prior,5,2,8,27.0
6403,903,prior,6,6,7,14.0
6404,903,train,7,3,7,25.0
6405,904,prior,1,3,14,
6406,904,prior,2,2,21,22.0
6407,904,prior,3,0,15,13.0
6408,904,prior,4,3,11,24.0
6409,904,train,5,3,20,19.0
6410,905,prior,1,5,7,
6411,905,prior,2,4,12,15.0
6412,905,prior,3,2,14,18.0
6413,905,prior,4,4,19,12.0
6414,905,prior,5,2,8,2.0
6415,905,prior,6,1,13,11.0
6416,905,prior,7,0,11,17.0
6417,905,prior,8,6,16,22.0
6418,905,prior,9,4,19,9.0
6419,905,train,10,6,13,12.0
6420,906,prior,1,3,12,
6421,906,prior,2,2,18,25.0
6422,906,prior,3,1,18,23.0
6423,906,prior,4,3,10,6.0
6424,906,prior,5,1,9,22.0
6425,906,prior,6,0,19,2.0
6426,906,prior,7,2,13,22.0
6427,906,train,8,2,7,6.0
6428,907,prior,1,1,17,
6429,907,prior,2,6,9,9.0
6430,907,prior,3,3,16,2.0
6431,907,prior,4,1,17,3.0
6432,907,prior,5,0,19,28.0
6433,907,prior,6,5,16,29.0
6434,907,prior,7,2,20,17.0
6435,907,train,8,1,15,8.0
6436,908,prior,1,5,13,
6437,908,prior,2,2,17,5.0
6438,908,prior,3,1,11,1.0
6439,908,prior,4,3,7,8.0
6440,908,prior,5,0,8,29.0
6441,908,prior,6,4,11,1.0
6442,908,train,7,1,16,18.0
6443,909,prior,1,3,16,
6444,909,prior,2,2,17,2.0
6445,909,prior,3,5,17,1.0
6446,909,train,4,4,16,23.0
6447,910,prior,1,0,9,
6448,910,prior,2,5,21,14.0
6449,910,prior,3,5,16,27.0
6450,910,prior,4,1,10,4.0
6451,910,prior,5,0,19,17.0
6452,910,prior,6,4,15,26.0
6453,910,prior,7,2,11,26.0
6454,910,prior,8,6,8,23.0
6455,910,prior,9,6,9,29.0
6456,910,train,10,0,7,6.0
6457,911,prior,1,5,19,
6458,911,prior,2,6,13,11.0
6459,911,prior,3,2,18,22.0
6460,911,train,4,2,21,21.0
6461,912,prior,1,6,9,
6462,912,prior,2,3,13,15.0
6463,912,prior,3,4,17,5.0
6464,912,prior,4,3,20,29.0
6465,912,prior,5,2,10,18.0
6466,912,prior,6,4,21,8.0
6467,912,prior,7,2,10,29.0
6468,912,prior,8,1,12,24.0
6469,912,train,9,6,13,1.0
6470,913,prior,1,3,14,
6471,913,prior,2,4,15,27.0
6472,913,prior,3,6,11,5.0
6473,913,prior,4,2,17,10.0
6474,913,prior,5,6,21,20.0
6475,913,prior,6,2,8,11.0
6476,913,prior,7,2,13,5.0
6477,913,train,8,6,7,11.0
6478,914,prior,1,3,19,
6479,914,prior,2,0,9,7.0
6480,914,prior,3,0,12,5.0
6481,914,train,4,1,10,5.0
6482,915,prior,1,5,8,
6483,915,prior,2,5,14,13.0
6484,915,prior,3,5,8,8.0
6485,915,train,4,3,20,26.0
6486,916,prior,1,4,13,
6487,916,prior,2,6,11,2.0
6488,916,prior,3,3,20,10.0
6489,916,prior,4,6,13,1.0
6490,916,prior,5,3,15,10.0
6491,916,prior,6,3,10,9.0
6492,916,prior,7,0,17,2.0
6493,916,train,8,6,15,12.0
6494,917,prior,1,0,14,
6495,917,prior,2,1,11,8.0
6496,917,prior,3,1,9,17.0
6497,917,prior,4,4,20,20.0
6498,917,prior,5,3,16,12.0
6499,917,prior,6,1,13,23.0
6500,917,prior,7,0,15,16.0
6501,917,prior,8,4,9,11.0
6502,917,prior,9,5,7,27.0
6503,917,train,10,0,9,21.0
6504,918,prior,1,0,8,
6505,918,prior,2,6,17,8.0
6506,918,prior,3,2,12,9.0
6507,918,prior,4,0,8,22.0
6508,918,prior,5,2,11,12.0
6509,918,prior,6,2,14,1.0
6510,918,prior,7,3,16,23.0
6511,918,prior,8,4,19,22.0
6512,918,train,9,6,21,23.0
6513,919,prior,1,6,10,
6514,919,prior,2,2,17,7.0
6515,919,prior,3,4,10,23.0
6516,919,train,4,0,17,1.0
6517,920,prior,1,6,14,
6518,920,prior,2,0,12,17.0
6519,920,prior,3,1,15,18.0
6520,920,prior,4,3,16,15.0
6521,920,prior,5,0,16,27.0
6522,920,prior,6,1,16,4.0
6523,920,prior,7,4,16,2.0
6524,920,prior,8,5,12,13.0
6525,920,prior,9,2,18,5.0
6526,920,train,10,5,15,10.0
6527,921,prior,1,6,16,
6528,921,prior,2,1,18,8.0
6529,921,prior,3,6,18,10.0
6530,921,train,4,3,19,25.0
6531,922,prior,1,6,19,
6532,922,prior,2,1,11,27.0
6533,922,prior,3,5,7,8.0
6534,922,train,4,3,10,18.0
6535,923,prior,1,2,17,
6536,923,prior,2,3,17,6.0
6537,923,prior,3,1,13,4.0
6538,923,prior,4,5,7,20.0
6539,923,prior,5,0,8,26.0
6540,923,prior,6,3,21,1.0
6541,923,prior,7,6,14,27.0
6542,923,train,8,5,16,21.0
6543,924,prior,1,5,10,
6544,924,prior,2,1,18,19.0
6545,924,prior,3,3,18,1.0
6546,924,prior,4,5,18,12.0
6547,924,prior,5,1,7,3.0
6548,924,prior,6,1,18,11.0
6549,924,train,7,4,9,27.0
6550,925,prior,1,1,18,
6551,925,prior,2,1,13,12.0
6552,925,prior,3,1,10,28.0
6553,925,prior,4,5,12,17.0
6554,925,prior,5,3,15,13.0
6555,925,train,6,0,17,8.0
6556,926,prior,1,3,13,
6557,926,prior,2,4,19,10.0
6558,926,prior,3,0,16,18.0
6559,926,prior,4,1,7,19.0
6560,926,prior,5,3,21,13.0
6561,926,prior,6,0,16,8.0
6562,926,train,7,3,16,26.0
6563,927,prior,1,2,10,
6564,927,prior,2,6,17,19.0
6565,927,prior,3,4,16,14.0
6566,927,prior,4,3,11,17.0
6567,927,train,5,4,19,21.0
6568,928,prior,1,2,10,
6569,928,prior,2,4,15,23.0
6570,928,prior,3,3,14,11.0
6571,928,prior,4,0,13,2.0
6572,928,train,5,2,19,2.0
6573,929,prior,1,4,18,
6574,929,prior,2,0,21,17.0
6575,929,prior,3,2,12,22.0
6576,929,prior,4,2,9,25.0
6577,929,prior,5,5,9,28.0
6578,929,prior,6,2,11,19.0
6579,929,prior,7,4,21,11.0
6580,929,prior,8,2,17,24.0
6581,929,prior,9,2,7,21.0
6582,929,train,10,4,7,20.0
6583,930,prior,1,3,19,
6584,930,prior,2,3,18,18.0
6585,930,prior,3,1,21,19.0
6586,930,prior,4,3,18,26.0
6587,930,train,5,2,8,25.0
6588,931,prior,1,0,18,
6589,931,prior,2,5,11,15.0
6590,931,prior,3,3,12,11.0
6591,931,prior,4,5,20,28.0
6592,931,prior,5,0,12,14.0
6593,931,prior,6,5,21,4.0
6594,931,prior,7,6,7,4.0
6595,931,prior,8,5,16,4.0
6596,931,prior,9,0,16,6.0
6597,931,train,10,4,11,4.0
6598,932,prior,1,2,10,
6599,932,prior,2,0,21,1.0
6600,932,prior,3,1,18,19.0
6601,932,prior,4,1,20,28.0
6602,932,prior,5,1,14,15.0
6603,932,prior,6,5,10,6.0
6604,932,prior,7,0,15,16.0
6605,932,prior,8,5,18,10.0
6606,932,train,9,5,13,1.0
6607,933,prior,1,4,17,
6608,933,prior,2,2,10,1.0
6609,933,prior,3,1,13,24.0
6610,933,prior,4,1,12,16.0
6611,933,train,5,0,16,18.0
6612,934,prior,1,4,15,
6613,934,prior,2,3,7,23.0
6614,934,prior,3,3,21,25.0
6615,934,prior,4,0,14,28.0
6616,934,prior,5,4,8,25.0
6617,934,prior,6,3,15,7.0
6618,934,prior,7,3,14,13.0
6619,934,prior,8,1,14,11.0
6620,934,prior,9,3,19,6.0
6621,934,train,10,3,11,29.0
6622,935,prior,1,6,11,
6623,935,prior,2,4,7,4.0
6624,935,prior,3,5,8,16.0
6625,935,prior,4,4,7,17.0
6626,935,prior,5,1,15,15.0
6627,935,prior,6,3,7,7.0
6628,935,prior,7,1,13,9.0
6629,935,train,8,4,10,3.0
6630,936,prior,1,3,18,
6631,936,prior,2,0,12,8.0
6632,936,prior,3,4,8,23.0
6633,936,prior,4,6,14,7.0
6634,936,prior,5,3,16,15.0
6635,936,prior,6,6,16,11.0
6636,936,prior,7,1,14,7.0
6637,936,prior,8,2,9,21.0
6638,936,train,9,3,11,13.0
6639,937,prior,1,0,20,
6640,937,prior,2,1,13,26.0
6641,937,prior,3,3,14,20.0
6642,937,prior,4,0,18,12.0
6643,937,train,5,3,10,16.0
6644,938,prior,1,2,12,
6645,938,prior,2,6,12,19.0
6646,938,prior,3,4,18,8.0
6647,938,prior,4,2,15,5.0
6648,938,prior,5,4,11,1.0
6649,938,train,6,2,9,9.0
6650,939,prior,1,0,15,
6651,939,prior,2,4,10,26.0
6652,939,prior,3,2,14,21.0
6653,939,prior,4,2,21,22.0
6654,939,prior,5,2,7,20.0
6655,939,prior,6,3,17,3.0
6656,939,prior,7,2,21,15.0
6657,939,train,8,4,16,1.0
6658,940,prior,1,6,19,
6659,940,prior,2,3,14,27.0
6660,940,prior,3,0,21,27.0
6661,940,prior,4,3,10,22.0
6662,940,prior,5,0,13,21.0
6663,940,prior,6,3,11,25.0
6664,940,prior,7,2,16,12.0
6665,940,prior,8,1,9,6.0
6666,940,prior,9,5,16,15.0
6667,940,train,10,3,19,24.0
6668,941,prior,1,5,18,
6669,941,prior,2,3,19,23.0
6670,941,prior,3,2,8,21.0
6671,941,prior,4,2,9,27.0
6672,941,prior,5,3,12,16.0
6673,941,prior,6,1,14,4.0
6674,941,prior,7,3,19,7.0
6675,941,train,8,1,14,5.0
6676,942,prior,1,1,8,
6677,942,prior,2,3,13,7.0
6678,942,prior,3,2,11,6.0
6679,942,prior,4,2,13,14.0
6680,942,train,5,5,15,27.0
6681,943,prior,1,1,16,
6682,943,prior,2,1,17,20.0
6683,943,prior,3,0,8,19.0
6684,943,prior,4,0,8,13.0
6685,943,prior,5,2,18,16.0
6686,943,prior,6,3,21,16.0
6687,943,prior,7,4,9,20.0
6688,943,train,8,2,20,26.0
6689,944,prior,1,1,7,
6690,944,prior,2,6,8,27.0
6691,944,prior,3,2,16,19.0
6692,944,prior,4,3,14,15.0
6693,944,prior,5,2,15,26.0
6694,944,prior,6,3,14,8.0
6695,944,prior,7,6,14,1.0
6696,944,prior,8,4,14,24.0
6697,944,train,9,2,9,5.0
6698,945,prior,1,0,15,
6699,945,prior,2,1,11,3.0
6700,945,prior,3,5,9,9.0
6701,945,prior,4,1,19,21.0
6702,945,train,5,6,17,17.0
6703,946,prior,1,2,10,
6704,946,prior,2,5,7,24.0
6705,946,prior,3,0,15,15.0
6706,946,train,4,6,14,19.0
6707,947,prior,1,2,18,
6708,947,prior,2,3,7,6.0
6709,947,prior,3,1,21,24.0
6710,947,train,4,0,9,24.0
6711,948,prior,1,6,14,
6712,948,prior,2,1,14,14.0
6713,948,prior,3,4,13,21.0
6714,948,prior,4,1,13,18.0
6715,948,prior,5,4,21,8.0
6716,948,prior,6,2,18,3.0
6717,948,prior,7,1,14,14.0
6718,948,prior,8,0,19,21.0
6719,948,prior,9,2,8,11.0
6720,948,train,10,6,21,1.0
6721,949,prior,1,6,14,
6722,949,prior,2,2,13,19.0
6723,949,prior,3,3,16,4.0
6724,949,prior,4,3,9,24.0
6725,949,prior,5,0,7,20.0
6726,949,prior,6,5,18,14.0
6727,949,train,7,4,9,17.0
6728,950,prior,1,1,15,
6729,950,prior,2,2,17,18.0
6730,950,prior,3,2,20,5.0
6731,950,prior,4,3,14,21.0
6732,950,prior,5,3,12,24.0
6733,950,prior,6,0,21,26.0
6734,950,prior,7,5,15,15.0
6735,950,prior,8,5,12,28.0
6736,950,prior,9,1,13,13.0
6737,950,train,10,0,20,23.0
6738,951,prior,1,5,13,
6739,951,prior,2,4,12,6.0
6740,951,prior,3,1,12,21.0
6741,951,prior,4,0,16,3.0
6742,951,prior,5,3,8,1.0
6743,951,prior,6,1,12,10.0
6744,951,prior,7,2,18,10.0
6745,951,prior,8,4,18,14.0
6746,951,train,9,6,20,6.0
6747,952,prior,1,0,15,
6748,952,prior,2,1,9,19.0
6749,952,prior,3,0,13,9.0
6750,952,prior,4,5,12,8.0
6751,952,train,5,3,20,27.0
6752,953,prior,1,3,15,
6753,953,prior,2,5,20,20.0
6754,953,prior,3,2,18,16.0
6755,953,prior,4,4,21,29.0
6756,953,train,5,2,14,6.0
6757,954,prior,1,1,7,
6758,954,prior,2,6,21,13.0
6759,954,prior,3,0,21,5.0
6760,954,train,4,4,15,13.0
6761,955,prior,1,1,9,
6762,955,prior,2,6,17,22.0
6763,955,prior,3,1,19,2.0
6764,955,prior,4,5,7,27.0
6765,955,train,5,6,15,24.0
6766,956,prior,1,3,13,
6767,956,prior,2,4,14,25.0
6768,956,prior,3,3,9,26.0
6769,956,prior,4,3,16,3.0
6770,956,prior,5,6,8,9.0
6771,956,prior,6,0,14,5.0
6772,956,prior,7,6,12,9.0
6773,956,train,8,2,16,14.0
6774,957,prior,1,0,8,
6775,957,prior,2,6,7,23.0
6776,957,prior,3,0,11,24.0
6777,957,prior,4,3,8,7.0
6778,957,prior,5,1,12,10.0
6779,957,prior,6,5,10,16.0
6780,957,prior,7,3,18,3.0
6781,957,prior,8,6,17,18.0
6782,957,prior,9,5,15,20.0
6783,957,train,10,1,17,1.0
6784,958,prior,1,1,8,
6785,958,prior,2,0,14,26.0
6786,958,prior,3,3,15,2.0
6787,958,train,4,4,21,24.0
6788,959,prior,1,5,20,
6789,959,prior,2,4,20,27.0
6790,959,prior,3,6,19,11.0
6791,959,prior,4,4,20,22.0
6792,959,prior,5,1,21,6.0
6793,959,prior,6,0,19,15.0
6794,959,train,7,2,21,12.0
6795,960,prior,1,3,11,
6796,960,prior,2,3,18,28.0
6797,960,prior,3,3,20,1.0
6798,960,prior,4,5,13,8.0
6799,960,prior,5,2,11,16.0
6800,960,train,6,3,15,8.0
6801,961,prior,1,6,16,
6802,961,prior,2,4,11,4.0
6803,961,prior,3,5,21,18.0
6804,961,prior,4,4,12,6.0
6805,961,prior,5,4,15,9.0
6806,961,prior,6,0,19,19.0
6807,961,prior,7,3,16,26.0
6808,961,train,8,4,18,26.0
6809,962,prior,1,4,9,
6810,962,prior,2,2,9,17.0
6811,962,prior,3,3,20,27.0
6812,962,prior,4,5,14,12.0
6813,962,prior,5,0,9,29.0
6814,962,prior,6,2,10,24.0
6815,962,prior,7,0,16,12.0
6816,962,prior,8,3,13,26.0
6817,962,prior,9,6,10,4.0
6818,962,train,10,3,7,15.0
6819,963,prior,1,1,20,
6820,963,prior,2,5,19,25.0
6821,963,prior,3,6,15,7.0
6822,963,prior,4,3,17,18.0
6823,963,train,5,5,20,1.0
6824,964,prior,1,3,7,
6825,964,prior,2,0,20,18.0
6826,964,prior,3,2,8,19.0
6827,964,prior,4,0,19,22.0
6828,964,prior,5,2,15,26.0
6829,964,train,6,6,9,18.0
6830,965,prior,1,0,9,
6831,965,prior,2,2,15,2.0
6832,965,prior,3,1,14,4.0
6833,965,prior,4,1,21,26.0
6834,965,prior,5,0,9,14.0
6835,965,prior,6,6,19,12.0
6836,965,prior,7,5,12,26.0
6837,965,prior,8,4,18,26.0
6838,965,train,9,4,14,4.0
6839,966,prior,1,4,17,
6840,966,prior,2,3,16,22.0
6841,966,prior,3,3,7,7.0
6842,966,train,4,4,16,5.0
6843,967,prior,1,6,18,
6844,967,prior,2,1,14,6.0
6845,967,prior,3,1,21,17.0
6846,967,prior,4,4,13,2.0
6847,967,prior,5,5,12,20.0
6848,967,prior,6,3,11,10.0
6849,967,prior,7,5,15,29.0
6850,967,prior,8,5,18,13.0
6851,967,prior,9,3,13,14.0
6852,967,train,10,5,8,10.0
6853,968,prior,1,4,19,
6854,968,prior,2,2,21,4.0
6855,968,prior,3,4,16,5.0
6856,968,prior,4,6,13,27.0
6857,968,prior,5,2,16,6.0
6858,968,train,6,1,18,28.0
6859,969,prior,1,2,11,
6860,969,prior,2,0,15,7.0
6861,969,prior,3,4,19,29.0
6862,969,prior,4,3,12,13.0
6863,969,train,5,0,14,3.0
6864,970,prior,1,4,20,
6865,970,prior,2,2,13,28.0
6866,970,prior,3,6,21,14.0
6867,970,train,4,6,9,12.0
6868,971,prior,1,5,14,
6869,971,prior,2,4,17,24.0
6870,971,prior,3,6,10,25.0
6871,971,prior,4,4,16,16.0
6872,971,prior,5,2,16,16.0
6873,971,prior,6,4,15,29.0
6874,971,prior,7,0,13,28.0
6875,971,train,8,0,15,29.0
6876,972,prior,1,6,7,
6877,972,prior,2,6,8,15.0
6878,972,prior,3,4,19,1.0
6879,972,prior,4,2,14,13.0
6880,972,prior,5,3,14,24.0
6881,972,prior,6,2,17,23.0
6882,972,prior,7,6,21,6.0
6883,972,train,8,0,11,19.0
6884,973,prior,1,1,9,
6885,973,prior,2,2,8,9.0
6886,973,prior,3,0,17,18.0
6887,973,prior,4,5,16,19.0
6888,973,train,5,3,9,9.0
6889,974,prior,1,2,12,
6890,974,prior,2,0,14,26.0
6891,974,prior,3,6,20,6.0
6892,974,prior,4,6,13,9.0
6893,974,prior,5,2,11,14.0
6894,974,train,6,2,9,18.0
6895,975,prior,1,2,17,
6896,975,prior,2,0,13,23.0
6897,975,prior,3,2,9,1.0
6898,975,prior,4,5,19,29.0
6899,975,prior,5,4,10,10.0
6900,975,prior,6,2,8,21.0
6901,975,train,7,1,15,6.0
6902,976,prior,1,5,21,
6903,976,prior,2,2,17,25.0
6904,976,prior,3,1,9,13.0
6905,976,prior,4,2,7,7.0
6906,976,train,5,0,15,7.0
6907,977,prior,1,5,20,
6908,977,prior,2,4,11,12.0
6909,977,prior,3,0,8,15.0
6910,977,prior,4,6,9,2.0
6911,977,prior,5,5,17,5.0
6912,977,prior,6,3,15,4.0
6913,977,train,7,6,17,26.0
6914,978,prior,1,2,16,
6915,978,prior,2,3,21,26.0
6916,978,prior,3,0,11,8.0
6917,978,prior,4,2,8,17.0
6918,978,prior,5,2,10,22.0
6919,978,prior,6,3,11,25.0
6920,978,prior,7,2,8,11.0
6921,978,prior,8,3,12,1.0
6922,978,train,9,6,9,4.0
6923,979,prior,1,6,10,
6924,979,prior,2,4,13,20.0
6925,979,prior,3,1,8,13.0
6926,979,prior,4,2,21,28.0
6927,979,prior,5,4,17,28.0
6928,979,prior,6,2,12,22.0
6929,979,prior,7,2,17,16.0
6930,979,train,8,0,10,12.0
6931,980,prior,1,0,9,
6932,980,prior,2,3,13,15.0
6933,980,prior,3,1,16,3.0
6934,980,prior,4,5,9,16.0
6935,980,prior,5,3,21,14.0
6936,980,prior,6,6,16,15.0
6937,980,prior,7,1,14,20.0
6938,980,prior,8,6,12,29.0
6939,980,prior,9,0,13,16.0
6940,980,train,10,4,10,20.0
6941,981,prior,1,4,12,
6942,981,prior,2,4,21,14.0
6943,981,prior,3,5,11,19.0
6944,981,prior,4,0,19,27.0
6945,981,prior,5,1,19,26.0
6946,981,prior,6,5,17,22.0
6947,981,prior,7,3,8,8.0
6948,981,prior,8,1,9,25.0
6949,981,prior,9,3,13,20.0
6950,981,train,10,5,16,1.0
6951,982,prior,1,1,18,
6952,982,prior,2,1,12,6.0
6953,982,prior,3,4,8,7.0
6954,982,prior,4,5,17,15.0
6955,982,prior,5,0,16,22.0
6956,982,prior,6,6,8,18.0
6957,982,train,7,0,21,10.0
6958,983,prior,1,2,15,
6959,983,prior,2,1,19,29.0
6960,983,prior,3,1,10,16.0
6961,983,prior,4,2,8,24.0
6962,983,prior,5,2,9,6.0
6963,983,prior,6,4,9,4.0
6964,983,prior,7,2,12,3.0
6965,983,train,8,4,21,10.0
6966,984,prior,1,4,8,
6967,984,prior,2,1,16,21.0
6968,984,prior,3,0,11,12.0
6969,984,prior,4,5,19,6.0
6970,984,prior,5,4,12,23.0
6971,984,train,6,2,11,27.0
6972,985,prior,1,4,14,
6973,985,prior,2,0,18,28.0
6974,985,prior,3,6,8,22.0
6975,985,prior,4,5,20,14.0
6976,985,prior,5,3,15,10.0
6977,985,prior,6,6,20,18.0
6978,985,prior,7,0,16,2.0
6979,985,train,8,4,12,1.0
6980,986,prior,1,4,13,
6981,986,prior,2,1,8,7.0
6982,986,prior,3,1,9,3.0
6983,986,prior,4,6,15,21.0
6984,986,prior,5,6,20,27.0
6985,986,train,6,3,18,1.0
6986,987,prior,1,1,16,
6987,987,prior,2,4,7,10.0
6988,987,prior,3,0,21,21.0
6989,987,prior,4,5,12,3.0
6990,987,prior,5,0,8,20.0
6991,987,prior,6,1,18,16.0
6992,987,prior,7,3,15,11.0
6993,987,prior,8,4,15,14.0
6994,987,prior,9,2,20,2.0
6995,987,train,10,3,7,26.0
6996,988,prior,1,1,16,
6997,988,prior,2,0,17,12.0
6998,988,prior,3,2,13,20.0
6999,988,prior,4,3,18,28.0
7000,988,train,5,2,21,21.0
7001,989,prior,1,6,14,
7002,989,prior,2,4,17,16.0
7003,989,prior,3,0,21,7.0
7004,989,prior,4,3,10,21.0
7005,989,prior,5,3,19,25.0
7006,989,train,6,3,9,15.0
7007,990,prior,1,5,7,
7008,990,prior,2,6,10,16.0
7009,990,prior,3,6,20,5.0
7010,990,prior,4,1,13,24.0
7011,990,prior,5,4,10,18.0
7012,990,prior,6,3,13,17.0
7013,990,prior,7,1,7,21.0
7014,990,train,8,1,11,5.0
7015,991,prior,1,6,7,
7016,991,prior,2,6,9,24.0
7017,991,prior,3,0,11,16.0
7018,991,prior,4,6,16,12.0
7019,991,prior,5,1,10,9.0
7020,991,prior,6,6,19,2.0
7021,991,prior,7,2,11,22.0
7022,991,prior,8,6,10,11.0
7023,991,prior,9,2,14,23.0
7024,991,train,10,4,16,25.0
7025,992,prior,1,2,19,
7026,992,prior,2,6,10,20.0
7027,992,prior,3,0,20,18.0
7028,992,prior,4,4,20,1.0
7029,992,prior,5,5,19,9.0
7030,992,train,6,6,7,24.0
7031,993,prior,1,5,17,
7032,993,prior,2,0,18,29.0
7033,993,prior,3,3,9,2.0
7034,993,prior,4,5,12,13.0
7035,993,prior,5,2,17,15.0
7036,993,train,6,6,9,7.0
7037,994,prior,1,0,12,
7038,994,prior,2,2,20,14.0
7039,994,prior,3,5,20,22.0
7040,994,train,4,4,11,15.0
7041,995,prior,1,0,7,
7042,995,prior,2,3,21,24.0
7043,995,prior,3,5,16,5.0
7044,995,prior,4,2,21,9.0
7045,995,train,5,0,12,26.0
7046,996,prior,1,5,13,
7047,996,prior,2,4,14,20.0
7048,996,prior,3,5,9,3.0
7049,996,prior,4,6,10,28.0
7050,996,prior,5,1,10,15.0
7051,996,prior,6,2,21,23.0
7052,996,train,7,5,10,16.0
7053,997,prior,1,5,15,
7054,997,prior,2,5,20,25.0
7055,997,prior,3,0,8,27.0
7056,997,prior,4,0,15,4.0
7057,997,prior,5,0,20,17.0
7058,997,prior,6,1,15,5.0
7059,997,prior,7,2,16,26.0
7060,997,prior,8,3,14,24.0
7061,997,train,9,3,10,5.0
7062,998,prior,1,3,11,
7063,998,prior,2,4,16,14.0
7064,998,prior,3,2,17,19.0
7065,998,prior,4,3,14,12.0
7066,998,prior,5,4,12,15.0
7067,998,prior,6,6,9,15.0
7068,998,prior,7,6,14,3.0
7069,998,train,8,4,13,7.0
7070,999,prior,1,5,15,
7071,999,prior,2,2,15,9.0
7072,999,prior,3,1,20,10.0
7073,999,train,4,5,15,3.0
7074,1000,prior,1,2,15,
7075,1000,prior,2,5,11,8.0
7076,1000,prior,3,4,21,19.0
7077,1000,prior,4,0,14,26.0
7078,1000,prior,5,5,19,19.0
7079,1000,prior,6,5,12,14.0
7080,1000,prior,7,6,17,9.0
7081,1000,train,8,6,19,29.0
7082,1001,prior,1,1,18,
7083,1001,prior,2,5,9,2.0
7084,1001,prior,3,2,20,20.0
7085,1001,prior,4,4,13,15.0
7086,1001,prior,5,3,8,8.0
7087,1001,prior,6,6,20,10.0
7088,1001,train,7,4,12,21.0
7089,1002,prior,1,4,10,
7090,1002,prior,2,6,17,2.0
7091,1002,prior,3,2,12,19.0
7092,1002,prior,4,6,13,1.0
7093,1002,train,5,6,9,21.0
7094,1003,prior,1,3,19,
7095,1003,prior,2,6,12,13.0
7096,1003,prior,3,5,18,24.0
7097,1003,prior,4,1,10,11.0
7098,1003,prior,5,5,19,27.0
7099,1003,train,6,5,7,13.0
7100,1004,prior,1,4,7,
7101,1004,prior,2,0,19,2.0
7102,1004,prior,3,0,8,27.0
7103,1004,prior,4,0,12,16.0
7104,1004,prior,5,1,18,5.0
7105,1004,prior,6,0,10,6.0
7106,1004,train,7,1,11,2.0
7107,1005,prior,1,0,16,
7108,1005,prior,2,3,11,26.0
7109,1005,prior,3,2,11,18.0
7110,1005,train,4,4,15,24.0
7111,1006,prior,1,6,20,
7112,1006,prior,2,3,19,11.0
7113,1006,prior,3,0,17,21.0
7114,1006,prior,4,0,15,12.0
7115,1006,prior,5,0,8,9.0
7116,1006,prior,6,5,17,19.0
7117,1006,prior,7,0,18,29.0
7118,1006,prior,8,1,13,13.0
7119,1006,prior,9,0,19,18.0
7120,1006,train,10,0,9,10.0
7121,1007,prior,1,6,8,
7122,1007,prior,2,5,7,8.0
7123,1007,prior,3,3,11,2.0
7124,1007,train,4,2,15,9.0
7125,1008,prior,1,4,20,
7126,1008,prior,2,4,21,28.0
7127,1008,prior,3,5,15,24.0
7128,1008,prior,4,2,7,25.0
7129,1008,prior,5,6,14,28.0
7130,1008,prior,6,2,18,5.0
7131,1008,prior,7,2,12,25.0
7132,1008,prior,8,6,15,20.0
7133,1008,train,9,6,15,19.0
7134,1009,prior,1,4,9,
7135,1009,prior,2,6,15,23.0
7136,1009,prior,3,4,13,14.0
7137,1009,prior,4,2,18,4.0
7138,1009,train,5,5,10,18.0
7139,1010,prior,1,5,20,
7140,1010,prior,2,5,7,6.0
7141,1010,prior,3,4,17,19.0
7142,1010,train,4,0,12,8.0
7143,1011,prior,1,1,19,
7144,1011,prior,2,4,11,10.0
7145,1011,prior,3,4,12,28.0
7146,1011,prior,4,4,14,8.0
7147,1011,prior,5,5,19,13.0
7148,1011,prior,6,0,15,14.0
7149,1011,prior,7,2,12,6.0
7150,1011,train,8,5,20,21.0
7151,1012,prior,1,6,8,
7152,1012,prior,2,2,11,12.0
7153,1012,prior,3,1,7,25.0
7154,1012,prior,4,5,9,19.0
7155,1012,train,5,3,17,2.0
7156,1013,prior,1,4,21,
7157,1013,prior,2,5,18,9.0
7158,1013,prior,3,6,14,18.0
7159,1013,prior,4,6,16,3.0
7160,1013,prior,5,4,8,13.0
7161,1013,train,6,3,12,17.0
7162,1014,prior,1,3,7,
7163,1014,prior,2,5,8,4.0
7164,1014,prior,3,1,7,1.0
7165,1014,train,4,1,7,16.0
7166,1015,prior,1,1,8,
7167,1015,prior,2,6,16,19.0
7168,1015,prior,3,1,11,29.0
7169,1015,prior,4,1,13,27.0
7170,1015,prior,5,3,11,6.0
7171,1015,prior,6,4,15,26.0
7172,1015,prior,7,0,11,20.0
7173,1015,prior,8,6,12,16.0
7174,1015,train,9,1,15,6.0
7175,1016,prior,1,2,13,
7176,1016,prior,2,3,8,14.0
7177,1016,prior,3,2,9,25.0
7178,1016,prior,4,1,21,14.0
7179,1016,prior,5,0,7,3.0
7180,1016,prior,6,1,9,27.0
7181,1016,prior,7,4,16,11.0
7182,1016,prior,8,5,20,12.0
7183,1016,train,9,3,10,2.0
7184,1017,prior,1,5,12,
7185,1017,prior,2,0,8,12.0
7186,1017,prior,3,6,15,10.0
7187,1017,prior,4,1,17,15.0
7188,1017,prior,5,1,21,15.0
7189,1017,prior,6,6,12,5.0
7190,1017,prior,7,2,16,26.0
7191,1017,train,8,1,16,28.0
7192,1018,prior,1,3,8,
7193,1018,prior,2,1,7,24.0
7194,1018,prior,3,3,11,4.0
7195,1018,prior,4,6,19,19.0
7196,1018,prior,5,6,15,25.0
7197,1018,prior,6,1,8,3.0
7198,1018,prior,7,1,19,21.0
7199,1018,prior,8,2,12,4.0
7200,1018,prior,9,0,10,18.0
7201,1018,train,10,4,15,22.0
7202,1019,prior,1,3,19,
7203,1019,prior,2,2,21,16.0
7204,1019,prior,3,2,15,16.0
7205,1019,prior,4,1,13,14.0
7206,1019,train,5,2,17,22.0
7207,1020,prior,1,2,8,
7208,1020,prior,2,4,7,27.0
7209,1020,prior,3,0,11,9.0
7210,1020,prior,4,4,21,13.0
7211,1020,prior,5,4,16,27.0
7212,1020,prior,6,3,16,1.0
7213,1020,prior,7,5,12,10.0
7214,1020,prior,8,3,16,9.0
7215,1020,prior,9,2,12,10.0
7216,1020,train,10,5,8,28.0
7217,1021,prior,1,5,12,
7218,1021,prior,2,1,21,2.0
7219,1021,prior,3,3,10,19.0
7220,1021,prior,4,5,12,19.0
7221,1021,prior,5,0,16,4.0
7222,1021,prior,6,2,15,5.0
7223,1021,prior,7,4,20,21.0
7224,1021,prior,8,4,18,29.0
7225,1021,prior,9,2,10,16.0
7226,1021,train,10,2,15,2.0
7227,1022,prior,1,3,14,
7228,1022,prior,2,2,19,8.0
7229,1022,prior,3,2,13,28.0
7230,1022,train,4,2,11,29.0
7231,1023,prior,1,6,15,
7232,1023,prior,2,1,14,24.0
7233,1023,prior,3,6,8,20.0
7234,1023,prior,4,3,9,14.0
7235,1023,prior,5,4,7,5.0
7236,1023,prior,6,6,18,8.0
7237,1023,prior,7,5,16,20.0
7238,1023,prior,8,6,20,5.0
7239,1023,prior,9,6,18,19.0
7240,1023,train,10,6,8,12.0
7241,1024,prior,1,5,12,
7242,1024,prior,2,1,8,11.0
7243,1024,prior,3,6,19,11.0
7244,1024,prior,4,6,10,25.0
7245,1024,prior,5,6,15,3.0
7246,1024,prior,6,6,13,14.0
7247,1024,prior,7,4,17,21.0
7248,1024,prior,8,2,17,3.0
7249,1024,train,9,6,14,23.0
7250,1025,prior,1,1,19,
7251,1025,prior,2,2,14,14.0
7252,1025,prior,3,2,10,14.0
7253,1025,prior,4,4,17,23.0
7254,1025,prior,5,1,11,28.0
7255,1025,prior,6,6,16,2.0
7256,1025,train,7,1,20,25.0
7257,1026,prior,1,2,21,
7258,1026,prior,2,6,15,24.0
7259,1026,prior,3,4,17,20.0
7260,1026,prior,4,0,16,22.0
7261,1026,prior,5,0,13,1.0
7262,1026,prior,6,5,21,8.0
7263,1026,prior,7,1,11,26.0
7264,1026,prior,8,2,21,3.0
7265,1026,train,9,2,7,28.0
7266,1027,prior,1,5,11,
7267,1027,prior,2,6,11,16.0
7268,1027,prior,3,0,10,11.0
7269,1027,prior,4,3,13,23.0
7270,1027,prior,5,3,10,8.0
7271,1027,prior,6,5,9,19.0
7272,1027,train,7,0,19,5.0
7273,1028,prior,1,0,7,
7274,1028,prior,2,2,16,4.0
7275,1028,prior,3,4,12,5.0
7276,1028,prior,4,2,20,3.0
7277,1028,prior,5,0,12,28.0
7278,1028,prior,6,3,14,9.0
7279,1028,prior,7,6,11,14.0
7280,1028,prior,8,4,11,19.0
7281,1028,prior,9,3,9,27.0
7282,1028,train,10,2,20,13.0
7283,1029,prior,1,3,8,
7284,1029,prior,2,1,16,21.0
7285,1029,prior,3,2,15,13.0
7286,1029,prior,4,1,17,23.0
7287,1029,prior,5,2,12,24.0
7288,1029,prior,6,5,10,23.0
7289,1029,train,7,1,16,12.0
7290,1030,prior,1,6,13,
7291,1030,prior,2,0,7,3.0
7292,1030,prior,3,0,7,14.0
7293,1030,prior,4,2,20,16.0
7294,1030,prior,5,0,21,1.0
7295,1030,train,6,1,13,28.0
7296,1031,prior,1,1,16,
7297,1031,prior,2,6,19,14.0
7298,1031,prior,3,5,21,4.0
7299,1031,prior,4,5,20,25.0
7300,1031,prior,5,1,12,25.0
7301,1031,train,6,4,21,20.0
7302,1032,prior,1,6,8,
7303,1032,prior,2,3,15,13.0
7304,1032,prior,3,6,13,24.0
7305,1032,prior,4,3,11,13.0
7306,1032,prior,5,0,20,21.0
7307,1032,prior,6,3,17,15.0
7308,1032,prior,7,2,11,17.0
7309,1032,prior,8,3,15,19.0
7310,1032,prior,9,2,9,26.0
7311,1032,train,10,0,21,5.0
7312,1033,prior,1,2,9,
7313,1033,prior,2,1,10,12.0
7314,1033,prior,3,2,21,2.0
7315,1033,prior,4,4,12,18.0
7316,1033,prior,5,6,16,12.0
7317,1033,prior,6,0,17,13.0
7318,1033,prior,7,6,11,16.0
7319,1033,train,8,3,11,11.0
7320,1034,prior,1,6,10,
7321,1034,prior,2,0,21,21.0
7322,1034,prior,3,1,7,11.0
7323,1034,prior,4,2,7,22.0
7324,1034,prior,5,2,16,1.0
7325,1034,prior,6,0,12,26.0
7326,1034,prior,7,4,8,3.0
7327,1034,train,8,0,11,28.0
7328,1035,prior,1,3,8,
7329,1035,prior,2,3,21,21.0
7330,1035,prior,3,6,13,6.0
7331,1035,prior,4,1,13,22.0
7332,1035,train,5,5,21,7.0
7333,1036,prior,1,5,11,
7334,1036,prior,2,3,12,21.0
7335,1036,prior,3,6,15,27.0
7336,1036,prior,4,0,11,16.0
7337,1036,prior,5,6,13,12.0
7338,1036,prior,6,2,16,28.0
7339,1036,train,7,4,17,25.0
7340,1037,prior,1,2,20,
7341,1037,prior,2,5,16,27.0
7342,1037,prior,3,0,12,16.0
7343,1037,prior,4,2,19,5.0
7344,1037,train,5,0,11,7.0
7345,1038,prior,1,4,11,
7346,1038,prior,2,1,21,3.0
7347,1038,prior,3,0,19,13.0
7348,1038,prior,4,4,8,14.0
7349,1038,prior,5,5,12,27.0
7350,1038,prior,6,0,16,22.0
7351,1038,prior,7,6,16,22.0
7352,1038,prior,8,0,15,6.0
7353,1038,prior,9,4,17,11.0
7354,1038,train,10,2,7,10.0
7355,1039,prior,1,5,12,
7356,1039,prior,2,0,20,26.0
7357,1039,prior,3,6,13,26.0
7358,1039,train,4,1,11,3.0
7359,1040,prior,1,2,19,
7360,1040,prior,2,6,13,25.0
7361,1040,prior,3,6,17,6.0
7362,1040,prior,4,5,9,28.0
7363,1040,prior,5,0,10,23.0
7364,1040,prior,6,5,11,26.0
7365,1040,prior,7,6,7,19.0
7366,1040,train,8,0,21,1.0
7367,1041,prior,1,6,19,
7368,1041,prior,2,2,13,3.0
7369,1041,prior,3,0,21,2.0
7370,1041,prior,4,0,15,18.0
7371,1041,prior,5,4,12,10.0
7372,1041,prior,6,0,21,1.0
7373,1041,train,7,5,17,15.0
7374,1042,prior,1,5,7,
7375,1042,prior,2,6,12,21.0
7376,1042,prior,3,0,8,4.0
7377,1042,prior,4,2,10,16.0
7378,1042,prior,5,1,8,28.0
7379,1042,prior,6,6,9,24.0
7380,1042,train,7,4,17,3.0
7381,1043,prior,1,6,11,
7382,1043,prior,2,1,14,14.0
7383,1043,prior,3,1,12,28.0
7384,1043,prior,4,1,21,17.0
7385,1043,prior,5,6,15,5.0
7386,1043,prior,6,3,14,12.0
7387,1043,train,7,5,21,6.0
7388,1044,prior,1,5,11,
7389,1044,prior,2,0,11,27.0
7390,1044,prior,3,6,9,29.0
7391,1044,train,4,5,16,10.0
7392,1045,prior,1,5,14,
7393,1045,prior,2,1,15,17.0
7394,1045,prior,3,3,20,25.0
7395,1045,prior,4,3,18,7.0
7396,1045,prior,5,1,13,10.0
7397,1045,train,6,4,10,22.0
7398,1046,prior,1,4,13,
7399,1046,prior,2,6,13,25.0
7400,1046,prior,3,6,9,7.0
7401,1046,prior,4,1,12,7.0
7402,1046,prior,5,1,18,23.0
7403,1046,prior,6,1,20,24.0
7404,1046,prior,7,6,19,24.0
7405,1046,train,8,2,17,12.0
7406,1047,prior,1,3,18,
7407,1047,prior,2,5,10,10.0
7408,1047,prior,3,5,20,18.0
7409,1047,prior,4,6,7,20.0
7410,1047,prior,5,4,8,14.0
7411,1047,prior,6,1,7,10.0
7412,1047,prior,7,1,13,9.0
7413,1047,prior,8,6,11,26.0
7414,1047,train,9,4,16,11.0
7415,1048,prior,1,2,10,
7416,1048,prior,2,3,8,19.0
7417,1048,prior,3,0,18,28.0
7418,1048,prior,4,3,7,11.0
7419,1048,train,5,4,11,6.0
7420,1049,prior,1,6,10,
7421,1049,prior,2,3,7,9.0
7422,1049,prior,3,5,12,9.0
7423,1049,prior,4,6,19,7.0
7424,1049,prior,5,1,21,28.0
7425,1049,prior,6,3,17,10.0
7426,1049,prior,7,6,19,15.0
7427,1049,prior,8,5,16,27.0
7428,1049,train,9,6,20,13.0
7429,1050,prior,1,0,8,
7430,1050,prior,2,3,20,13.0
7431,1050,prior,3,2,9,21.0
7432,1050,train,4,6,7,13.0
7433,1051,prior,1,4,12,
7434,1051,prior,2,1,8,3.0
7435,1051,prior,3,2,13,10.0
7436,1051,prior,4,2,10,16.0
7437,1051,prior,5,3,20,22.0
7438,1051,prior,6,1,16,6.0
7439,1051,prior,7,2,7,17.0
7440,1051,prior,8,6,18,16.0
7441,1051,train,9,0,18,15.0
7442,1052,prior,1,4,18,
7443,1052,prior,2,0,10,29.0
7444,1052,prior,3,0,17,11.0
7445,1052,prior,4,0,16,24.0
7446,1052,prior,5,1,11,10.0
7447,1052,prior,6,2,17,9.0
7448,1052,train,7,5,19,12.0
7449,1053,prior,1,3,16,
7450,1053,prior,2,5,8,1.0
7451,1053,prior,3,2,10,4.0
7452,1053,prior,4,5,12,15.0
7453,1053,prior,5,4,15,7.0
7454,1053,prior,6,4,7,18.0
7455,1053,prior,7,3,14,4.0
7456,1053,train,8,3,16,7.0
7457,1054,prior,1,2,7,
7458,1054,prior,2,2,18,9.0
7459,1054,prior,3,1,15,15.0
7460,1054,prior,4,1,20,22.0
7461,1054,prior,5,2,10,19.0
7462,1054,train,6,4,11,17.0
7463,1055,prior,1,2,9,
7464,1055,prior,2,5,8,11.0
7465,1055,prior,3,4,11,22.0
7466,1055,prior,4,0,17,28.0
7467,1055,prior,5,2,15,14.0
7468,1055,prior,6,6,18,4.0
7469,1055,prior,7,1,17,14.0
7470,1055,prior,8,1,15,6.0
7471,1055,prior,9,3,11,28.0
7472,1055,train,10,0,7,25.0
7473,1056,prior,1,2,16,
7474,1056,prior,2,3,7,20.0
7475,1056,prior,3,5,15,22.0
7476,1056,prior,4,2,8,27.0
7477,1056,prior,5,6,21,2.0
7478,1056,prior,6,0,12,3.0
7479,1056,prior,7,3,21,18.0
7480,1056,prior,8,2,14,15.0
7481,1056,prior,9,2,14,19.0
7482,1056,train,10,3,16,12.0
7483,1057,prior,1,3,15,
7484,1057,prior,2,0,8,27.0
7485,1057,prior,3,0,8,10.0
7486,1057,train,4,1,7,16.0
7487,1058,prior,1,1,15,
7488,1058,prior,2,3,12,22.0
7489,1058,prior,3,6,11,7.0
7490,1058,prior,4,0,20,2.0
7491,1058,prior,5,2,9,2.0
7492,1058,train,6,6,20,21.0
7493,1059,prior,1,0,10,
7494,1059,prior,2,0,17,22.0
7495,1059,prior,3,0,8,4.0
7496,1059,prior,4,1,17,2.0
7497,1059,prior,5,5,20,10.0
7498,1059,train,6,4,13,20.0
7499,1060,prior,1,1,12,
7500,1060,prior,2,5,13,17.0
7501,1060,prior,3,6,13,12.0
7502,1060,prior,4,5,16,9.0
7503,1060,prior,5,6,8,24.0
7504,1060,train,6,4,14,27.0
7505,1061,prior,1,3,11,
7506,1061,prior,2,5,16,18.0
7507,1061,prior,3,4,14,12.0
7508,1061,prior,4,2,11,15.0
7509,1061,prior,5,5,7,3.0
7510,1061,prior,6,6,13,19.0
7511,1061,prior,7,6,21,20.0
7512,1061,prior,8,5,15,26.0
7513,1061,prior,9,4,11,24.0
7514,1061,train,10,0,18,10.0
7515,1062,prior,1,3,16,
7516,1062,prior,2,1,14,8.0
7517,1062,prior,3,6,7,14.0
7518,1062,prior,4,6,11,18.0
7519,1062,prior,5,4,17,8.0
7520,1062,prior,6,4,13,7.0
7521,1062,prior,7,0,7,3.0
7522,1062,prior,8,1,16,18.0
7523,1062,train,9,2,16,13.0
7524,1063,prior,1,4,19,
7525,1063,prior,2,6,14,19.0
7526,1063,prior,3,5,19,29.0
7527,1063,prior,4,4,21,3.0
7528,1063,prior,5,3,13,8.0
7529,1063,prior,6,2,17,5.0
7530,1063,prior,7,6,17,25.0
7531,1063,prior,8,0,9,14.0
7532,1063,prior,9,6,14,10.0
7533,1063,train,10,6,11,10.0
7534,1064,prior,1,5,17,
7535,1064,prior,2,0,12,21.0
7536,1064,prior,3,2,12,3.0
7537,1064,prior,4,6,9,3.0
7538,1064,prior,5,3,12,3.0
7539,1064,prior,6,5,12,1.0
7540,1064,prior,7,1,8,29.0
7541,1064,train,8,6,19,11.0
7542,1065,prior,1,0,19,
7543,1065,prior,2,6,15,3.0
7544,1065,prior,3,1,19,22.0
7545,1065,prior,4,6,8,16.0
7546,1065,prior,5,4,19,20.0
7547,1065,prior,6,4,17,17.0
7548,1065,prior,7,5,13,1.0
7549,1065,train,8,3,15,15.0
7550,1066,prior,1,5,7,
7551,1066,prior,2,3,19,21.0
7552,1066,prior,3,1,12,15.0
7553,1066,prior,4,2,10,4.0
7554,1066,train,5,3,19,18.0
7555,1067,prior,1,3,11,
7556,1067,prior,2,5,10,12.0
7557,1067,prior,3,3,18,1.0
7558,1067,prior,4,4,15,6.0
7559,1067,prior,5,5,9,18.0
7560,1067,prior,6,0,8,26.0
7561,1067,train,7,1,20,20.0
7562,1068,prior,1,5,14,
7563,1068,prior,2,2,9,5.0
7564,1068,prior,3,5,7,18.0
7565,1068,prior,4,2,10,13.0
7566,1068,prior,5,0,21,5.0
7567,1068,prior,6,2,21,1.0
7568,1068,train,7,2,20,21.0
7569,1069,prior,1,4,10,
7570,1069,prior,2,5,13,17.0
7571,1069,prior,3,5,13,17.0
7572,1069,prior,4,0,10,19.0
7573,1069,prior,5,0,18,25.0
7574,1069,prior,6,5,21,5.0
7575,1069,prior,7,3,10,13.0
7576,1069,train,8,6,14,13.0
7577,1070,prior,1,4,12,
7578,1070,prior,2,1,12,3.0
7579,1070,prior,3,5,16,10.0
7580,1070,prior,4,4,17,12.0
7581,1070,prior,5,4,10,12.0
7582,1070,prior,6,0,16,12.0
7583,1070,prior,7,5,21,18.0
7584,1070,train,8,1,9,14.0
7585,1071,prior,1,6,20,
7586,1071,prior,2,1,21,10.0
7587,1071,prior,3,1,12,21.0
7588,1071,prior,4,4,7,25.0
7589,1071,prior,5,1,19,24.0
7590,1071,prior,6,2,7,24.0
7591,1071,prior,7,6,11,8.0
7592,1071,prior,8,2,14,26.0
7593,1071,prior,9,6,21,18.0
7594,1071,train,10,0,10,19.0
7595,1072,prior,1,6,15,
7596,1072,prior,2,6,8,18.0
7597,1072,prior,3,3,15,14.0
7598,1072,train,4,0,16,29.0
7599,1073,prior,1,2,11,
7600,1073,prior,2,1,16,12.0
7601,1073,prior,3,1,11,23.0
7602,1073,prior,4,4,20,28.0
7603,1073,prior,5,4,11,11.0
7604,1073,prior,6,4,8,9.0
7605,1073,train,7,5,13,29.0
7606,1074,prior,1,4,19,
7607,1074,prior,2,0,9,18.0
7608,1074,prior,3,6,19,28.0
7609,1074,prior,4,4,18,16.0
7610,1074,prior,5,5,18,22.0
7611,1074,train,6,6,10,7.0
7612,1075,prior,1,6,10,
7613,1075,prior,2,3,19,23.0
7614,1075,prior,3,1,19,2.0
7615,1075,prior,4,3,11,21.0
7616,1075,prior,5,1,8,14.0
7617,1075,prior,6,5,8,12.0
7618,1075,train,7,6,19,21.0
7619,1076,prior,1,6,20,
7620,1076,prior,2,4,10,15.0
7621,1076,prior,3,2,15,7.0
7622,1076,prior,4,0,8,3.0
7623,1076,prior,5,3,21,17.0
7624,1076,prior,6,3,7,13.0
7625,1076,prior,7,1,14,22.0
7626,1076,train,8,0,9,24.0
7627,1077,prior,1,6,7,
7628,1077,prior,2,2,15,24.0
7629,1077,prior,3,2,17,7.0
7630,1077,train,4,4,9,27.0
7631,1078,prior,1,6,20,
7632,1078,prior,2,4,11,21.0
7633,1078,prior,3,4,11,20.0
7634,1078,prior,4,5,8,27.0
7635,1078,train,5,0,14,2.0
7636,1079,prior,1,1,19,
7637,1079,prior,2,6,12,13.0
7638,1079,prior,3,3,12,5.0
7639,1079,prior,4,0,10,16.0
7640,1079,prior,5,5,13,5.0
7641,1079,prior,6,3,11,27.0
7642,1079,prior,7,5,17,27.0
7643,1079,prior,8,1,20,12.0
7644,1079,prior,9,4,17,21.0
7645,1079,train,10,5,8,29.0
7646,1080,prior,1,3,9,
7647,1080,prior,2,6,8,8.0
7648,1080,prior,3,1,16,18.0
7649,1080,prior,4,6,12,15.0
7650,1080,prior,5,3,11,27.0
7651,1080,prior,6,1,8,6.0
7652,1080,prior,7,0,15,28.0
7653,1080,train,8,5,18,21.0
7654,1081,prior,1,2,17,
7655,1081,prior,2,6,8,17.0
7656,1081,prior,3,2,9,23.0
7657,1081,prior,4,3,7,8.0
7658,1081,prior,5,6,20,23.0
7659,1081,prior,6,6,19,1.0
7660,1081,prior,7,5,15,24.0
7661,1081,prior,8,2,17,14.0
7662,1081,prior,9,6,9,7.0
7663,1081,train,10,0,20,8.0
7664,1082,prior,1,2,9,
7665,1082,prior,2,1,17,28.0
7666,1082,prior,3,0,18,1.0
7667,1082,train,4,5,12,22.0
7668,1083,prior,1,4,10,
7669,1083,prior,2,4,14,3.0
7670,1083,prior,3,4,17,10.0
7671,1083,prior,4,2,19,7.0
7672,1083,prior,5,6,20,8.0
7673,1083,prior,6,6,7,29.0
7674,1083,prior,7,5,9,18.0
7675,1083,prior,8,1,20,4.0
7676,1083,prior,9,5,10,15.0
7677,1083,train,10,0,18,19.0
7678,1084,prior,1,6,20,
7679,1084,prior,2,1,10,11.0
7680,1084,prior,3,2,21,23.0
7681,1084,train,4,3,15,19.0
7682,1085,prior,1,1,12,
7683,1085,prior,2,6,21,13.0
7684,1085,prior,3,3,14,14.0
7685,1085,train,4,5,18,9.0
7686,1086,prior,1,6,17,
7687,1086,prior,2,4,14,20.0
7688,1086,prior,3,6,20,6.0
7689,1086,prior,4,5,21,23.0
7690,1086,train,5,5,13,22.0
7691,1087,prior,1,4,16,
7692,1087,prior,2,5,14,1.0
7693,1087,prior,3,3,7,25.0
7694,1087,prior,4,6,21,22.0
7695,1087,prior,5,0,14,2.0
7696,1087,prior,6,1,15,13.0
7697,1087,prior,7,6,17,5.0
7698,1087,prior,8,0,7,14.0
7699,1087,prior,9,0,9,27.0
7700,1087,train,10,2,20,8.0
7701,1088,prior,1,6,10,
7702,1088,prior,2,3,10,20.0
7703,1088,prior,3,2,10,7.0
7704,1088,prior,4,0,18,13.0
7705,1088,prior,5,0,19,21.0
7706,1088,prior,6,6,12,17.0
7707,1088,prior,7,2,7,21.0
7708,1088,prior,8,4,20,17.0
7709,1088,train,9,6,16,29.0
7710,1089,prior,1,3,21,
7711,1089,prior,2,1,13,28.0
7712,1089,prior,3,3,8,5.0
7713,1089,prior,4,5,11,3.0
7714,1089,prior,5,1,12,17.0
7715,1089,prior,6,0,7,18.0
7716,1089,prior,7,3,13,16.0
7717,1089,prior,8,4,8,19.0
7718,1089,prior,9,5,21,16.0
7719,1089,train,10,5,18,11.0
7720,1090,prior,1,1,11,
7721,1090,prior,2,2,7,8.0
7722,1090,prior,3,4,19,16.0
7723,1090,prior,4,6,21,10.0
7724,1090,prior,5,0,8,20.0
7725,1090,prior,6,0,18,24.0
7726,1090,prior,7,1,14,5.0
7727,1090,prior,8,2,14,9.0
7728,1090,prior,9,4,7,7.0
7729,1090,train,10,4,16,17.0
7730,1091,prior,1,0,20,
7731,1091,prior,2,2,10,21.0
7732,1091,prior,3,2,7,19.0
7733,1091,prior,4,2,14,23.0
7734,1091,prior,5,2,12,2.0
7735,1091,prior,6,6,7,23.0
7736,1091,prior,7,0,18,14.0
7737,1091,prior,8,4,10,17.0
7738,1091,prior,9,1,20,20.0
7739,1091,train,10,2,20,16.0
7740,1092,prior,1,5,21,
7741,1092,prior,2,6,9,11.0
7742,1092,prior,3,6,13,16.0
7743,1092,prior,4,0,11,26.0
7744,1092,train,5,4,18,6.0
7745,1093,prior,1,2,13,
7746,1093,prior,2,0,11,23.0
7747,1093,prior,3,3,17,4.0
7748,1093,prior,4,3,13,16.0
7749,1093,train,5,4,7,12.0
7750,1094,prior,1,6,15,
7751,1094,prior,2,2,16,15.0
7752,1094,prior,3,5,14,18.0
7753,1094,prior,4,2,11,1.0
7754,1094,prior,5,0,8,23.0
7755,1094,prior,6,1,20,27.0
7756,1094,prior,7,5,10,6.0
7757,1094,prior,8,6,7,26.0
7758,1094,train,9,1,8,5.0
7759,1095,prior,1,0,21,
7760,1095,prior,2,2,16,6.0
7761,1095,prior,3,3,14,21.0
7762,1095,train,4,5,14,16.0
7763,1096,prior,1,1,8,
7764,1096,prior,2,1,9,29.0
7765,1096,prior,3,3,13,23.0
7766,1096,prior,4,1,20,13.0
7767,1096,train,5,0,16,22.0
7768,1097,prior,1,0,14,
7769,1097,prior,2,0,21,10.0
7770,1097,prior,3,2,17,22.0
7771,1097,prior,4,2,17,24.0
7772,1097,prior,5,2,18,7.0
7773,1097,prior,6,3,10,29.0
7774,1097,prior,7,6,9,5.0
7775,1097,prior,8,5,9,8.0
7776,1097,prior,9,0,8,19.0
7777,1097,train,10,2,7,1.0
7778,1098,prior,1,6,20,
7779,1098,prior,2,5,21,25.0
7780,1098,prior,3,3,8,8.0
7781,1098,prior,4,1,11,16.0
7782,1098,prior,5,6,19,8.0
7783,1098,prior,6,6,8,13.0
7784,1098,prior,7,0,21,11.0
7785,1098,train,8,0,10,4.0
7786,1099,prior,1,1,10,
7787,1099,prior,2,5,13,23.0
7788,1099,prior,3,5,16,23.0
7789,1099,prior,4,4,10,9.0
7790,1099,prior,5,4,18,11.0
7791,1099,prior,6,2,8,26.0
7792,1099,train,7,4,21,29.0
7793,1100,prior,1,3,21,
7794,1100,prior,2,1,16,7.0
7795,1100,prior,3,6,19,5.0
7796,1100,prior,4,6,8,28.0
7797,1100,prior,5,5,21,23.0
7798,1100,prior,6,1,10,2.0
7799,1100,prior,7,3,7,3.0
7800,1100,prior,8,5,20,21.0
7801,1100,train,9,5,9,10.0
7802,1101,prior,1,4,15,
7803,1101,prior,2,1,19,14.0
7804,1101,prior,3,6,12,7.0
7805,1101,prior,4,3,7,15.0
7806,1101,prior,5,3,21,11.0
7807,1101,prior,6,3,18,17.0
7808,1101,prior,7,5,17,27.0
7809,1101,prior,8,6,16,25.0
7810,1101,prior,9,3,21,26.0
7811,1101,train,10,3,18,1.0
7812,1102,prior,1,6,8,
7813,1102,prior,2,0,13,7.0
7814,1102,prior,3,1,13,15.0
7815,1102,prior,4,1,19,24.0
7816,1102,prior,5,2,16,29.0
7817,1102,train,6,1,15,10.0
7818,1103,prior,1,3,14,
7819,1103,prior,2,3,20,29.0
7820,1103,prior,3,6,17,12.0
7821,1103,prior,4,2,9,14.0
7822,1103,prior,5,0,10,3.0
7823,1103,prior,6,0,8,7.0
7824,1103,prior,7,0,17,3.0
7825,1103,prior,8,4,13,23.0
7826,1103,prior,9,1,21,13.0
7827,1103,train,10,0,11,29.0
7828,1104,prior,1,6,15,
7829,1104,prior,2,5,21,17.0
7830,1104,prior,3,6,8,23.0
7831,1104,prior,4,2,21,1.0
7832,1104,prior,5,6,17,25.0
7833,1104,prior,6,5,11,20.0
7834,1104,prior,7,0,11,27.0
7835,1104,prior,8,6,21,28.0
7836,1104,train,9,3,14,3.0
7837,1105,prior,1,6,15,
7838,1105,prior,2,4,9,19.0
7839,1105,prior,3,3,18,24.0
7840,1105,prior,4,5,16,28.0
7841,1105,prior,5,1,12,12.0
7842,1105,prior,6,4,21,20.0
7843,1105,prior,7,6,17,15.0
7844,1105,prior,8,3,12,10.0
7845,1105,prior,9,1,14,11.0
7846,1105,train,10,3,14,19.0
7847,1106,prior,1,5,11,
7848,1106,prior,2,4,12,24.0
7849,1106,prior,3,1,15,22.0
7850,1106,prior,4,6,21,7.0
7851,1106,prior,5,4,15,13.0
7852,1106,prior,6,5,20,29.0
7853,1106,prior,7,1,20,26.0
7854,1106,prior,8,2,9,4.0
7855,1106,train,9,5,8,13.0
7856,1107,prior,1,3,18,
7857,1107,prior,2,2,21,11.0
7858,1107,prior,3,3,7,23.0
7859,1107,prior,4,1,14,7.0
7860,1107,prior,5,6,15,12.0
7861,1107,prior,6,1,13,8.0
7862,1107,prior,7,3,9,16.0
7863,1107,train,8,6,7,16.0
7864,1108,prior,1,1,9,
7865,1108,prior,2,3,7,17.0
7866,1108,prior,3,1,15,24.0
7867,1108,train,4,5,11,17.0
7868,1109,prior,1,2,18,
7869,1109,prior,2,5,12,12.0
7870,1109,prior,3,2,10,9.0
7871,1109,prior,4,0,7,7.0
7872,1109,prior,5,5,11,22.0
7873,1109,prior,6,1,15,29.0
7874,1109,prior,7,4,8,5.0
7875,1109,train,8,5,12,7.0
7876,1110,prior,1,2,15,
7877,1110,prior,2,3,11,21.0
7878,1110,prior,3,5,12,18.0
7879,1110,prior,4,3,18,28.0
7880,1110,train,5,1,9,25.0
7881,1111,prior,1,4,17,
7882,1111,prior,2,0,12,17.0
7883,1111,prior,3,2,10,29.0
7884,1111,prior,4,0,19,5.0
7885,1111,prior,5,5,21,15.0
7886,1111,prior,6,2,20,11.0
7887,1111,prior,7,5,18,24.0
7888,1111,train,8,6,10,1.0
7889,1112,prior,1,0,20,
7890,1112,prior,2,3,18,10.0
7891,1112,prior,3,0,19,25.0
7892,1112,prior,4,5,11,2.0
7893,1112,prior,5,3,7,18.0
7894,1112,prior,6,5,21,1.0
7895,1112,train,7,0,15,21.0
7896,1113,prior,1,4,15,
7897,1113,prior,2,0,14,14.0
7898,1113,prior,3,3,10,19.0
7899,1113,prior,4,2,13,6.0
7900,1113,prior,5,5,17,25.0
7901,1113,prior,6,5,17,24.0
7902,1113,train,7,5,8,7.0
7903,1114,prior,1,3,8,
7904,1114,prior,2,0,11,27.0
7905,1114,prior,3,2,20,1.0
7906,1114,prior,4,4,8,23.0
7907,1114,prior,5,2,16,19.0
7908,1114,train,6,6,13,25.0
7909,1115,prior,1,0,21,
7910,1115,prior,2,6,19,16.0
7911,1115,prior,3,4,9,15.0
7912,1115,prior,4,2,15,8.0
7913,1115,prior,5,2,17,3.0
7914,1115,prior,6,2,10,8.0
7915,1115,prior,7,5,11,16.0
7916,1115,train,8,5,8,27.0
7917,1116,prior,1,0,11,
7918,1116,prior,2,6,20,4.0
7919,1116,prior,3,3,9,26.0
7920,1116,prior,4,0,21,5.0
7921,1116,prior,5,6,18,16.0
7922,1116,prior,6,2,19,15.0
7923,1116,prior,7,3,13,16.0
7924,1116,prior,8,2,15,13.0
7925,1116,prior,9,1,16,21.0
7926,1116,train,10,4,18,25.0
7927,1117,prior,1,6,17,
7928,1117,prior,2,5,19,28.0
7929,1117,prior,3,2,12,1.0
7930,1117,prior,4,0,19,27.0
7931,1117,prior,5,5,21,15.0
7932,1117,train,6,5,14,1.0
7933,1118,prior,1,2,9,
7934,1118,prior,2,0,21,12.0
7935,1118,prior,3,5,17,4.0
7936,1118,prior,4,3,15,10.0
7937,1118,prior,5,5,19,4.0
7938,1118,prior,6,5,14,11.0
7939,1118,train,7,0,20,26.0
7940,1119,prior,1,0,13,
7941,1119,prior,2,3,17,7.0
7942,1119,prior,3,0,8,7.0
7943,1119,prior,4,0,21,5.0
7944,1119,train,5,3,21,8.0
7945,1120,prior,1,6,7,
7946,1120,prior,2,5,9,18.0
7947,1120,prior,3,0,18,21.0
7948,1120,prior,4,0,16,23.0
7949,1120,prior,5,1,8,11.0
7950,1120,prior,6,1,13,23.0
7951,1120,train,7,4,20,27.0
7952,1121,prior,1,0,12,
7953,1121,prior,2,4,13,20.0
7954,1121,prior,3,5,14,21.0
7955,1121,prior,4,4,14,3.0
7956,1121,prior,5,1,15,25.0
7957,1121,train,6,6,17,8.0
7958,1122,prior,1,1,9,
7959,1122,prior,2,6,14,7.0
7960,1122,prior,3,5,18,22.0
7961,1122,train,4,6,10,28.0
7962,1123,prior,1,2,14,
7963,1123,prior,2,5,17,14.0
7964,1123,prior,3,4,8,26.0
7965,1123,prior,4,5,19,1.0
7966,1123,prior,5,5,16,23.0
7967,1123,prior,6,5,14,26.0
7968,1123,train,7,6,9,10.0
7969,1124,prior,1,1,7,
7970,1124,prior,2,6,16,26.0
7971,1124,prior,3,4,21,26.0
7972,1124,prior,4,6,13,28.0
7973,1124,prior,5,5,21,19.0
7974,1124,prior,6,3,13,3.0
7975,1124,prior,7,1,10,26.0
7976,1124,train,8,4,9,15.0
7977,1125,prior,1,2,15,
7978,1125,prior,2,1,16,28.0
7979,1125,prior,3,0,20,12.0
7980,1125,prior,4,6,15,3.0
7981,1125,prior,5,0,9,24.0
7982,1125,prior,6,2,11,4.0
7983,1125,prior,7,4,16,6.0
7984,1125,prior,8,1,13,20.0
7985,1125,prior,9,6,11,5.0
7986,1125,train,10,3,21,13.0
7987,1126,prior,1,3,16,
7988,1126,prior,2,1,17,22.0
7989,1126,prior,3,3,9,24.0
7990,1126,prior,4,0,16,29.0
7991,1126,prior,5,0,21,23.0
7992,1126,train,6,6,11,14.0
7993,1127,prior,1,1,15,
7994,1127,prior,2,1,20,23.0
7995,1127,prior,3,1,14,1.0
7996,1127,prior,4,1,7,18.0
7997,1127,train,5,6,11,19.0
7998,1128,prior,1,0,12,
7999,1128,prior,2,3,20,24.0
8000,1128,prior,3,0,18,3.0
8001,1128,prior,4,6,11,1.0
8002,1128,prior,5,2,21,24.0
8003,1128,prior,6,4,9,8.0
8004,1128,prior,7,1,10,14.0
8005,1128,train,8,3,9,6.0
8006,1129,prior,1,1,14,
8007,1129,prior,2,6,16,5.0
8008,1129,prior,3,2,11,27.0
8009,1129,prior,4,5,16,22.0
8010,1129,prior,5,5,17,27.0
8011,1129,prior,6,4,15,1.0
8012,1129,prior,7,2,12,16.0
8013,1129,prior,8,3,16,18.0
8014,1129,train,9,6,21,8.0
8015,1130,prior,1,5,16,
8016,1130,prior,2,2,21,3.0
8017,1130,prior,3,6,9,14.0
8018,1130,prior,4,2,16,11.0
8019,1130,prior,5,2,12,18.0
8020,1130,prior,6,1,9,11.0
8021,1130,prior,7,4,17,13.0
8022,1130,prior,8,2,9,29.0
8023,1130,prior,9,0,21,26.0
8024,1130,train,10,2,7,17.0
8025,1131,prior,1,6,17,
8026,1131,prior,2,1,21,6.0
8027,1131,prior,3,1,7,13.0
8028,1131,prior,4,6,8,10.0
8029,1131,train,5,3,20,9.0
8030,1132,prior,1,0,9,
8031,1132,prior,2,5,20,1.0
8032,1132,prior,3,0,10,23.0
8033,1132,prior,4,4,9,11.0
8034,1132,prior,5,2,14,13.0
8035,1132,prior,6,1,7,14.0
8036,1132,prior,7,3,18,15.0
8037,1132,train,8,1,8,9.0
8038,1133,prior,1,2,12,
8039,1133,prior,2,6,17,8.0
8040,1133,prior,3,3,20,19.0
8041,1133,prior,4,2,11,2.0
8042,1133,prior,5,3,14,24.0
8043,1133,prior,6,4,12,6.0
8044,1133,prior,7,5,13,9.0
8045,1133,prior,8,5,20,4.0
8046,1133,train,9,3,11,8.0
8047,1134,prior,1,0,11,
8048,1134,prior,2,4,8,13.0
8049,1134,prior,3,6,19,23.0
8050,1134,prior,4,6,10,8.0
8051,1134,prior,5,1,12,27.0
8052,1134,prior,6,6,16,20.0
8053,1134,train,7,2,15,11.0
8054,1135,prior,1,2,12,
8055,1135,prior,2,0,13,20.0
8056,1135,prior,3,2,13,9.0
8057,1135,prior,4,4,15,3.0
8058,1135,train,5,5,15,5.0
8059,1136,prior,1,2,19,
8060,1136,prior,2,0,14,16.0
8061,1136,prior,3,2,18,7.0
8062,1136,prior,4,0,8,1.0
8063,1136,prior,5,1,15,28.0
8064,1136,prior,6,2,17,28.0
8065,1136,prior,7,6,16,21.0
8066,1136,prior,8,1,15,4.0
8067,1136,train,9,6,12,29.0
8068,1137,prior,1,5,14,
8069,1137,prior,2,6,9,4.0
8070,1137,prior,3,3,13,29.0
8071,1137,prior,4,1,10,11.0
8072,1137,prior,5,1,13,4.0
8073,1137,prior,6,3,17,5.0
8074,1137,prior,7,4,11,9.0
8075,1137,prior,8,0,21,24.0
8076,1137,train,9,2,8,3.0
8077,1138,prior,1,2,8,
8078,1138,prior,2,2,18,18.0
8079,1138,prior,3,2,11,15.0
8080,1138,prior,4,0,11,8.0
8081,1138,prior,5,0,21,20.0
8082,1138,prior,6,1,20,4.0
8083,1138,prior,7,0,17,18.0
8084,1138,train,8,2,17,26.0
8085,1139,prior,1,0,7,
8086,1139,prior,2,6,13,18.0
8087,1139,prior,3,6,17,22.0
8088,1139,prior,4,6,19,25.0
8089,1139,prior,5,1,7,21.0
8090,1139,prior,6,5,11,17.0
8091,1139,prior,7,5,19,29.0
8092,1139,prior,8,1,11,6.0
8093,1139,prior,9,3,16,26.0
8094,1139,train,10,6,11,12.0
8095,1140,prior,1,2,12,
8096,1140,prior,2,1,13,19.0
8097,1140,prior,3,3,7,10.0
8098,1140,prior,4,0,7,16.0
8099,1140,prior,5,2,13,16.0
8100,1140,prior,6,1,17,3.0
8101,1140,train,7,3,20,29.0
8102,1141,prior,1,4,18,
8103,1141,prior,2,4,8,1.0
8104,1141,prior,3,6,12,25.0
8105,1141,prior,4,1,17,8.0
8106,1141,prior,5,3,17,29.0
8107,1141,prior,6,1,8,26.0
8108,1141,prior,7,6,18,12.0
8109,1141,train,8,3,17,12.0
8110,1142,prior,1,2,21,
8111,1142,prior,2,5,9,18.0
8112,1142,prior,3,3,18,7.0
8113,1142,prior,4,1,18,18.0
8114,1142,prior,5,5,11,15.0
8115,1142,train,6,5,18,8.0
8116,1143,prior,1,5,12,
8117,1143,prior,2,1,18,9.0
8118,1143,prior,3,4,19,15.0
8119,1143,prior,4,3,11,12.0
8120,1143,prior,5,6,14,12.0
8121,1143,prior,6,0,7,12.0
8122,1143,prior,7,5,8,21.0
8123,1143,prior,8,3,18,23.0
8124,1143,train,9,1,17,19.0
8125,1144,prior,1,0,18,
8126,1144,prior,2,0,18,14.0
8127,1144,prior,3,1,13,21.0
8128,1144,prior,4,1,18,10.0
8129,1144,prior,5,1,11,27.0
8130,1144,prior,6,6,9,24.0
8131,1144,prior,7,4,21,3.0
8132,1144,prior,8,2,11,1.0
8133,1144,train,9,1,9,11.0
8134,1145,prior,1,1,18,
8135,1145,prior,2,2,17,5.0
8136,1145,prior,3,4,10,27.0
8137,1145,prior,4,4,13,27.0
8138,1145,prior,5,1,9,23.0
8139,1145,prior,6,6,12,15.0
8140,1145,train,7,3,10,16.0
8141,1146,prior,1,6,19,
8142,1146,prior,2,5,15,24.0
8143,1146,prior,3,2,10,9.0
8144,1146,prior,4,0,15,21.0
8145,1146,prior,5,3,20,9.0
8146,1146,train,6,5,11,11.0
8147,1147,prior,1,6,13,
8148,1147,prior,2,5,16,2.0
8149,1147,prior,3,2,19,19.0
8150,1147,prior,4,2,14,18.0
8151,1147,prior,5,3,8,13.0
8152,1147,prior,6,5,19,20.0
8153,1147,prior,7,6,9,25.0
8154,1147,prior,8,5,19,26.0
8155,1147,train,9,0,14,10.0
8156,1148,prior,1,3,7,
8157,1148,prior,2,3,9,19.0
8158,1148,prior,3,1,16,8.0
8159,1148,prior,4,5,7,11.0
8160,1148,prior,5,2,12,21.0
8161,1148,prior,6,6,8,19.0
8162,1148,prior,7,5,13,16.0
8163,1148,prior,8,2,12,27.0
8164,1148,prior,9,6,8,2.0
8165,1148,train,10,3,17,12.0
8166,1149,prior,1,6,20,
8167,1149,prior,2,6,19,10.0
8168,1149,prior,3,6,16,1.0
8169,1149,prior,4,1,18,1.0
8170,1149,prior,5,4,18,2.0
8171,1149,prior,6,2,16,9.0
8172,1149,prior,7,5,20,7.0
8173,1149,prior,8,6,16,21.0
8174,1149,train,9,2,7,15.0
8175,1150,prior,1,0,9,
8176,1150,prior,2,4,7,8.0
8177,1150,prior,3,4,16,23.0
8178,1150,prior,4,4,14,29.0
8179,1150,train,5,0,19,28.0
8180,1151,prior,1,4,13,
8181,1151,prior,2,6,15,24.0
8182,1151,prior,3,3,13,23.0
8183,1151,prior,4,2,8,17.0
8184,1151,train,5,5,17,20.0
8185,1152,prior,1,3,20,
8186,1152,prior,2,5,17,26.0
8187,1152,prior,3,4,10,27.0
8188,1152,prior,4,5,14,5.0
8189,1152,prior,5,0,7,27.0
8190,1152,train,6,6,19,29.0
8191,1153,prior,1,0,10,
8192,1153,prior,2,4,13,14.0
8193,1153,prior,3,6,20,2.0
8194,1153,prior,4,4,18,3.0
8195,1153,prior,5,1,11,16.0
8196,1153,prior,6,3,9,14.0
8197,1153,train,7,1,14,16.0
8198,1154,prior,1,6,19,
8199,1154,prior,2,4,20,7.0
8200,1154,prior,3,0,18,29.0
8201,1154,prior,4,5,9,5.0
8202,1154,prior,5,5,7,12.0
8203,1154,prior,6,4,17,7.0
8204,1154,prior,7,1,8,24.0
8205,1154,prior,8,0,17,24.0
8206,1154,train,9,3,18,4.0
8207,1155,prior,1,4,10,
8208,1155,prior,2,2,18,14.0
8209,1155,prior,3,5,15,27.0
8210,1155,prior,4,0,16,2.0
8211,1155,prior,5,4,20,25.0
8212,1155,prior,6,5,21,27.0
8213,1155,prior,7,2,14,21.0
8214,1155,train,8,1,13,6.0
8215,1156,prior,1,4,15,
8216,1156,prior,2,3,18,8.0
8217,1156,prior,3,2,17,27.0
8218,1156,prior,4,3,10,5.0
8219,1156,prior,5,2,19,2.0
8220,1156,prior,6,5,12,20.0
8221,1156,train,7,0,17,21.0
8222,1157,prior,1,2,18,
8223,1157,prior,2,0,7,6.0
8224,1157,prior,3,1,18,17.0
8225,1157,prior,4,0,17,5.0
8226,1157,prior,5,1,13,22.0
8227,1157,train,6,0,10,13.0
8228,1158,prior,1,4,12,
8229,1158,prior,2,3,15,20.0
8230,1158,prior,3,6,13,11.0
8231,1158,prior,4,2,16,1.0
8232,1158,prior,5,4,8,18.0
8233,1158,prior,6,3,12,6.0
8234,1158,prior,7,1,9,20.0
8235,1158,prior,8,2,20,9.0
8236,1158,prior,9,6,21,11.0
8237,1158,train,10,1,18,28.0
8238,1159,prior,1,0,11,
8239,1159,prior,2,6,15,28.0
8240,1159,prior,3,3,9,2.0
8241,1159,prior,4,0,17,6.0
8242,1159,prior,5,2,16,18.0
8243,1159,prior,6,1,15,17.0
8244,1159,prior,7,2,10,11.0
8245,1159,prior,8,0,8,2.0
8246,1159,train,9,4,17,8.0
8247,1160,prior,1,1,13,
8248,1160,prior,2,3,11,18.0
8249,1160,prior,3,0,19,21.0
8250,1160,prior,4,6,17,21.0
8251,1160,prior,5,3,20,13.0
8252,1160,prior,6,6,21,19.0
8253,1160,prior,7,1,14,24.0
8254,1160,prior,8,0,7,9.0
8255,1160,prior,9,4,15,6.0
8256,1160,train,10,5,8,16.0
8257,1161,prior,1,0,13,
8258,1161,prior,2,1,13,3.0
8259,1161,prior,3,0,12,23.0
8260,1161,prior,4,4,21,2.0
8261,1161,train,5,5,18,27.0
8262,1162,prior,1,4,13,
8263,1162,prior,2,2,14,18.0
8264,1162,prior,3,5,15,18.0
8265,1162,prior,4,2,15,16.0
8266,1162,prior,5,1,21,4.0
8267,1162,train,6,5,17,4.0
8268,1163,prior,1,3,12,
8269,1163,prior,2,0,16,23.0
8270,1163,prior,3,6,16,18.0
8271,1163,prior,4,1,12,11.0
8272,1163,prior,5,3,7,8.0
8273,1163,train,6,0,10,6.0
8274,1164,prior,1,0,14,
8275,1164,prior,2,0,20,28.0
8276,1164,prior,3,6,14,25.0
8277,1164,prior,4,6,18,9.0
8278,1164,prior,5,2,8,3.0
8279,1164,train,6,0,9,25.0
8280,1165,prior,1,2,16,
8281,1165,prior,2,4,16,11.0
8282,1165,prior,3,1,13,11.0
8283,1165,prior,4,1,19,20.0
8284,1165,prior,5,5,21,28.0
8285,1165,train,6,0,11,26.0
8286,1166,prior,1,6,7,
8287,1166,prior,2,6,9,23.0
8288,1166,prior,3,5,15,4.0
8289,1166,prior,4,1,10,28.0
8290,1166,prior,5,3,16,23.0
8291,1166,prior,6,3,9,27.0
8292,1166,prior,7,2,11,5.0
8293,1166,prior,8,3,14,16.0
8294,1166,prior,9,5,16,16.0
8295,1166,train,10,5,13,28.0
8296,1167,prior,1,4,12,
8297,1167,prior,2,5,12,8.0
8298,1167,prior,3,1,21,27.0
8299,1167,prior,4,1,19,26.0
8300,1167,prior,5,4,7,10.0
8301,1167,prior,6,6,12,9.0
8302,1167,train,7,4,21,26.0
8303,1168,prior,1,1,21,
8304,1168,prior,2,6,8,4.0
8305,1168,prior,3,2,9,26.0
8306,1168,prior,4,1,7,29.0
8307,1168,prior,5,4,10,13.0
8308,1168,prior,6,2,16,23.0
8309,1168,prior,7,5,12,18.0
8310,1168,prior,8,1,7,22.0
8311,1168,prior,9,3,19,16.0
8312,1168,train,10,3,16,7.0
8313,1169,prior,1,0,10,
8314,1169,prior,2,6,15,24.0
8315,1169,prior,3,2,20,1.0
8316,1169,prior,4,1,19,7.0
8317,1169,prior,5,1,15,13.0
8318,1169,prior,6,1,17,2.0
8319,1169,prior,7,4,19,23.0
8320,1169,prior,8,5,18,16.0
8321,1169,prior,9,2,15,1.0
8322,1169,train,10,2,16,27.0
8323,1170,prior,1,6,10,
8324,1170,prior,2,1,14,23.0
8325,1170,prior,3,2,13,11.0
8326,1170,prior,4,3,9,7.0
8327,1170,train,5,4,11,13.0
8328,1171,prior,1,4,14,
8329,1171,prior,2,0,18,14.0
8330,1171,prior,3,0,21,9.0
8331,1171,prior,4,1,10,29.0
8332,1171,prior,5,1,12,9.0
8333,1171,prior,6,6,11,21.0
8334,1171,train,7,5,9,2.0
8335,1172,prior,1,5,15,
8336,1172,prior,2,6,7,14.0
8337,1172,prior,3,0,13,11.0
8338,1172,train,4,0,16,9.0
8339,1173,prior,1,0,7,
8340,1173,prior,2,6,13,27.0
8341,1173,prior,3,1,12,19.0
8342,1173,prior,4,0,19,3.0
8343,1173,prior,5,4,14,13.0
8344,1173,prior,6,2,8,27.0
8345,1173,prior,7,4,12,11.0
8346,1173,prior,8,5,9,25.0
8347,1173,prior,9,2,16,11.0
8348,1173,train,10,3,10,16.0
8349,1174,prior,1,2,17,
8350,1174,prior,2,4,11,15.0
8351,1174,prior,3,6,7,8.0
8352,1174,prior,4,2,10,2.0
8353,1174,prior,5,3,20,22.0
8354,1174,train,6,1,15,22.0
8355,1175,prior,1,0,21,
8356,1175,prior,2,5,19,13.0
8357,1175,prior,3,6,8,12.0
8358,1175,train,4,3,19,12.0
8359,1176,prior,1,6,13,
8360,1176,prior,2,6,16,4.0
8361,1176,prior,3,6,9,23.0
8362,1176,prior,4,1,20,5.0
8363,1176,prior,5,2,10,26.0
8364,1176,prior,6,1,20,20.0
8365,1176,prior,7,6,14,12.0
8366,1176,prior,8,3,18,19.0
8367,1176,train,9,3,8,11.0
8368,1177,prior,1,1,19,
8369,1177,prior,2,3,17,24.0
8370,1177,prior,3,4,14,2.0
8371,1177,prior,4,3,15,9.0
8372,1177,prior,5,2,7,21.0
8373,1177,prior,6,6,14,18.0
8374,1177,prior,7,5,10,26.0
8375,1177,prior,8,5,8,24.0
8376,1177,train,9,2,9,24.0
8377,1178,prior,1,5,15,
8378,1178,prior,2,5,10,14.0
8379,1178,prior,3,4,7,10.0
8380,1178,train,4,5,19,2.0
8381,1179,prior,1,4,12,
8382,1179,prior,2,2,18,10.0
8383,1179,prior,3,1,17,25.0
8384,1179,prior,4,5,8,13.0
8385,1179,prior,5,4,13,24.0
8386,1179,train,6,2,8,16.0
8387,1180,prior,1,2,17,
8388,1180,prior,2,6,18,10.0
8389,1180,prior,3,1,8,6.0
8390,1180,train,4,0,19,21.0
8391,1181,prior,1,2,16,
8392,1181,prior,2,0,20,24.0
8393,1181,prior,3,6,14,11.0
8394,1181,train,4,5,20,19.0
8395,1182,prior,1,5,18,
8396,1182,prior,2,0,18,6.0
8397,1182,prior,3,5,13,12.0
8398,1182,prior,4,0,15,11.0
8399,1182,prior,5,0,21,11.0
8400,1182,prior,6,6,18,22.0
8401,1182,prior,7,6,14,5.0
8402,1182,prior,8,3,20,21.0
8403,1182,train,9,5,8,6.0
8404,1183,prior,1,1,8,
8405,1183,prior,2,5,15,15.0
8406,1183,prior,3,6,16,2.0
8407,1183,prior,4,3,20,28.0
8408,1183,prior,5,2,19,10.0
8409,1183,train,6,2,21,26.0
8410,1184,prior,1,2,12,
8411,1184,prior,2,5,7,23.0
8412,1184,prior,3,6,10,15.0
8413,1184,prior,4,2,10,27.0
8414,1184,prior,5,2,13,29.0
8415,1184,prior,6,6,7,13.0
8416,1184,train,7,5,19,3.0
8417,1185,prior,1,3,18,
8418,1185,prior,2,4,13,18.0
8419,1185,prior,3,4,14,5.0
8420,1185,prior,4,6,9,23.0
8421,1185,train,5,0,21,17.0
8422,1186,prior,1,0,9,
8423,1186,prior,2,4,15,15.0
8424,1186,prior,3,6,21,9.0
8425,1186,prior,4,0,10,5.0
8426,1186,train,5,3,11,9.0
8427,1187,prior,1,5,12,
8428,1187,prior,2,4,12,18.0
8429,1187,prior,3,3,12,25.0
8430,1187,prior,4,3,12,25.0
8431,1187,train,5,2,14,15.0
8432,1188,prior,1,5,19,
8433,1188,prior,2,2,13,26.0
8434,1188,prior,3,2,14,2.0
8435,1188,prior,4,0,14,26.0
8436,1188,prior,5,2,20,1.0
8437,1188,train,6,1,20,14.0
8438,1189,prior,1,1,12,
8439,1189,prior,2,6,15,13.0
8440,1189,prior,3,2,20,11.0
8441,1189,train,4,3,16,27.0
8442,1190,prior,1,6,12,
8443,1190,prior,2,3,17,1.0
8444,1190,prior,3,4,15,21.0
8445,1190,prior,4,4,10,2.0
8446,1190,prior,5,4,21,8.0
8447,1190,prior,6,2,15,22.0
8448,1190,prior,7,5,18,5.0
8449,1190,train,8,5,11,16.0
8450,1191,prior,1,4,9,
8451,1191,prior,2,0,11,12.0
8452,1191,prior,3,3,21,21.0
8453,1191,prior,4,6,14,10.0
8454,1191,prior,5,2,13,25.0
8455,1191,train,6,4,8,11.0
8456,1192,prior,1,3,10,
8457,1192,prior,2,0,19,6.0
8458,1192,prior,3,3,12,17.0
8459,1192,prior,4,5,12,22.0
8460,1192,prior,5,2,12,7.0
8461,1192,prior,6,5,20,18.0
8462,1192,prior,7,6,15,25.0
8463,1192,prior,8,4,14,17.0
8464,1192,prior,9,3,12,17.0
8465,1192,train,10,6,9,22.0
8466,1193,prior,1,2,9,
8467,1193,prior,2,2,14,1.0
8468,1193,prior,3,1,10,2.0
8469,1193,prior,4,4,12,27.0
8470,1193,train,5,6,21,18.0
8471,1194,prior,1,5,20,
8472,1194,prior,2,3,9,28.0
8473,1194,prior,3,6,20,17.0
8474,1194,prior,4,1,9,23.0
8475,1194,prior,5,4,14,9.0
8476,1194,train,6,1,11,8.0
8477,1195,prior,1,3,16,
8478,1195,prior,2,5,14,22.0
8479,1195,prior,3,0,14,10.0
8480,1195,prior,4,0,11,11.0
8481,1195,prior,5,4,9,9.0
8482,1195,prior,6,1,8,12.0
8483,1195,train,7,3,7,21.0
8484,1196,prior,1,0,12,
8485,1196,prior,2,4,14,11.0
8486,1196,prior,3,5,21,2.0
8487,1196,prior,4,2,14,16.0
8488,1196,prior,5,3,12,23.0
8489,1196,prior,6,1,7,1.0
8490,1196,prior,7,6,14,12.0
8491,1196,train,8,2,15,13.0
8492,1197,prior,1,6,20,
8493,1197,prior,2,1,11,16.0
8494,1197,prior,3,4,12,11.0
8495,1197,prior,4,1,10,28.0
8496,1197,prior,5,2,12,13.0
8497,1197,prior,6,3,8,4.0
8498,1197,train,7,6,7,4.0
8499,1198,prior,1,6,9,
8500,1198,prior,2,4,10,11.0
8501,1198,prior,3,5,19,10.0
8502,1198,prior,4,5,8,19.0
8503,1198,prior,5,5,19,22.0
8504,1198,train,6,0,21,11.0
8505,1199,prior,1,2,18,
8506,1199,prior,2,3,13,8.0
8507,1199,prior,3,6,11,3.0
8508,1199,train,4,3,12,15.0
8509,1200,prior,1,6,9,
8510,1200,prior,2,1,14,14.0
8511,1200,prior,3,1,13,7.0
8512,1200,train,4,3,12,11.0
